tile_uid,rock_abundance
0,0.0037727274466305
1,0.0048154764808714
3,0.0071983472444117
4,0.002583333523944
5,0.0059374999254941
6,0.0170416682958602
8,0.0087884617969393
10,0.0044431816786527
11,0.0044318181462585
12,0.0041666668839752
13,0.0059090913273394
14,0.0079454546794295
15,0.0034062499180436
16,0.0023227273486554
18,0.0032166666351258
19,0.0070762704126536
20,0.0038315791171044
21,0.0050570182502269
22,0.0047738095745444
23,0.0106730768457055
25,0.002008264651522
26,0.0026071430183947
29,0.007436363492161
30,0.0202023833990097
34,0.0041818185709416
36,0.0169838722795248
37,0.0110576916486024
40,0.0073712123557925
42,0.0030000002589076
43,0.0379939414560794
44,0.0029817353934049
45,0.0091411061584949
47,0.0034393942914903
49,0.0387846194207668
50,0.0041818185709416
52,0.0087416665628552
54,0.0024715908803045
55,0.0047575756907463
56,0.0041487608104944
57,0.0101444441825151
59,0.037818182259798
60,0.0031488097738474
62,0.0036481481511145
63,0.0067525245249271
68,0.0069551286287605
69,0.0076942155137658
70,0.0070000002160668
71,0.0094087291508913
72,0.0054166666232049
74,0.0046011903323233
76,0.0042083337903022
77,0.0096439393237233
79,0.005767676513642
80,0.0140748675912618
81,0.0046250000596046
82,0.0025438596494495
86,0.0068030306138098
89,0.0043006995692849
91,0.0134861124679446
93,0.0469999983906745
95,0.0143888890743255
96,0.0046018520370125
98,0.0088910264894366
99,0.0041136369109153
100,0.0050000003539025
101,0.0137291671708226
102,0.0020606063771992
107,0.0054242424666881
109,0.0051445090211927
111,0.0049090906977653
112,0.004878788255155
114,0.0060227280482649
116,0.0028636364731937
117,0.0036833328194916
118,0.0063368980772793
119,0.0043806820176541
120,0.0070320521481335
122,0.0063030300661921
123,0.004615384619683
124,0.0165909100323915
126,0.0062892157584428
128,0.0112045463174581
129,0.0052828290499746
131,0.0067272735759615
133,0.0039852941408753
134,0.0029345240909606
136,0.0037430557422339
140,0.0045314687304198
141,0.0044297520071268
142,0.0059291669167578
143,0.0116038955748081
144,0.0036590911913663
145,0.0061515155248343
147,0.0041074380278587
149,0.0083291931077837
150,0.0033958333078771
151,0.0050434786826372
152,0.0051404954865574
153,0.0298690479248762
154,0.0071238945238292
155,0.0040303035639226
156,0.0226363632827997
157,0.0034848484210669
158,0.01819091103971
160,0.0068961041979491
164,0.0047727264463901
168,0.0148055553436279
170,0.0167878791689872
171,0.0040151514112949
172,0.0180945936590433
173,0.0041818181052803
174,0.0262272749096155
176,0.0086256684735417
177,0.0060060606338083
179,0.0111031737178564
181,0.0068130842410027
182,0.0036060609854757
183,0.004510489758104
184,0.0041287881322205
185,0.0061363643035292
187,0.0442627742886543
189,0.0030196080915629
190,0.0044861114583909
191,0.0042222221381962
194,0.0090491808950901
195,0.0051000006496906
196,0.0028333333320915
198,0.0151487598195672
199,0.0149999996647238
200,0.0051666665822267
201,0.0060303038917481
202,0.0059090908616781
203,0.006842425558716
207,0.0134333334863185
208,0.0033511905930936
211,0.010250000283122
212,0.0046891891397535
213,0.0044651166535913
214,0.0070636360906064
217,0.0173801649361848
218,0.0047424244694411
219,0.0116298701614141
220,0.0028872550465166
221,0.0057666664943099
222,0.0092323245480656
223,0.0089166667312383
225,0.0042613637633621
228,0.0032424249220639
231,0.0036333331372588
232,0.0078181819990277
233,0.0143140498548746
234,0.0040378789417445
235,0.0053680557757616
236,0.0050573768094182
238,0.0083910264074802
240,0.0084710754454135
241,0.0094159292057156
244,0.0029090910684317
245,0.0219310354441404
246,0.0048787877894937
247,0.0065092598088085
248,0.0038311691023409
250,0.0044807693921029
254,0.0044454545713961
255,0.0058177569881081
256,0.0535404048860073
259,0.0041298707947134
260,0.0101983472704887
261,0.0047465753741562
262,0.0082583324983716
263,0.0054519232362508
264,0.0110892858356237
265,0.0065462966449558
267,0.0036203707568347
269,0.0037954549770802
270,0.0160931386053562
271,0.0032166668679565
272,0.0045252526178956
273,0.0077676768414676
274,0.0041909092105925
275,0.0076205357909202
276,0.0037361960858106
277,0.0042055551894009
280,0.0027482521254569
281,0.0105656562373042
282,0.0043157897889614
283,0.0150781264528632
285,0.0076727275736629
287,0.0543437488377094
288,0.0061136363074183
289,0.006815068423748
290,0.0111666675657033
291,0.0030615385621786
292,0.0094019137322902
295,0.00355757586658
296,0.0045384620316326
297,0.0054517546668648
298,0.0039807697758078
299,0.0049375002272427
300,0.00840909127146
304,0.0024285716935992
305,0.0059292931109666
306,0.0091666672378778
307,0.0193636380136013
309,0.0059256199747323
310,0.0237023793160915
312,0.0172916688024997
313,0.0035982907284051
316,0.0059909089468419
317,0.0044749998487532
318,0.0033000002149492
319,0.0080909086391329
320,0.0086780823767185
323,0.0051909089088439
324,0.0070416666567325
325,0.0040757581591606
327,0.0058181821368634
330,0.0115454560145735
331,0.0048484848812222
332,0.0053030299022793
333,0.0039944443851709
334,0.0021805558353662
335,0.0046666669659316
338,0.0030909096822142
339,0.0083257583901286
346,0.0035750002134591
347,0.0067976186983287
348,0.0090208332985639
349,0.0045303031802177
350,0.0090694446116685
351,0.0042727272957563
354,0.0037622381933033
356,0.0111428583040833
357,0.0257575754076242
358,0.0126547627151012
359,0.0036325303371995
360,0.0033695655874907
361,0.0050757573917508
363,0.0042954548262059
364,0.0125075755640864
365,0.0267142839729785
366,0.0064333332702517
369,0.0164909102022647
371,0.0062291668727993
372,0.0037678573280572
373,0.0066770836710929
374,0.0046770833432674
376,0.012190475128591
377,0.0095454538241028
378,0.0063888886943459
380,0.0045194807462394
381,0.0043461536988615
383,0.0047762240283191
385,0.0067575760185718
386,0.015482953749597
388,0.0061250003054738
391,0.010388889349997
392,0.0030454548541456
394,0.0047979797236621
395,0.0038181822746992
396,0.0071791666559875
400,0.0041515156626701
401,0.0043833334930241
402,0.0104666668921709
403,0.0048703704960644
404,0.004755319096148
405,0.0032598043326288
406,0.0153223136439919
409,0.0035595241934061
411,0.0042954548262059
412,0.0044132228940725
413,0.0065944055095314
414,0.0065303039737045
415,0.0042909090407192
417,0.0070277783088386
418,0.0038712124805897
419,0.0032121210824698
420,0.0109487175941467
421,0.0064358972012996
422,0.0085512828081846
423,0.0063796299509704
424,0.0087777776643633
425,0.002757575828582
426,0.0028928571846336
427,0.057636372745037
429,0.0405208356678485
432,0.0036459332332015
433,0.0064040403813123
439,0.0053750001825392
441,0.0049829548224806
442,0.0095289265736937
443,0.0315347239375114
444,0.0039545455947518
445,0.010899999178946
446,0.0065833339467644
448,0.0046190479770302
449,0.0029510492458939
450,0.0062500005587935
455,0.0064295311458408
457,0.0060714287683367
458,0.0038373207207769
459,0.0039666667580604
460,0.0528506487607955
461,0.0081851854920387
462,0.0077348486520349
463,0.0072361114434897
465,0.0094322925433516
466,0.0041777775622904
467,0.0041250004433095
468,0.0045909089967608
472,0.0250138901174068
473,0.0033333338797092
476,0.0037676766514778
477,0.0064117652364075
478,0.0042954548262059
479,0.0060902778059244
480,0.0045668445527553
481,0.0492619052529335
483,0.0031893940176814
485,0.0227899998426437
487,0.0114791681990027
489,0.0191888883709907
490,0.0038284314796328
491,0.0039421482942998
493,0.0026354168076068
496,0.0039151515811681
497,0.0087051289156079
498,0.0128636369481682
499,0.0031063833739608
501,0.0037373739760369
502,0.0041908393613994
503,0.0030625003855675
508,0.0059895836748182
510,0.0208842977881431
512,0.0063232327811419
514,0.020022727549076
515,0.0070363637059926
516,0.0050364583730697
519,0.0079393945634365
520,0.0092812497168779
521,0.0100454548373818
522,0.0033030302729457
523,0.0062070712447166
527,0.0031748251058161
529,0.003452381119132
530,0.0048781726509332
531,0.0041064815595746
533,0.0061538461595773
536,0.0070256413891911
537,0.0076272725127637
538,0.0088896108791232
539,0.0046149734407663
540,0.0073454552330076
541,0.0043484852649271
542,0.0114930551499128
543,0.0042291670106351
546,0.0043846159242093
547,0.0067196968011558
549,0.016552448272705
550,0.0027368422597646
551,0.0081590916961431
552,0.0070958086289465
553,0.0089160846546292
554,0.0125454552471637
555,0.007743801921606
556,0.0036363638937473
558,0.0035944054834544
559,0.0041212122887372
560,0.0061306823045015
561,0.0052396692335605
562,0.0109739135950803
564,0.0042777783237397
566,0.0034375004470348
567,0.0034090913832187
573,0.0244772750884294
574,0.0025215314235538
577,0.0039656865410506
578,0.007443182170391
579,0.0042708334513008
580,0.0033819447271525
581,0.0051031750626862
584,0.0061774188652634
585,0.0107500003650784
586,0.0067647062242031
587,0.0072499993257224
588,0.0060200002044439
589,0.0106319449841976
590,0.0044047618284821
592,0.0063653849065303
593,0.0049717514775693
594,0.0040000001899898
595,0.0133863631635904
597,0.0255887098610401
600,0.0075130434706807
603,0.0070500005967915
604,0.004118881188333
606,0.0091212121769785
607,0.0058541665785014
609,0.0061290320008993
611,0.0144743584096431
613,0.0081287883222103
614,0.0036359650548547
616,0.0038809524849057
619,0.0068602147512137
621,0.0108741261065006
623,0.0066859503276646
624,0.0061875004321336
625,0.0041041667573153
626,0.0115454560145735
627,0.0031735538505017
628,0.0146833341568708
629,0.0041692308150231
630,0.0043333335779607
631,0.0039222221821546
632,0.0040083331987261
634,0.004553030245006
636,0.0044090915471315
639,0.0211354177445173
640,0.0043630953878164
642,0.0027166667860001
645,0.0043404255993664
647,0.0059047620743513
648,0.0160757582634687
650,0.0365129895508289
651,0.0047638886608183
652,0.0070909089408814
653,0.0038373207207769
654,0.0042459894903004
655,0.0028472223784774
656,0.0027009802870452
657,0.0066474364139139
661,0.0105151515454053
662,0.0038852458819746
665,0.0046767676249146
668,0.0037896826397627
669,0.0030648144893348
670,0.0038181827403604
672,0.0059318183921277
673,0.0125537188723683
674,0.0045944056473672
675,0.0057482519187033
677,0.0166969690471887
680,0.0058333333581686
681,0.026540108025074
682,0.0197670459747314
684,0.0279038473963737
685,0.0076737971976399
688,0.0046124034561216
689,0.0062500000931322
690,0.0041041672229766
691,0.0048578432761132
692,0.0058106058277189
694,0.0040606060065329
695,0.0127412592992186
696,0.0109427319839596
697,0.0033106061164289
699,0.0054401708766818
700,0.0064675328321754
701,0.0037405407056212
702,0.0049151512794196
703,0.0056578950025141
704,0.0039173550903797
709,0.0054408605210483
711,0.0038512398023158
712,0.0077373748645186
713,0.0023289474193006
715,0.0043181823566555
717,0.0046089747920632
718,0.0031328671611845
720,0.0050699301064014
721,0.0036944448947906
722,0.0044166669249534
723,0.0310495905578136
724,0.003400000045076
726,0.0062878793105483
728,0.0067777782678604
729,0.0085833333432674
730,0.0192261915653944
732,0.0065950416028499
733,0.007658333517611
734,0.0098181823268532
735,0.0045333337038755
736,0.0113771921023726
738,0.0054049589671194
739,0.0439111143350601
741,0.0073333336040377
742,0.0162962954491376
744,0.0060806456021964
746,0.0035721927415579
747,0.003019138937816
749,0.0030833333730697
750,0.004032467957586
752,0.0187402609735727
753,0.0077424249611794
754,0.0023766234517097
759,0.0364805236458778
760,0.0064821429550647
761,0.0047254902310669
762,0.0051309517584741
763,0.0034444443881511
764,0.0087500009685754
765,0.010974358767271
766,0.0054722223430871
767,0.0068333339877426
768,0.007634615059942
769,0.0030992063693702
770,0.0033076924737542
771,0.0069090910255908
774,0.0027651519048959
775,0.0127107435837388
776,0.013068183325231
778,0.0035416667815297
779,0.0076704546809196
780,0.0087954550981521
781,0.0064278077334165
782,0.0060779224149882
783,0.0050775865092873
784,0.008475936949253
785,0.0163863636553287
786,0.0030268458649516
787,0.0059753088280558
788,0.0061030299402773
789,0.010396827943623
790,0.0022750000935047
791,0.0031666669528931
792,0.0045909094624221
793,0.001966887852177
794,0.0042196973226964
795,0.0201666671782732
797,0.0115785719826817
798,0.0204318184405565
800,0.0043750000186264
801,0.0043673468753695
802,0.0040965913794934
803,0.0180757585912942
804,0.0077999997884035
806,0.0034629628062248
807,0.0233939420431852
808,0.004242424853146
809,0.0023722224868834
810,0.0044545456767082
813,0.0040593221783638
814,0.017551515251398
815,0.0032549020834267
816,0.007208333350718
818,0.0056388890370726
819,0.0055656572803854
821,0.004111111164093
822,0.0033333336468786
823,0.0068749994970858
824,0.0026666671037673
826,0.0151025652885437
827,0.0133030302822589
828,0.0058229169808328
829,0.0034318184480071
830,0.008793388493359
831,0.0035500000230968
832,0.0175454560667276
834,0.0039752065204083
835,0.0069712926633656
836,0.0121056335046887
837,0.0055878791026771
839,0.0069629638455808
841,0.0150340907275676
842,0.0026872246526181
844,0.0153896128758788
845,0.0025041324552148
846,0.0097142858430743
847,0.0030714289750903
848,0.0197851248085498
850,0.0143333338201045
851,0.0098712118342518
852,0.005729166790843
853,0.040365383028984
854,0.0098782060667872
855,0.0029999997932463
856,0.0041083334945142
858,0.0044825174845755
859,0.0102987019345164
860,0.0103939389809966
861,0.0047738095745444
863,0.0025363636668771
864,0.0074823535978794
865,0.0064876028336584
866,0.0066616162657737
867,0.0070151514373719
868,0.0090249991044402
869,0.0171060599386692
870,0.0091010108590126
871,0.0030392156913876
872,0.0058702295646071
873,0.0030378790106624
874,0.0077909096144139
875,0.0087878797203302
876,0.0044363639317452
877,0.0053787883371114
878,0.0041499999351799
879,0.0079469699412584
881,0.0116742430254817
882,0.0044681821018457
885,0.013288770802319
886,0.0048431372269988
887,0.0154444454237818
888,0.0037638891953974
889,0.0054968153126537
891,0.0054305549710989
892,0.0096749998629093
893,0.0108522726222872
894,0.0083525637164711
896,0.0033541668672114
897,0.0042592589743435
898,0.0026721311733126
899,0.003413223195821
900,0.0034224598202854
901,0.0037777780089527
902,0.0036499998532235
903,0.0030125002376735
904,0.0361726209521293
905,0.0062402598559856
908,0.0025855265557765
909,0.0127222221344709
910,0.004994791932404
911,0.0078888889402151
913,0.0041914894245564
914,0.032988891005516
915,0.0049127517268061
917,0.0029939394444227
918,0.0029722223989665
920,0.0184393934905529
922,0.008810605853796
923,0.0039457366801798
924,0.0060681817121803
925,0.0159462373703718
926,0.0028691983316093
927,0.0513666681945323
928,0.007139534689486
929,0.0070049026980996
933,0.0147870378568768
934,0.0120572922751307
935,0.0368030294775962
936,0.0023627453483641
937,0.0029090913012623
940,0.0102592594921588
941,0.003070707200095
942,0.0065984851680696
944,0.0323750041425228
945,0.0022937064059078
946,0.0028974362649023
947,0.0040119048207998
948,0.0073666665703058
949,0.0104214875027537
951,0.0100555559620261
954,0.006190909538418
955,0.0034958680626004
956,0.0058787879534065
957,0.003868686966598
958,0.0107685960829257
959,0.0054215691052377
960,0.0048257582820951
961,0.0035606061574071
963,0.0125454543158411
965,0.0091454545035958
969,0.0031388888601213
972,0.0049602277576923
973,0.0077076922170817
974,0.0185371916741132
977,0.0051818178035318
980,0.0040448722429573
982,0.0076742423698306
983,0.004993506707251
985,0.0031313132494688
987,0.0036470589693635
988,0.0278939399868249
990,0.0259375013411045
991,0.0028128346893936
993,0.0094166668131947
994,0.0118119670078158
995,0.0218437518924474
996,0.0036136368289589
997,0.011202797293663
999,0.0062440196052193
1000,0.0091893943026661
1002,0.020371213555336
1003,0.0050705126486718
1005,0.003000000026077
1006,0.0081468541175127
1007,0.0035537190269678
1011,0.0053611109033226
1014,0.0407644249498844
1016,0.0059090908616781
1017,0.0032102272380143
1020,0.0361298695206642
1021,0.0091742426156997
1023,0.0130694443359971
1024,0.0037962961941957
1025,0.0068727266043424
1026,0.0363333374261856
1027,0.0130909094586968
1028,0.0050156251527369
1029,0.007721590809524
1030,0.0043232324533164
1031,0.0027593583799898
1034,0.0040897438302636
1035,0.0074861114844679
1038,0.0265625026077032
1039,0.0032121210824698
1040,0.0067159100435674
1041,0.0025050507392734
1042,0.0222430564463138
1043,0.0066704545170068
1046,0.0043057855218648
1048,0.0026666671037673
1049,0.0031583334784954
1050,0.0076180566102266
1051,0.004064935259521
1052,0.0059490744024515
1055,0.0042055551894009
1056,0.0030139863956719
1057,0.0103146862238645
1059,0.0028068968094885
1060,0.0127929290756583
1061,0.0160606075078248
1062,0.0115219317376613
1063,0.0099999997764825
1069,0.0063333334401249
1070,0.0113116865977644
1071,0.0135681815445423
1074,0.0039947917684912
1075,0.0043712123297154
1077,0.0031666669528931
1079,0.0070743802934885
1080,0.0146848494186997
1084,0.0037386366166174
1085,0.0056369043886661
1086,0.0069580427370965
1087,0.0041805561631917
1088,0.0036103895399719
1089,0.0039074071682989
1091,0.004643939435482
1094,0.0043257577344775
1095,0.0029909091535955
1096,0.0045916666276752
1098,0.0037023811601102
1099,0.0026706350035965
1100,0.0024605263024568
1101,0.0068802088499069
1103,0.0022819384466856
1104,0.0438295491039752
1105,0.006309091579169
1106,0.0171527788043022
1108,0.0029636365361511
1109,0.0035833336878567
1110,0.0050555560737848
1114,0.0040095695294439
1115,0.007587962783873
1116,0.0075537194497883
1118,0.0081978607922792
1119,0.0170082654803991
1120,0.0027851241175085
1125,0.0051883119158446
1126,0.006713286973536
1130,0.0040055559948086
1132,0.0038074867334216
1133,0.0036484852898865
1134,0.0063472227193415
1136,0.0026515154168009
1138,0.0023425926920026
1142,0.0051000011153519
1146,0.0169090926647186
1147,0.0033852462656795
1148,0.0043787881731987
1149,0.0048636365681886
1150,0.0041931821033358
1153,0.0033515153918415
1154,0.0037142855580896
1156,0.0110750002786517
1158,0.0045333337038755
1160,0.0094818193465471
1161,0.0108088226988911
1164,0.0071145840920507
1165,0.0070349653251469
1166,0.0027662338688969
1167,0.0059421490877866
1168,0.0048939394764602
1170,0.0084710754454135
1171,0.0024416665546596
1172,0.0035649351775646
1173,0.0034462807234376
1174,0.004327381029725
1176,0.030621213838458
1177,0.0065113636665046
1178,0.0044025974348187
1179,0.0078125
1181,0.0065818186849355
1182,0.0071900826878845
1186,0.0067738094367086
1188,0.0196666680276393
1190,0.0034285713918507
1191,0.0054513895884156
1192,0.0040069445967674
1193,0.0083706295117735
1194,0.0104463519528508
1195,0.0044363639317452
1198,0.0023090909235179
1199,0.0103146852925419
1200,0.0043397438712418
1203,0.005715278442949
1204,0.0061948052607476
1208,0.0027272729203104
1212,0.0126818185672163
1213,0.0022916668094694
1216,0.0033787882421165
1218,0.0092424256727099
1220,0.0053928573615849
1221,0.0107902092859148
1224,0.0087107438594102
1225,0.0062363636679947
1226,0.0115681812167167
1227,0.0076153841800987
1228,0.0041410257108509
1229,0.0112138371914625
1230,0.0067727272398769
1232,0.0056742425076663
1234,0.015678571537137
1236,0.0040128207765519
1237,0.0036818184889853
1239,0.0065944446250796
1241,0.0174333341419696
1242,0.0085902772843837
1243,0.0094666657969355
1245,0.0091157024726271
1247,0.0044015147723257
1248,0.0027734376490116
1251,0.0105151515454053
1253,0.0041168835014104
1254,0.0035740744788199
1256,0.0107424249872565
1258,0.0037587718106806
1260,0.0058500003069639
1262,0.0043155080638825
1263,0.0063444981351494
1264,0.0047016129828989
1266,0.01169697009027
1267,0.0040991739369928
1268,0.003947916906327
1269,0.0030090908985584
1270,0.0062142857350409
1271,0.0052916668355464
1272,0.0070793647319078
1273,0.0042929290793836
1274,0.0064523816108703
1275,0.0093106068670749
1276,0.0072272731922566
1277,0.0029882353264838
1278,0.0065909097902476
1281,0.0041752578690648
1282,0.0029166666790843
1285,0.0072954553179442
1287,0.0072803026996552
1288,0.0059361699968576
1289,0.0048690475523471
1290,0.0096346158534288
1291,0.0098611116409301
1292,0.0050113634206354
1294,0.0060404040850698
1295,0.0279583372175693
1298,0.0045944447629153
1299,0.0040765549056231
1300,0.0042447918094694
1301,0.01492500025779
1303,0.0074331541545689
1304,0.0030454548541456
1305,0.0068452381528913
1308,0.0032469136640429
1309,0.0100000007078051
1310,0.0137708336114883
1311,0.0067500006407499
1313,0.0076944446191191
1314,0.002824073890224
1316,0.0040000001899898
1317,0.0087380958721041
1318,0.0062242429703474
1320,0.0043397438712418
1321,0.0027012987993657
1324,0.0073333331383764
1325,0.0025939396582543
1328,0.005021390505135
1329,0.0061870976351201
1330,0.0031909092795103
1331,0.0039924243465065
1332,0.0059757577255368
1335,0.032254546880722
1338,0.0053838384337723
1339,0.0023131314665079
1340,0.013625000603497
1342,0.0104415584355592
1344,0.0034814816899597
1345,0.0077676773071289
1346,0.004242424853146
1347,0.0022636365611106
1350,0.0034318184480071
1353,0.0091126766055822
1355,0.0236736126244068
1356,0.0042500002309679
1357,0.0065524480305612
1358,0.0059583326801657
1359,0.0055737700313329
1360,0.0018636363092809
1362,0.0025909091345965
1363,0.0058677685447037
1364,0.0056923078373074
1366,0.0077222222462296
1368,0.0176530610769987
1369,0.0213560629636049
1370,0.0040781251154839
1371,0.0038251751102507
1372,0.0136486487463116
1373,0.0043499995954334
1374,0.0085238106548786
1375,0.0033106063492596
1377,0.004795454442501
1378,0.0113214300945401
1379,0.0034969698172062
1380,0.0092727281153202
1381,0.0100902784615755
1382,0.0162396691739559
1383,0.0033333331812173
1386,0.092136912047863
1388,0.0040909089148044
1390,0.0043636360205709
1392,0.006161615718156
1395,0.0029696973506361
1396,0.0042976192198693
1398,0.0064090909436345
1399,0.0073496513068675
1401,0.0070303026586771
1404,0.0043454547412693
1406,0.0238125026226043
1408,0.0046910569071769
1410,0.0049772732891142
1411,0.0097481478005647
1413,0.0028166668489575
1414,0.0033257578033953
1415,0.0048461542464792
1417,0.0038661416620016
1418,0.0044294875115156
1419,0.0037424247711896
1420,0.0051538464613258
1421,0.0038787878584116
1422,0.0093710692599415
1423,0.0073030302301049
1425,0.0072870375588536
1426,0.0043636364862322
1427,0.0084351850673556
1429,0.0033869051840156
1430,0.0042139035649597
1431,0.0035454551689326
1432,0.0175916664302349
1434,0.0034761908464133
1435,0.0119060780853033
1436,0.0034429826773703
1437,0.0020833334419876
1438,0.0034272726625204
1440,0.0035357142332941
1441,0.0032371799461543
1442,0.0557272769510746
1444,0.0070307017304003
1445,0.0109319714829325
1446,0.011440560221672
1448,0.0225046295672655
1451,0.0070620155893266
1452,0.007469696458429
1455,0.0286783203482627
1456,0.0197797641158103
1457,0.0038181818090379
1458,0.0045606065541505
1460,0.0082916663959622
1462,0.0063145165331661
1464,0.0036136368289589
1465,0.023791667073965
1466,0.0070312502793967
1467,0.0032396693713963
1468,0.0076025649905204
1470,0.0067971013486385
1472,0.0081888111308217
1476,0.0047777784056961
1477,0.0034777778200805
1482,0.0035462963860481
1483,0.0029333333950489
1485,0.0140852276235818
1487,0.0032159097027033
1488,0.0133750000968575
1491,0.0056212130002677
1496,0.0044214879162609
1497,0.0060661155730485
1501,0.0059791672974824
1502,0.0051160720176994
1505,0.0102037033066153
1506,0.0034305558074265
1507,0.0140000013634562
1509,0.0060160425491631
1510,0.013296297751367
1512,0.0052818180993199
1514,0.0040166666731238
1515,0.0119999991729855
1517,0.0025757579132914
1520,0.0058796308003365
1521,0.0040000001899898
1522,0.0061488095670938
1523,0.0028421052265912
1524,0.0035924369003623
1525,0.0035260419826954
1528,0.0077179493382573
1529,0.0048000002279877
1530,0.0034242428373545
1531,0.0066716424189507
1533,0.0091538466513156
1534,0.0057972026988863
1535,0.005983471404761
1536,0.0048251752741634
1539,0.0239473693072795
1541,0.0034259259700775
1542,0.0054242420010268
1543,0.0069870133884251
1546,0.0042222226038575
1547,0.0109523795545101
1548,0.0070559442974627
1550,0.0089656868949532
1551,0.0137878805398941
1552,0.0091722225770354
1554,0.0048441560938954
1555,0.0048076924867928
1556,0.0120427822694182
1558,0.0069636367261409
1559,0.0038958336226642
1560,0.0042484845034778
1563,0.0044102570973336
1564,0.0114935906603932
1565,0.0041197915561497
1567,0.0042166663333773
1568,0.0046565663069486
1569,0.0061197187751531
1571,0.0037222222890704
1572,0.0135526321828365
1573,0.0070909089408814
1574,0.0034499999601393
1576,0.0021089743822813
1577,0.0137307709082961
1578,0.0060535720549523
1579,0.0040438598953187
1584,0.0043444442562758
1585,0.0036212122067809
1586,0.0031103899236768
1587,0.004700000397861
1588,0.0040151514112949
1590,0.0129175260663032
1592,0.0020833336748182
1593,0.0076458337716758
1594,0.0056590912863612
1598,0.0057371803559362
1599,0.0144947916269302
1600,0.0058750002644956
1601,0.0038796295411884
1602,0.008882813155651
1603,0.002686868654564
1607,0.0046818191185593
1608,0.0074260872788727
1609,0.0079513899981975
1610,0.0069545451551675
1611,0.0268636364489793
1612,0.0046458337455987
1614,0.0077592604793608
1615,0.0023177571129053
1616,0.0047847223468124
1619,0.0024555558338761
1620,0.0065555558539927
1623,0.0113888895139098
1624,0.0058333338238298
1626,0.040770836174488
1627,0.0096643352881073
1628,0.0050378791056573
1630,0.0050784312188625
1631,0.0093214288353919
1632,0.005515151657164
1635,0.0043333331122994
1636,0.0033636367879807
1637,0.0042628869414329
1638,0.0050408164970576
1643,0.0063357665203511
1646,0.0067708338610827
1647,0.0038809524849057
1649,0.0114385019987821
1650,0.0071168830618262
1653,0.0037412589881569
1656,0.0038939397782087
1657,0.0102575765922665
1658,0.0133055560290813
1659,0.0061313132755458
1660,0.005533333402127
1661,0.0111103905364871
1664,0.0032333333510905
1665,0.0023589746560901
1668,0.0078593753278255
1669,0.0021090912632644
1670,0.0451150499284267
1671,0.0060769231058657
1672,0.0046666669659316
1673,0.0069583337754011
1675,0.0071999998763203
1676,0.0062051285058259
1678,0.0066822916269302
1680,0.0033240739721804
1681,0.0092738103121519
1683,0.0031818184070289
1684,0.0078028845600783
1685,0.0040957448072731
1686,0.0199871808290481
1687,0.010463542304933
1689,0.0266726221889257
1690,0.0073636369779706
1692,0.0042561986483633
1695,0.009071429260075
1698,0.0081272721290588
1699,0.0069230771623551
1700,0.0038242426235228
1704,0.0067499997094273
1705,0.0034868419170379
1706,0.0251060612499713
1707,0.0042513371445238
1711,0.0047656246460974
1713,0.0075499997474253
1714,0.0065174824558198
1715,0.0062848483212292
1716,0.0074380170553922
1720,0.0118250008672475
1721,0.0061818184331059
1723,0.0065561500377953
1724,0.0226250011473894
1725,0.006491667125374
1726,0.0032500002998858
1727,0.0075075761415064
1728,0.0058716582134366
1730,0.0085568185895681
1731,0.0031570247374475
1733,0.0724944397807121
1734,0.0060178572311997
1735,0.007130769547075
1736,0.0022388892248272
1737,0.0098409093916416
1738,0.0036319447681307
1741,0.0032083331607282
1743,0.0048727272078394
1745,0.0032107841689139
1746,0.0053095240145921
1747,0.0032769234385341
1750,0.0032722221221774
1752,0.005113095510751
1753,0.0023238637950271
1754,0.0103333331644535
1755,0.0018321679672226
1756,0.00652272766456
1757,0.0029436622280627
1758,0.0046515152789652
1760,0.0107638891786336
1761,0.0165808107703924
1762,0.0048392852768301
1763,0.0134814819321036
1764,0.0056761368177831
1765,0.0058402372524142
1767,0.0043398695997893
1768,0.0032966507133096
1769,0.0042727277614176
1770,0.0040666665881872
1771,0.0287666674703359
1772,0.0066136363893747
1773,0.0044333329424262
1774,0.0033796299248933
1775,0.004239669535309
1779,0.0254973303526639
1781,0.0063954545184969
1782,0.0041000000201165
1783,0.0064953709952533
1785,0.0043511907570064
1787,0.0093806823715567
1789,0.0105147054418921
1790,0.0034416667185723
1792,0.0091244243085384
1793,0.0250213891267776
1795,0.0127499997615814
1798,0.0058909100480377
1801,0.0121845230460166
1804,0.0181527808308601
1805,0.0285606067627668
1806,0.0042628208175301
1807,0.0033680559135973
1808,0.0037348486948758
1811,0.0043363641016185
1814,0.0210681837052106
1816,0.022951390594244
1818,0.0156136350706219
1822,0.0074388887733221
1823,0.0032023813109844
1825,0.0191983487457036
1826,0.0037454548291862
1828,0.0260833352804183
1830,0.009474747814238
1832,0.0041749998927116
1835,0.0042587420903146
1840,0.0034183007664978
1841,0.0049256198108196
1845,0.0046388893388211
1849,0.0031136365141719
1850,0.0028727278113365
1851,0.0075034969486296
1852,0.00404958659783
1853,0.0053750001825392
1854,0.0033409094903618
1855,0.009343434125185
1857,0.005729166790843
1858,0.0036791448947042
1862,0.0071818185970187
1863,0.0086595742031931
1865,0.0152986114844679
1867,0.009171875193715
1868,0.0027207795064896
1869,0.0051493509672582
1870,0.0208141040056943
1871,0.0038477159105241
1873,0.0082499999552965
1875,0.0062500000931322
1877,0.002854166785255
1878,0.0099790217354893
1879,0.0055909091606736
1880,0.0031060609035193
1881,0.0057121217250823
1882,0.0039818184450268
1883,0.0099222222343087
1884,0.0058181816712021
1885,0.0134583339095115
1886,0.0036893943324685
1889,0.0203187484294176
1890,0.0060625001788139
1892,0.0056055560708045
1893,0.0236495714634656
1895,0.0037784092128276
1896,0.0048238639719784
1897,0.007303999736905
1899,0.0235575772821903
1901,0.0025238092057406
1902,0.0034362743608653
1903,0.0095059527084231
1904,0.0102727282792329
1905,0.0063636372797191
1907,0.0124861113727092
1908,0.0058181816712021
1909,0.0044135339558124
1912,0.0039702383801341
1914,0.0054513891227543
1915,0.0252727270126342
1916,0.0043831174261868
1917,0.0041237622499465
1919,0.0039583332836627
1921,0.0041272724047303
1922,0.0109423082321882
1923,0.025879630818963
1924,0.0060378792695701
1926,0.0053083333186805
1927,0.0060573248192667
1928,0.0092888893559575
1930,0.0039444444701075
1931,0.0048727272078394
1933,0.0140209784731268
1934,0.0402909144759178
1936,0.0035102046094834
1938,0.0037333334330469
1939,0.0163553729653358
1941,0.0172179508954286
1942,0.0155909117311239
1943,0.0038636366371065
1944,0.0242424253374338
1945,0.0026956519577652
1946,0.0045303031802177
1947,0.012076555751264
1948,0.0108677679672837
1949,0.0073157888837158
1951,0.0035545455757528
1952,0.0062321433797478
1953,0.0088989902287721
1956,0.0053719012066721
1957,0.0047972025349736
1958,0.0128727285191416
1959,0.0844821482896804
1960,0.0054523814469575
1962,0.0096369059756398
1963,0.0282777808606624
1964,0.0037000002339482
1965,0.0031257139053195
1966,0.0025608467403799
1968,0.0069551286287605
1969,0.0026699029840528
1970,0.0066868690773844
1972,0.0036833332851529
1974,0.0340921059250831
1976,0.0034107144456356
1978,0.0062060602940618
1979,0.0076459334231913
1984,0.0050729163922369
1985,0.0037416666746139
1986,0.0130948908627033
1987,0.0030000002589076
1988,0.0195867773145437
1990,0.0025227272417396
1991,0.003032085718587
1993,0.0052727269940078
1995,0.0107078664004802
2000,0.0276250001043081
2001,0.0036474359221756
2002,0.0069272727705538
2004,0.0065151522867381
2006,0.0120075764134526
2007,0.019653845578432
2009,0.0110625000670552
2010,0.0212013889104127
2011,0.0027962962631136
2013,0.0040227272547781
2014,0.0033409094903618
2015,0.00598333356902
2016,0.0065984847024083
2017,0.0085984850302338
2018,0.0041570249013602
2020,0.0040000001899898
2024,0.0082708336412906
2026,0.0068680555559694
2027,0.0033181819599121
2028,0.0112948725000023
2029,0.0050686271861195
2031,0.0472424291074276
2032,0.0039294869638979
2033,0.0107380952686071
2035,0.0094710756093263
2036,0.0069282292388379
2038,0.0020909092854708
2039,0.0081742433831095
2040,0.0075909099541604
2041,0.0041477275080978
2042,0.0056282058358192
2043,0.0025530303828418
2046,0.0061455401591956
2047,0.0080227274447679
2048,0.005553719587624
2049,0.01149074267596
2050,0.002754010958597
2051,0.0233388431370258
2052,0.0030568183865398
2053,0.0034155845642089
2055,0.0136742433533072
2056,0.0148771936073899
2057,0.0041978606022894
2059,0.0032196973916143
2060,0.0227933898568153
2061,0.0040999995544552
2062,0.0106363650411367
2063,0.0041969697922468
2064,0.0424687527120113
2065,0.006727272644639
2066,0.0083719007670879
2067,0.0038511909078806
2069,0.0053999996744096
2071,0.0097333341836929
2072,0.0070247934199869
2073,0.0213611125946044
2075,0.0042734369635581
2077,0.0062307696789503
2080,0.0035833334550261
2084,0.002787500154227
2086,0.0144343432039022
2088,0.0128787886351346
2091,0.0119173545390367
2092,0.0132636353373527
2093,0.0035260419826954
2094,0.0027464115992188
2096,0.005489510949701
2097,0.0042517483234405
2100,0.0060972226783633
2101,0.0041969697922468
2103,0.0204861126840114
2104,0.0057575767859816
2105,0.007759615778923
2106,0.0034777070395648
2107,0.0143055561929941
2108,0.0027651521377265
2110,0.0024454544764012
2112,0.005083916708827
2113,0.0051806457340717
2114,0.0038910259027034
2115,0.0062291673384606
2116,0.0149920620024204
2118,0.0075185191817581
2119,0.0072678574360907
2121,0.0040578516200184
2123,0.0468181818723678
2126,0.0087966099381446
2127,0.0074358978308737
2128,0.0055645164102315
2129,0.0146287875249981
2130,0.0185833349823951
2133,0.0047862594947218
2137,0.002769230864942
2138,0.0045707076787948
2140,0.0048601403832435
2141,0.0031715689692646
2142,0.0043305782601237
2143,0.0058181816712021
2144,0.0073388428427278
2145,0.0043181823566555
2146,0.0158342253416776
2147,0.0036990742664784
2148,0.0023157896939665
2150,0.002582887886092
2151,0.0326363667845726
2152,0.0088148154318332
2153,0.0057532470673322
2154,0.0087666669860482
2155,0.0053782053291797
2156,0.0113796293735504
2157,0.0076060611754655
2159,0.0043717953376472
2163,0.0271871630102396
2165,0.0106759257614612
2166,0.0140000004321336
2169,0.0033560611773282
2171,0.0060138893313705
2172,0.0171736106276512
2174,0.0053645838052034
2175,0.0045133694075047
2176,0.0047878790646791
2180,0.0049480525776743
2181,0.0053006992675364
2182,0.024267679080367
2184,0.0033766236156225
2187,0.006893940269947
2188,0.0389621220529079
2190,0.0080229006707668
2191,0.004053097218275
2192,0.003339743707329
2193,0.0031041668262332
2195,0.0065602837130427
2197,0.0083076925948262
2200,0.0026111111510545
2201,0.0036606667563319
2202,0.0045050508342683
2203,0.0069482764229178
2205,0.0082164499908685
2206,0.0056666666641831
2207,0.006342657841742
2208,0.0040467837825417
2209,0.0227635130286216
2210,0.0030208337120711
2212,0.0032888893038034
2214,0.003718749852851
2215,0.0124444449320435
2216,0.0042348485440015
2217,0.0040139867924153
2218,0.0035734267439693
2220,0.002994047710672
2221,0.0050606061704456
2222,0.004057970829308
2223,0.0031570247374475
2224,0.0185238122940063
2226,0.0161742437630891
2227,0.002977272728458
2228,0.0041000000201165
2230,0.0067656254395842
2233,0.0100194802507758
2234,0.0039242431521415
2235,0.0266936942934989
2236,0.0058541670441627
2237,0.0038148148451
2238,0.0086643360555171
2240,0.0060364585369825
2245,0.0053939395584166
2246,0.0042222226038575
2247,0.0063141025602817
2249,0.0132479341700673
2250,0.0159772746264934
2251,0.009074074216187
2252,0.0065992064774036
2253,0.0047962958924472
2256,0.0036269843112677
2261,0.0053055556491017
2263,0.0037024794146418
2264,0.006856061052531
2265,0.0122857149690389
2267,0.0060750003904104
2268,0.009681818075478
2269,0.0058770054019987
2270,0.0084462808445096
2272,0.0032638891134411
2273,0.0061363643035292
2274,0.0044220779091119
2275,0.0142361111938953
2277,0.0027532468084245
2281,0.0024901961442083
2284,0.0038564593996852
2286,0.0231250021606683
2287,0.010209790430963
2290,0.004159091040492
2291,0.0047651519998908
2293,0.0044380165636539
2295,0.0043787881731987
2296,0.0036736114416271
2297,0.0034305558074265
2298,0.0042045461013913
2300,0.0106041664257645
2301,0.003160256659612
2302,0.0040904255583882
2303,0.0317444466054439
2304,0.0235696975141763
2305,0.0071060601621866
2306,0.0039586778730154
2307,0.0111493505537509
2308,0.0095777781680226
2310,0.0034722222480922
2311,0.004325000103563
2312,0.0045486111193895
2314,0.0116071430966258
2315,0.0244907401502132
2319,0.0060833333991467
2320,0.0138026317581534
2326,0.0029458333738148
2327,0.004287036601454
2328,0.0454333312809467
2330,0.0061590913683176
2332,0.0097454534843564
2333,0.0072107845917344
2334,0.0082525257021188
2335,0.0089652780443429
2337,0.0142636373639106
2338,0.0040000001899898
2339,0.0036590909585356
2340,0.0147486636415123
2342,0.0155165558680891
2345,0.0108755994588136
2346,0.0027435899246484
2347,0.0118099180981516
2351,0.0105125000700354
2352,0.0085984850302338
2353,0.0031203704420477
2354,0.0058585861697793
2355,0.0056042787618935
2356,0.0085568185895681
2357,0.0165833346545696
2358,0.0042976192198693
2359,0.0080194808542728
2360,0.0059032258577644
2361,0.0029318183660507
2363,0.0042575760744512
2364,0.002702479250729
2366,0.0066666668280959
2367,0.0059318183921277
2368,0.0043520000763237
2370,0.0068295462988317
2372,0.0090252114459872
2374,0.007055555935949
2376,0.007250000257045
2377,0.0127666676416993
2378,0.0071568628773093
2380,0.0040384614840149
2381,0.0048627452924847
2384,0.0033333331812173
2385,0.0050454544834792
2387,0.0039924248121678
2388,0.0035289255902171
2389,0.0076953121460974
2390,0.0043216785416007
2391,0.003458333434537
2396,0.0310999974608421
2398,0.0053819445893168
2399,0.0042207795195281
2400,0.0260000005364418
2401,0.005962963681668
2402,0.0045416671782732
2404,0.0196584165096282
2405,0.0048871794715523
2406,0.0033819447271525
2407,0.0068774200044572
2408,0.008436364121735
2409,0.0048601403832435
2412,0.0030082645826041
2413,0.002947368659079
2417,0.0027121214661747
2419,0.0034944447688758
2420,0.0041168835014104
2421,0.0091190477833151
2422,0.0027590908575803
2428,0.0058238636702299
2429,0.0077954558655619
2430,0.0055194804444909
2431,0.002215311396867
2432,0.0117954546585679
2433,0.0035734267439693
2434,0.0106250001117587
2435,0.0066515156067907
2436,0.0044499994255602
2437,0.0136116500943899
2438,0.0036515155807137
2439,0.0069469702430069
2440,0.0058842594735324
2441,0.0034929579123854
2442,0.005083333235234
2444,0.006891026161611
2445,0.0125727271661162
2446,0.00683333305642
2447,0.0150705119594931
2448,0.0097812497988343
2450,0.0033869047183543
2451,0.0053981486707925
2452,0.0041250004433095
2453,0.0031904762145131
2456,0.005871795117855
2457,0.0043463418260216
2458,0.003151515731588
2459,0.0036742428783327
2461,0.0155666666105389
2462,0.0068045114167034
2463,0.0027976192068308
2464,0.0058787879534065
2466,0.0043529411777853
2467,0.0032227272167801
2468,0.0309294927865266
2471,0.0066406251862645
2472,0.0150000005960464
2476,0.0136853149160742
2478,0.004983470775187
2479,0.0065681817941367
2481,0.0061753247864544
2482,0.0035277777351439
2486,0.0041250004433095
2488,0.0084385033696889
2492,0.0091623375192284
2494,0.004872728139162
2495,0.0064772726036608
2496,0.0059652784839272
2498,0.0121398605406284
2499,0.0081904763355851
2500,0.0032642860896885
2501,0.0041773049160838
2505,0.0075606065802276
2506,0.0045123971067368
2507,0.0035555558279156
2508,0.0244469698518514
2510,0.0036558443680405
2512,0.0072051286697387
2513,0.0077083338983356
2514,0.0031538463663309
2515,0.0128750018775463
2516,0.0102416109293699
2517,0.004484849050641
2518,0.0417272746562957
2519,0.0034876035060733
2520,0.0046590906567871
2521,0.0048920451663434
2523,0.0050119049847126
2524,0.0126499999314546
2526,0.0063216784037649
2528,0.0070378789678215
2530,0.0042307693511247
2531,0.0039440561085939
2532,0.0043833334930241
2536,0.0065857144072651
2537,0.0084615377709269
2538,0.0064296307973563
2539,0.004016529303044
2540,0.0037272723857313
2542,0.0039074071682989
2543,0.0069230771623551
2545,0.0083888890221714
2546,0.0034000005107373
2547,0.0036346155684441
2549,0.0046534091234207
2550,0.015227273106575
2551,0.003551282454282
2552,0.0079722218215465
2553,0.0076538464054465
2554,0.0178583338856697
2555,0.0079020988196134
2556,0.0026071432512253
2557,0.001994012389332
2558,0.0355700924992561
2560,0.0029444445390254
2561,0.0088166669011116
2562,0.0067768599838018
2563,0.003179487073794
2564,0.0040121208876371
2566,0.0049513890407979
2569,0.0055909091606736
2571,0.0091333342716097
2572,0.0049318182282149
2573,0.0036083334125578
2574,0.0028257579542696
2577,0.0099515151232481
2580,0.0038736842107027
2581,0.0070416671223938
2582,0.0280666667968034
2583,0.0049907411448657
2584,0.0055625000968575
2586,0.0125520834699273
2588,0.0048317755572497
2591,0.0168016534298658
2593,0.0041916668415069
2594,0.0133141037076711
2595,0.0042156861163675
2596,0.0043863640166819
2597,0.0084233582019805
2599,0.0064545455388724
2600,0.0039375000633299
2601,0.0037107437383383
2602,0.0026818183250725
2603,0.0103000001981854
2605,0.0051089748740196
2607,0.0125555554404854
2609,0.0040877191349864
2610,0.0074393940158188
2611,0.0034545452799648
2612,0.0047107441350817
2613,0.0092045459896326
2614,0.0118636358529329
2616,0.0103680556640028
2618,0.0034019139129668
2620,0.0042929295450448
2621,0.0225166678428649
2623,0.0069540231488645
2624,0.0027847224846482
2625,0.0071666669100522
2626,0.0064833336509764
2627,0.0041302083991467
2629,0.0038727272767573
2630,0.0048257582820951
2632,0.0036464645527303
2633,0.0043125003576278
2635,0.0040606064721941
2638,0.0060111111961305
2639,0.0040629375725984
2640,0.0031785715837031
2641,0.010192709043622
2642,0.0062941182404756
2644,0.0043525644578039
2645,0.0036500000860542
2646,0.0028653850313276
2647,0.0032051284797489
2649,0.0274835191667079
2650,0.0038634145166724
2651,0.009128788486123
2653,0.0086555564776062
2655,0.0093333339318633
2656,0.0071833333931863
2657,0.0033484851010143
2658,0.0054825176484882
2659,0.0065340916626155
2661,0.0048484848812222
2662,0.0048601399175822
2663,0.0062782615423202
2664,0.0075454544275999
2667,0.0451604276895523
2668,0.0023333337157964
2670,0.0026859904173761
2671,0.0043575754389166
2674,0.0062277782708406
2675,0.0045409090816974
2676,0.0040555554442107
2677,0.0074297520332038
2678,0.0130512816831469
2679,0.0099305557087063
2680,0.0055909096263349
2683,0.0034166669938713
2684,0.0129036158323287
2685,0.0080279717221856
2686,0.0032812878489494
2690,0.0042676767334342
2691,0.0026424245443195
2692,0.0248703695833683
2693,0.0057832170277833
2696,0.0096287885680794
2697,0.0045416671782732
2698,0.0113131329417228
2699,0.0052916673012077
2702,0.0136190485209226
2704,0.0021666667889803
2706,0.0043402779847383
2707,0.0114895114675164
2709,0.0035625000018626
2710,0.0055397730320692
2712,0.0049160839989781
2714,0.0061818184331059
2715,0.0092467535287141
2716,0.0288148168474435
2717,0.0029636367689818
2720,0.0215887073427438
2721,0.0030984850600361
2723,0.022089285776019
2724,0.0038468898274004
2725,0.0039318185299634
2726,0.009618055075407
2727,0.0254747476428747
2728,0.0207651518285274
2729,0.0079296873882412
2730,0.0032651519868522
2731,0.0071241823025047
2732,0.0056833331473171
2733,0.0161920897662639
2735,0.0030542640015482
2736,0.003294444642961
2737,0.006396694574505
2738,0.0037142857909202
2739,0.0023782055359333
2741,0.0038920454680919
2742,0.0029207922052592
2743,0.0077636367641389
2747,0.0027482518926262
2748,0.0040560746565461
2749,0.0148819452151656
2751,0.0040104170329868
2753,0.0037424247711896
2754,0.0054328362457454
2755,0.0067756413482129
2757,0.0030454550869762
2759,0.0069393939338624
2760,0.0028636364731937
2761,0.0065333335660398
2762,0.0034696974325925
2764,0.004072222393006
2765,0.0075594405643641
2766,0.006727272644639
2767,0.0058705885894596
2768,0.0068395724520087
2770,0.0050757578574121
2772,0.0100559443235397
2774,0.0066727278754115
2775,0.0353030338883399
2776,0.0048863640986382
2777,0.0054305559024214
2778,0.0040267379954457
2779,0.002968912012875
2780,0.0037948717363178
2781,0.0109166661277413
2783,0.0043125003576278
2785,0.0047224881127476
2786,0.0042756414040923
2788,0.0077569452114403
2790,0.0139097236096858
2791,0.0023923444095999
2792,0.0071118893101811
2793,0.0029318183660507
2794,0.0042738099582493
2795,0.0025227277074009
2796,0.0025050505064427
2797,0.0041735540144145
2798,0.0034435482230037
2799,0.0050178575329482
2800,0.0029772729612886
2801,0.0128819458186626
2803,0.0027112304233014
2805,0.0084040407091379
2806,0.0031717172823846
2807,0.0051875002682209
2808,0.0060965907759964
2809,0.0044845812954008
2810,0.0029510487802326
2811,0.0035347221419215
2812,0.006287878844887
2813,0.0470000058412551
2814,0.0020167361944913
2815,0.0065454542636871
2818,0.0030227275565266
2819,0.0064214877784252
2822,0.0021272730082273
2825,0.0577063001692295
2826,0.0067758620716631
2829,0.0050606061704456
2834,0.0087593598291277
2835,0.0079818181693553
2836,0.0058525642380118
2838,0.0057727270759642
2839,0.0292291659861803
2840,0.0041858977638185
2841,0.0062272730283439
2842,0.0181742440909147
2844,0.0042013889178633
2845,0.0323961041867733
2846,0.0065892864950001
2847,0.0058055557310581
2849,0.0114427087828516
2850,0.0193571429699659
2853,0.0043884292244911
2854,0.006681818049401
2855,0.0038020834326744
2857,0.0070495870895683
2858,0.0090347230434417
2859,0.0094242421910166
2861,0.0040419586002826
2862,0.0368888899683952
2863,0.0073263891972601
2864,0.0028525642119348
2865,0.004872222431004
2866,0.0077727274037897
2867,0.0032029706053435
2868,0.0061724134720861
2870,0.0030701754149049
2871,0.033910259604454
2872,0.0069743595086038
2873,0.0051919193938374
2874,0.0071583329699933
2875,0.0048333331942558
2876,0.0047768596559762
2877,0.0029285715427249
2878,0.0050279716961085
2881,0.0022258064709603
2882,0.0029090910684317
2885,0.0041500004008412
2886,0.0153057854622602
2887,0.0071363640017807
2890,0.0034090913832187
2891,0.015745947137475
2894,0.0067083337344229
2900,0.0031590908765792
2902,0.008970589376986
2903,0.0249722227454185
2904,0.0031889763195067
2906,0.0084545444697141
2907,0.0047788461670279
2908,0.003548611421138
2909,0.0039930073544383
2910,0.0043030306696891
2911,0.0054166666232049
2912,0.0047424244694411
2913,0.0039834710769355
2914,0.0118671329692006
2919,0.0030991735402494
2920,0.0036794871557503
2921,0.0052722222171723
2922,0.0036083918530493
2923,0.0064055556431412
2924,0.0095181809738278
2926,0.006409091874957
2927,0.009208888746798
2930,0.0039611114189028
2931,0.0114545449614524
2932,0.023202795535326
2934,0.0036333331372588
2935,0.0051181819289922
2936,0.0035594410728663
2939,0.0122380955144763
2940,0.0071454546414315
2941,0.0044606062583625
2942,0.0050194803625345
2943,0.0049545457586646
2944,0.0108693186193704
2945,0.0469784885644912
2946,0.0048629031516611
2949,0.0189037453383207
2950,0.0099565219134092
2951,0.0022142860107123
2953,0.004272726830095
2954,0.0076666674576699
2955,0.0487023815512657
2958,0.0051999995484948
2959,0.0327902100980281
2961,0.0100260423496365
2964,0.0066622802987694
2965,0.0032083331607282
2968,0.0045454544015228
2969,0.0036298702470958
2970,0.002552083460614
2971,0.0416722260415554
2972,0.0315181873738765
2973,0.0073055555112659
2975,0.0033541668672114
2976,0.0026643360033631
2977,0.006897959858179
2978,0.003845238359645
2979,0.0092720594257116
2980,0.0069421492516994
2983,0.0174702387303113
2984,0.0077938144095242
2985,0.0039761909283697
2986,0.0042597404681146
2989,0.0230897441506385
2990,0.0099147288128733
2991,0.0039797979407012
2992,0.0063475938513875
2994,0.0070661162026226
2995,0.0053818183951079
2996,0.0072083342820405
2997,0.0035648150369524
2999,0.0100641027092933
3000,0.0040082647465169
3001,0.0026875000912696
3004,0.0043024690821766
3005,0.0029729730449616
3007,0.0052447551861405
3008,0.0093846153467893
3010,0.003458333434537
3011,0.0085277780890464
3012,0.0061111110262572
3013,0.0069848485291004
3015,0.0323425941169261
3018,0.0041073444299399
3020,0.00238020834513
3022,0.0039469697512686
3023,0.0141354175284504
3024,0.00866115745157
3025,0.0072121215052902
3026,0.018566844984889
3028,0.0043888892978429
3030,0.0446853190660476
3032,0.0071736108511686
3034,0.0032760419417172
3039,0.0049749999307096
3040,0.0044423076324164
3042,0.0043806820176541
3043,0.0143186282366514
3046,0.0119786113500595
3047,0.0097641516476869
3049,0.004886363632977
3051,0.0045277783647179
3055,0.0030119051225483
3056,0.019090911373496
3058,0.0038383838254958
3061,0.003558442229405
3062,0.0213095229119062
3065,0.003765151835978
3066,0.0184210538864135
3068,0.0041753249242901
3069,0.0046607144176959
3070,0.0043186275288462
3072,0.0077412594109773
3073,0.0043750004842877
3074,0.008033899590373
3075,0.0055050514638423
3076,0.0062954546883702
3078,0.0144999995827674
3079,0.0072818188928067
3080,0.0030909092165529
3081,0.021340912207961
3082,0.0054222224280238
3084,0.0064777778461575
3085,0.0147272739559412
3086,0.0051602562889456
3090,0.0117727266624569
3092,0.0044405600056052
3093,0.0052916663698852
3095,0.0031735538505017
3096,0.001490909140557
3098,0.003262820886448
3099,0.0058823530562222
3100,0.0028333335649222
3101,0.0113311689347028
3102,0.0112499995157122
3103,0.0472013875842094
3104,0.0033863643184304
3105,0.0051983464509248
3106,0.009681818075478
3107,0.0045512821525335
3108,0.0066166669130325
3109,0.0052333334460854
3110,0.0044967741705477
3112,0.0024335668422281
3114,0.0043048132210969
3115,0.0035757576115429
3116,0.0047555556520819
3117,0.0088125001639127
3118,0.0055454545654356
3120,0.0041883117519319
3121,0.0035371901467442
3123,0.0058076926507055
3124,0.0056606060825288
3126,0.0058842981234192
3128,0.0029898991342633
3129,0.0060106390155851
3131,0.0062244897708296
3132,0.0122066121548414
3133,0.0059727276675403
3135,0.0033333334140479
3137,0.0031133333686739
3138,0.005394444335252
3139,0.0063181817531585
3140,0.0064678359776735
3141,0.0057500004768371
3143,0.0042027975432574
3144,0.0040779220871627
3145,0.0260000005364418
3147,0.0028121215291321
3148,0.0098545458167791
3151,0.0064318189397454
3152,0.0033560607116669
3153,0.0157219264656305
3155,0.0060454551130533
3156,0.0033589743543416
3157,0.0040942034684121
3159,0.0032987017184495
3160,0.004105263389647
3161,0.0030570176895707
3163,0.0089999996125698
3164,0.0044848485849797
3166,0.0050075757317245
3167,0.0033388892188668
3168,0.052038624882698
3169,0.0041655176319181
3170,0.00598333356902
3171,0.0050427806563675
3172,0.009294444695115
3173,0.0111176474019885
3174,0.006614679004997
3175,0.003518181387335
3176,0.0187629628926515
3179,0.0051597226411104
3180,0.0059015154838562
3181,0.0137187503278255
3183,0.0096363639459013
3185,0.0110389608889818
3187,0.0048181819729506
3188,0.0086571425199508
3189,0.0099015152081847
3190,0.0050101014785468
3191,0.0091538457199931
3193,0.0052626263350248
3194,0.0825272798538208
3195,0.00764772715047
3196,0.0106923086568713
3197,0.0044825174845755
3198,0.0088712126016616
3200,0.0042662341147661
3201,0.0030431034974753
3202,0.0044621219858527
3203,0.0048333331942558
3205,0.0136805558577179
3207,0.0072575761005282
3208,0.0078760329633951
3209,0.0040327869355678
3211,0.0062121218070387
3214,0.0068750004284083
3215,0.0041515156626701
3219,0.0125000001862645
3220,0.0034895830322057
3221,0.0192314833402633
3222,0.0049545457586646
3223,0.0076363645493984
3224,0.0040743802674114
3226,0.0034074070863425
3228,0.0096623385325074
3229,0.005533333402127
3230,0.0044846157543361
3231,0.0030069446656852
3233,0.0221282057464122
3234,0.0091666672378778
3235,0.0066063003614544
3236,0.0033535354305058
3237,0.0045000002719461
3238,0.0074318186379969
3239,0.0060526318848133
3240,0.0332013890147209
3241,0.0182307716459035
3243,0.0069625000469386
3245,0.0051565216854214
3246,0.0069939396344125
3247,0.0084074074402451
3249,0.0231948066502809
3250,0.0054258378222584
3251,0.0540740750730037
3253,0.0130909094586968
3254,0.0025174827314913
3255,0.014313131570816
3256,0.0082847224548459
3258,0.0165196079760789
3261,0.0045909094624221
3262,0.0300757586956024
3263,0.0026527780573815
3265,0.0052820513956248
3267,0.0170279722660779
3270,0.0023989903274923
3271,0.005927272606641
3272,0.0048356810584664
3273,0.0059610391035676
3274,0.0031136365141719
3275,0.0046212123706936
3276,0.0057083331048488
3277,0.0051574069075286
3278,0.005575000308454
3279,0.0067272731103003
3281,0.0073471078649163
3282,0.0263884309679269
3283,0.0046534091234207
3284,0.0079696970060467
3286,0.0033645834773778
3287,0.004283333197236
3288,0.007166666444391
3297,0.0043471078388392
3298,0.0041875001043081
3299,0.0040151514112949
3301,0.012818181887269
3302,0.003294444642961
3304,0.0086575336754322
3305,0.0060802143998444
3306,0.0329304821789264
3307,0.0043727275915443
3308,0.0045075761154294
3310,0.0033787882421165
3311,0.0208653844892978
3312,0.0060848491266369
3313,0.0044888886623084
3314,0.0050279716961085
3315,0.0051818182691931
3317,0.0063461540266871
3318,0.0063305781222879
3323,0.0031555553432554
3324,0.0043333335779607
3325,0.0039504133164882
3327,0.0068673472851514
3328,0.0418846197426319
3329,0.0159848500043153
3330,0.0037024794146418
3332,0.0175714287906885
3333,0.0041888114064931
3334,0.0050277784466743
3336,0.0039259255863726
3337,0.0032990197651088
3338,0.0017464116681367
3339,0.0060913972556591
3340,0.0234147738665342
3341,0.0031818179413676
3342,0.0226742420345544
3345,0.0116208335384726
3346,0.0107894726097583
3347,0.003576923161745
3348,0.0072695659473538
3349,0.0037500001490116
3351,0.0173913035541772
3352,0.006000000052154
3353,0.0068525639362633
3356,0.0118611110374331
3358,0.0092152776196599
3360,0.0035378788597881
3366,0.0085625005885958
3368,0.0033235296141356
3369,0.0043356646783649
3370,0.0068760332651436
3372,0.0042583337053656
3373,0.0058257575146853
3374,0.0043374998494982
3375,0.0111029418185353
3376,0.0025227274745702
3378,0.0045454544015228
3379,0.017181372269988
3380,0.0045775403268635
3381,0.0041060610674321
3383,0.0045454539358615
3385,0.0037361111026257
3386,0.0063636368140578
3387,0.0089444452896714
3390,0.0058333338238298
3395,0.0038712124805897
3396,0.0045227273367345
3398,0.0027278107590973
3400,0.0146033065393567
3401,0.0049513895064592
3402,0.0037878789007663
3404,0.0259261410683393
3405,0.0074861114844679
3407,0.0046041668392717
3408,0.0054800007492303
3409,0.0067321429960429
3410,0.0050303027965128
3411,0.0086424248293042
3412,0.0231388881802558
3414,0.0046359645202755
3415,0.0055045052431523
3417,0.0070303035899996
3418,0.0024787881411612
3419,0.0027277781628072
3421,0.0029621215071529
3422,0.0035606063902378
3424,0.003005952341482
3425,0.0032975208014249
3426,0.0040572918951511
3428,0.0186388883739709
3430,0.0033838381059467
3431,0.0187070723623037
3432,0.0030324675608426
3435,0.0034814809914678
3436,0.0152727272361516
3437,0.0061999997124075
3439,0.0040277782827615
3440,0.0068863634951412
3442,0.0128525635227561
3443,0.0037603303790092
3444,0.0127051286399364
3445,0.0187083333730697
3446,0.0051363636739552
3447,0.0176153853535652
3448,0.0035416670143604
3449,0.0045378790237009
3450,0.0327333323657512
3452,0.0044415583834052
3454,0.01212396658957
3455,0.0052377628162503
3457,0.0440303049981594
3459,0.0141851855441927
3460,0.0198909100145101
3461,0.0099537027999758
3463,0.0125530315563082
3465,0.0112020187079906
3466,0.0085599990561604
3468,0.0062014921568334
3469,0.0064722229726612
3471,0.0079090911895036
3473,0.0068939398042857
3475,0.0117412600666284
3476,0.0044335667043924
3477,0.0233796797692775
3478,0.0104068638756871
3479,0.0037333332002162
3481,0.0044242427684366
3482,0.0048693185672163
3483,0.0039277779869735
3484,0.0141258751973509
3485,0.0020700637251138
3486,0.0040625003166496
3490,0.0044393935240805
3491,0.0030552993994206
3492,0.0053461538627743
3493,0.0390729159116745
3494,0.013304965570569
3495,0.0043796296231448
3496,0.006784722674638
3499,0.008589744567871
3500,0.0043229167349636
3502,0.0031818186398595
3506,0.0049935900606215
3508,0.0223333351314067
3509,0.0270082652568817
3511,0.0077412282116711
3513,0.0183383468538522
3515,0.0035454544704407
3516,0.0039629628881812
3518,0.01159895863384
3521,0.0052152778953313
3522,0.016791446134448
3523,0.0039393943734467
3524,0.0030156250577419
3525,0.0188246760517358
3526,0.0048106065951287
3527,0.0063645835034549
3528,0.0079338839277625
3529,0.0102727273479104
3530,0.006734374910593
3531,0.0118076922371983
3532,0.0050000003539025
3534,0.0067314822226762
3535,0.0053645833395421
3536,0.0095702484250068
3537,0.0036488096229732
3538,0.0097786895930767
3539,0.0043472223915159
3544,0.0068081631325185
3547,0.0035714285913854
3549,0.0029155847150832
3550,0.0068214288912713
3551,0.0037878789007663
3552,0.0029102568514645
3553,0.0069230762310326
3555,0.0034254386555403
3556,0.0021398605313152
3559,0.0061515150591731
3560,0.0099848490208387
3561,0.0081474371254444
3562,0.0072644627653062
3563,0.0147685958072543
3564,0.007573427632451
3566,0.0073223141953349
3569,0.0065075764432549
3570,0.0027175927534699
3571,0.0128282830119133
3576,0.0315000042319297
3577,0.053545456379652
3578,0.0080208340659737
3579,0.0046262624673545
3581,0.0031212125904858
3582,0.0162631589919328
3584,0.0030852274503558
3587,0.0023735635913908
3590,0.003858974436298
3592,0.0027840910479426
3593,0.0068041961640119
3595,0.0073939398862421
3596,0.0207272730767726
3597,0.0068677682429552
3598,0.0037464115303009
3599,0.0387573540210723
3600,0.0035818179603666
3602,0.0246180556714534
3603,0.008250000886619
3604,0.0040486487559974
3605,0.0049236114136874
3607,0.0042777783237397
3608,0.0039909090846776
3609,0.0045454544015228
3611,0.0338787883520126
3612,0.0042000003159046
3613,0.0118333343416452
3614,0.0170588232576847
3616,0.0116848479956388
3617,0.0041074380278587
3618,0.0065568182617425
3619,0.0122517989948391
3621,0.0070277783088386
3624,0.0044999998062849
3625,0.0276794862002134
3627,0.0113988099619746
3628,0.0234343446791172
3629,0.0054948450997471
3631,0.0163246765732765
3634,0.0020357142202556
3635,0.0095454547554254
3639,0.0058863637968897
3641,0.0054805194959044
3642,0.0035303034819662
3643,0.0044956528581678
3645,0.0189393945038318
3646,0.0162500012665987
3647,0.0065647060982882
3648,0.0041041667573153
3650,0.0054772729054093
3652,0.0103819444775581
3653,0.0135757578536868
3654,0.0065606059506535
3655,0.011814814992249
3657,0.0083437506109476
3660,0.0089090913534164
3662,0.0048712119460105
3663,0.0076944446191191
3664,0.0039545455947518
3665,0.0024807695299386
3666,0.0027444448787719
3667,0.0038072920870035
3668,0.0037000000011175
3669,0.005263889208436
3674,0.0083827162161469
3675,0.0058263894170522
3676,0.0267818197607994
3677,0.0035340907052159
3678,0.003458333434537
3680,0.0029101800173521
3681,0.0156611576676368
3682,0.0048333336599171
3683,0.0030714289750903
3685,0.0049583334475755
3686,0.0099261375144124
3688,0.0043181823566555
3689,0.0052662338130176
3690,0.0023737375158816
3691,0.0042519681155681
3693,0.0086363647133111
3694,0.0056416671723127
3696,0.0045598088763654
3697,0.0049318182282149
3699,0.003102941205725
3700,0.0030303034000098
3701,0.0029219859279692
3702,0.0056138620711863
3703,0.0038030305877327
3704,0.007053030654788
3705,0.0077083338983356
3707,0.0042121210135519
3708,0.0055705127306282
3710,0.0064242421649396
3711,0.0065833339467644
3712,0.0052102804183959
3713,0.0090279728174209
3714,0.0054955752566456
3719,0.0037708336021751
3721,0.0266090910881757
3722,0.0048809526488184
3726,0.0039210529066622
3728,0.0091360546648502
3729,0.003935897257179
3730,0.0037179489154368
3733,0.0132598057389259
3739,0.002838235348463
3741,0.0062602739781141
3742,0.002769230864942
3743,0.0232417583465576
3744,0.0166944451630115
3745,0.0378823578357696
3747,0.0036499998532235
3749,0.0336519628763198
3750,0.0181538481265306
3752,0.0241136383265256
3754,0.0048750001005828
3755,0.0058811195194721
3756,0.005687499884516
3759,0.0042499997653067
3761,0.0047272727824747
3762,0.0283499993383884
3763,0.0142348483204841
3764,0.0203750003129243
3766,0.012006944976747
3768,0.0046859504655003
3770,0.004759740550071
3772,0.007238095626235
3773,0.0038831171113997
3774,0.0067878789268434
3775,0.0043229167349636
3777,0.0115935830399394
3779,0.0096666663885116
3780,0.0032291668467223
3781,0.0041209673509001
3784,0.0097962962463498
3785,0.0122878784313797
3786,0.0045111114159226
3787,0.0045277778990566
3788,0.0035656564868986
3789,0.0159090925008058
3790,0.0049696969799697
3791,0.00533636379987
3792,0.0088269235566258
3793,0.0043863635510206
3794,0.002672727452591
3796,0.0072559993714094
3797,0.0120833367109298
3798,0.009024241939187
3799,0.0074275368824601
3800,0.0086136367172002
3801,0.0320777781307697
3802,0.0054870131425559
3803,0.0043666665442287
3804,0.0033181819599121
3805,0.0410833358764648
3807,0.004242424853146
3809,0.0026439395733177
3810,0.0033939396962523
3813,0.0067685949616134
3814,0.003361111273989
3815,0.0125734275206923
3816,0.0033224045764654
3819,0.0030544553883373
3821,0.0140705136582255
3825,0.0087628196924924
3828,0.0040163933299481
3829,0.0020609758794307
3830,0.0071487608365714
3832,0.0088809533044695
3833,0.0095833325758576
3835,0.0030136362183839
3837,0.0042792209424078
3839,0.0184886381030082
3840,0.0121818175539374
3842,0.0033636363223195
3844,0.0087564103305339
3845,0.0088194441050291
3846,0.0052430555224418
3849,0.0113181825727224
3850,0.005083333235234
3852,0.0042797201313078
3853,0.0061779138632118
3855,0.0030833333730697
3858,0.0058465912006795
3860,0.0021439394913613
3861,0.0043787881731987
3863,0.0374833382666111
3865,0.0023977274540811
3866,0.0043263891711831
3867,0.0038595038931816
3868,0.0059454552829265
3870,0.0043833334930241
3871,0.0255885422229766
3872,0.0030121211893856
3874,0.0065980395302176
3875,0.0069907414726912
3877,0.0094250002875924
3878,0.00297058862634
3879,0.0034861117601394
3880,0.0028137934859842
3881,0.0026555557269603
3883,0.0370277762413024
3884,0.0043140496127307
3888,0.0042626266367733
3889,0.0047575756907463
3890,0.00619444437325
3891,0.0031229949090629
3893,0.0059117651544511
3896,0.0044351853430271
3899,0.010437499731779
3903,0.0078585864976048
3904,0.0034424248151481
3905,0.002606060821563
3908,0.0086394567042589
3912,0.0058939391747117
3913,0.0047708335332572
3915,0.0062727271579205
3917,0.0062083336524665
3918,0.0151223037391901
3920,0.0236287880688905
3921,0.0047209304757416
3922,0.0056029418483376
3923,0.0049679144285619
3924,0.0058100558817386
3925,0.0107107441872358
3927,0.0058055557310581
3928,0.0271748267114162
3932,0.0046083331108093
3933,0.0037024791818112
3934,0.0077760419808328
3937,0.0038229164201766
3939,0.0067708338610827
3940,0.0088333338499069
3941,0.0022878791205585
3942,0.0036597223952412
3944,0.0036883121356368
3945,0.0036458331160247
3946,0.0031180558726191
3948,0.003083333838731
3949,0.0030484849121421
3952,0.0030370373278856
3953,0.0025509258266538
3954,0.0083131305873394
3956,0.0042499997653067
3958,0.0084055941551923
3960,0.0047453702427446
3961,0.0036363638937473
3962,0.0074256756342947
3963,0.0112569443881511
3964,0.0163187496364116
3965,0.006242424249649
3967,0.0057243588380515
3968,0.0074590160511434
3969,0.0038181818090379
3971,0.0031176470220088
3974,0.0073055559769272
3976,0.0086293714120984
3978,0.0135524468496441
3980,0.0096190497279167
3982,0.0062592597678303
3983,0.0054363636299967
3984,0.0103388894349336
3985,0.0098444446921348
3986,0.0175199992954731
3987,0.0040606060065329
3988,0.0046010361984372
3990,0.0034791668877005
3992,0.010523147881031
3993,0.0046541667543351
3994,0.0178749989718198
3996,0.0037727279122918
3997,0.0175520852208137
3998,0.0049047619104385
4000,0.0147272730246186
4003,0.0156363658607006
4004,0.0042348485440015
4006,0.0030378794763237
4013,0.013425838202238
4014,0.0023872551973909
4015,0.0047196969389915
4016,0.0034015155397355
4017,0.0046319449320435
4020,0.005234848242253
4021,0.0034999998752027
4022,0.0025539216585457
4023,0.0038375000003725
4025,0.003518518526107
4027,0.0127651523798704
4028,0.0039727273397147
4029,0.0060545462183654
4030,0.0125576918944716
4032,0.0058842594735324
4034,0.0052402601577341
4035,0.0045069446787238
4036,0.0101363640278577
4037,0.0054999999701976
4039,0.0109924236312508
4041,0.007508928887546
4042,0.0050378795713186
4044,0.0026333334390074
4047,0.0091727282851934
4050,0.0041060606017708
4052,0.018992593511939
4054,0.0513833351433277
4055,0.0034740262199193
4057,0.0033982682507485
4059,0.0037272726185619
4061,0.0087727280333638
4063,0.0112777780741453
4064,0.0046500009484589
4065,0.0098137259483337
4066,0.004617647267878
4067,0.0055594411678612
4068,0.0164166670292615
4069,0.0030201345216482
4070,0.0125314686447381
4071,0.0151277780532836
4074,0.0060444446280598
4075,0.014475000090897
4076,0.004520833492279
4077,0.0026545457076281
4078,0.0032966507133096
4079,0.0035785126965492
4080,0.0019750001374632
4082,0.0042884615249931
4083,0.0066988635808229
4084,0.0044916667975485
4085,0.0103017231449484
4087,0.0040530301630496
4088,0.0083785718306899
4093,0.0035397729370743
4094,0.0148121230304241
4095,0.0017625001491978
4096,0.0120773809030652
4097,0.0043146852403879
4098,0.0077727274037897
4099,0.003016666509211
4100,0.0027368422597646
4103,0.0200333353132009
4104,0.0043363641016185
4106,0.0043437499552965
4107,0.0023484854027628
4108,0.0023397437762469
4109,0.0066091958433389
4112,0.0038363637868314
4113,0.0061666672118008
4114,0.0261888112872838
4115,0.007013889029622
4116,0.0193272735923528
4118,0.0035909092985093
4119,0.0083627458661794
4120,0.0099886367097496
4121,0.008533333428204
4122,0.0081018516793847
4123,0.0214509814977645
4124,0.003458333434537
4125,0.0045827818103134
4127,0.0097342664375901
4128,0.010318181477487
4129,0.0187190119177103
4130,0.0030714287422597
4131,0.0082142855972051
4133,0.0082215908914804
4134,0.0045909085310995
4135,0.0044298246502876
4137,0.0024166670627892
4138,0.0065033119171857
4139,0.0028684211429208
4141,0.0053000003099441
4142,0.0072222221642732
4143,0.0058232322335243
4145,0.0028787883929908
4146,0.011406060308218
4148,0.0249999985098838
4149,0.0128512391820549
4150,0.0070357136428356
4151,0.0109393941238522
4152,0.003916666842997
4153,0.0065547944977879
4155,0.004490909166634
4157,0.0048961043357849
4160,0.0129090910777449
4162,0.0060160425491631
4163,0.0055568185634911
4164,0.0038016529288142
4165,0.0101103894412517
4166,0.0100242430344223
4167,0.0062272730283439
4170,0.006103896535933
4171,0.0047708330675959
4172,0.0045931376516819
4174,0.005627273581922
4177,0.0042156861163675
4178,0.003108974546194
4180,0.0044944444671273
4181,0.0041060610674321
4183,0.0043009258806705
4185,0.0064318184740841
4186,0.0058030299842357
4187,0.0065878797322511
4189,0.0069652777165174
4190,0.0044132233597338
4192,0.0157460328191518
4195,0.0070495870895683
4196,0.0067318840883672
4197,0.0084166675806045
4198,0.0179784949868917
4199,0.0032085562124848
4200,0.0047280001454055
4201,0.0031666664872318
4203,0.0036062989383935
4204,0.0038863637018948
4205,0.0062191011384129
4206,0.0041499999351799
4207,0.0172621961683034
4208,0.0284692347049713
4211,0.0062479339540004
4212,0.0096369050443172
4213,0.0067379679530858
4214,0.0147096775472164
4215,0.0049019609577953
4219,0.0025314688682556
4220,0.0048194443807005
4221,0.0031363638117909
4224,0.0174305569380521
4225,0.0031136362813413
4226,0.0041439398191869
4227,0.0059030298143625
4228,0.0066250003874301
4229,0.0052000000141561
4230,0.0029500001110136
4231,0.0080297626554965
4233,0.0054049589671194
4234,0.0087638897821307
4235,0.0382500030100345
4236,0.0038888892158865
4237,0.0053878789767622
4238,0.0072986111044883
4241,0.0145166674628853
4242,0.0213750023394823
4244,0.0106666665524244
4245,0.0037000000011175
4246,0.0069318185560405
4247,0.0039421482942998
4248,0.0354632809758186
4249,0.0031419356819242
4250,0.0051979166455566
4251,0.0085208332166075
4252,0.0047361114993691
4253,0.0039250003173947
4254,0.0052878791466355
4256,0.0097222225740551
4257,0.0046363635919988
4259,0.0046560005284845
4260,0.0129444440826773
4262,0.0053571430034935
4264,0.0027745098341256
4265,0.020185898989439
4266,0.0039545460604131
4267,0.0204851478338241
4268,0.0038989898748695
4269,0.0076250000856816
4270,0.0049679484218358
4275,0.0068333335220813
4276,0.0078484853729605
4277,0.0044861114583909
4278,0.0054097226820886
4279,0.0052272733300924
4280,0.0245118141174316
4283,0.003979021217674
4284,0.0055064936168491
4285,0.0093636363744735
4287,0.0042500002309679
4288,0.0099015161395072
4289,0.0149790225550532
4291,0.0394125021994113
4292,0.0141282053664326
4293,0.0092357723042368
4295,0.0238281246274709
4296,0.0034094487782567
4297,0.0057333335280418
4298,0.0102027971297502
4299,0.0122045455500483
4300,0.0035686274059116
4302,0.0043472223915159
4303,0.0199038460850715
4304,0.0093636363744735
4305,0.0033170734532177
4307,0.0038541671819984
4309,0.0212424267083406
4310,0.0035378788597881
4311,0.0051096496172249
4312,0.0072818188928067
4314,0.0068958331830799
4316,0.0042222226038575
4317,0.0276161637157201
4318,0.0059523810632526
4320,0.0034916666336357
4321,0.0029999997932463
4323,0.0030863636638969
4325,0.0260227266699075
4326,0.0094821425154805
4327,0.0054583335295319
4328,0.0032564103603363
4329,0.0107500003650784
4330,0.0121845230460166
4331,0.0107272733002901
4332,0.0041666668839752
4333,0.0029907405842095
4335,0.0040000001899898
4336,0.0060855615884065
4337,0.0195948276668787
4339,0.0043111112900078
4342,0.0054710744880139
4345,0.0046212123706936
4346,0.004033057950437
4347,0.0045363632962107
4348,0.0028194447513669
4349,0.0249300710856914
4353,0.0061657754704356
4354,0.0051818182691931
4356,0.0034454544074833
4357,0.005083333235234
4362,0.0043385415337979
4363,0.0033388431183993
4365,0.0053043481893837
4366,0.0120333340018987
4367,0.0046571427956223
4369,0.0042820512317121
4370,0.0028133972082287
4371,0.0049242423847317
4373,0.0097454544156789
4374,0.0081090908497571
4375,0.0080625005066394
4377,0.00508264452219
4379,0.0033422459382563
4380,0.0076022730208933
4381,0.0147916674613952
4382,0.0037326207384467
4383,0.0114166671410202
4384,0.0073333336040377
4387,0.0030499999411404
4388,0.063748262822628
4389,0.007506410125643
4393,0.0036428575403988
4394,0.0101868687197566
4397,0.0083272727206349
4398,0.0033939396962523
4399,0.0029469698201864
4400,0.0046363635919988
4401,0.004376623313874
4402,0.00815702509135
4404,0.0031767676118761
4406,0.007369318511337
4407,0.0043939398601651
4409,0.0159358978271484
4411,0.0073550730012357
4412,0.0041602561250329
4413,0.0046969698742032
4415,0.0058525642380118
4417,0.0042944443412125
4420,0.0303382351994514
4423,0.0314444452524185
4424,0.0046495329588651
4425,0.0086388895288109
4426,0.0104652410373091
4427,0.0027671235147863
4428,0.0031558442860841
4430,0.0032032083254307
4431,0.004795454442501
4433,0.0098876999691128
4434,0.0059687499888241
4435,0.0058921570889651
4436,0.0060444446280598
4437,0.0029652779921889
4438,0.0083181820809841
4439,0.0040909093804657
4440,0.0283030308783054
4442,0.0063636368140578
4443,0.0038484849501401
4444,0.0048355553299188
4445,0.0108295464888215
4446,0.0041583334095776
4447,0.0027777778450399
4448,0.0034420292358845
4449,0.0059074079617857
4450,0.0038465911056846
4451,0.0039090909995138
4453,0.0077777779661118
4456,0.0126481475308537
4457,0.0077272728085517
4458,0.0042090909555554
4459,0.0036875000223517
4460,0.0040763891302049
4462,0.0038333337288349
4463,0.0063055553473532
4464,0.0092954542487859
4465,0.0093680555000901
4466,0.0188583340495824
4467,0.0030654210131615
4468,0.0031822917517274
4469,0.0055277775973081
4471,0.0355757586658
4472,0.0033253584988415
4473,0.007090909872204
4475,0.0072631584480404
4477,0.0033106063492596
4478,0.0037395835388451
4479,0.0128055559471249
4480,0.0080330586060881
4481,0.0173426568508148
4482,0.0198382344096899
4484,0.0030092594679445
4486,0.0049370625056326
4487,0.0033352272585034
4488,0.0025594409089535
4491,0.0065611517056822
4492,0.002854166785255
4494,0.0090138893574476
4496,0.0027727272827178
4497,0.0081969695165753
4498,0.017387256026268
4499,0.0083229159936308
4500,0.004502392373979
4501,0.0035619833506643
4502,0.0044772722758352
4503,0.006180556025356
4504,0.0080982148647308
4505,0.0076727266423404
4507,0.006339743733406
4511,0.0053932587616145
4512,0.0035785126965492
4514,0.0134351858869194
4515,0.0073853218927979
4516,0.0030454550869762
4517,0.0069020977243781
4519,0.0160075742751359
4520,0.0065178573131561
4521,0.002686274703592
4523,0.0186859518289566
4524,0.0048333331942558
4526,0.0038967137224972
4527,0.0189930070191621
4528,0.008294872008264
4529,0.0045083332806825
4530,0.0065075759775936
4531,0.0059870132245123
4532,0.0035000001080334
4534,0.0029772729612886
4535,0.0059727276675403
4537,0.0027380953542888
4538,0.0042574256658554
4540,0.0071488101966679
4541,0.0087803034111857
4543,0.003391025820747
4544,0.0047342660836875
4546,0.0043974360451102
4548,0.0051969704218208
4549,0.0059090908616781
4550,0.0042272727005183
4551,0.0117954555898904
4552,0.0212380960583686
4553,0.0093727270141243
4556,0.0046488544903695
4558,0.0095878792926669
4559,0.0075502395629882
4560,0.0047083334065973
4561,0.0071722222492098
4562,0.008444445207715
4563,0.0046458332799375
4564,0.0044743590988218
4566,0.0031287882011383
4567,0.0043383836746215
4568,0.007250000257045
4569,0.0048263892531394
4571,0.0032685187179595
4573,0.0057820514775812
4574,0.0064852070063352
4576,0.0080000003799796
4579,0.0044621210545301
4581,0.002673797076568
4582,0.0036363636609166
4583,0.0075294119305908
4584,0.0112727265805006
4586,0.0040743798017501
4587,0.0039236117154359
4588,0.0040357145480811
4590,0.0046223779208958
4592,0.003148760413751
4594,0.0094132227823138
4598,0.0093787880614399
4599,0.0260705146938562
4600,0.0133803691715002
4601,0.0039155846461653
4602,0.0062077930197119
4603,0.0207676775753498
4604,0.0088411215692758
4605,0.0027261909563094
4606,0.0036161616444587
4607,0.0220588240772485
4609,0.0080000003799796
4610,0.0118111111223697
4612,0.0091022728011012
4616,0.0024666669778525
4617,0.0268222261220216
4619,0.005048387683928
4620,0.0052884616889059
4621,0.0058060605078935
4623,0.0050069447606801
4624,0.0043939393945038
4626,0.0024292930029332
4627,0.0042727277614176
4629,0.0048181819729506
4630,0.0024264706298708
4631,0.0125454543158411
4632,0.0051074381917715
4634,0.0032361112534999
4635,0.0378760397434234
4636,0.0053750001825392
4637,0.005897435825318
4642,0.0051602567546069
4643,0.0130991740152239
4645,0.0058263889513909
4646,0.0026614584494382
4647,0.0051979166455566
4649,0.007097222842276
4650,0.0047660823911428
4653,0.0037626263219863
4654,0.0048916661180555
4655,0.0225972216576337
4656,0.0073333336040377
4657,0.0058571430854499
4658,0.0033906251192092
4660,0.045902781188488
4661,0.0043333331122994
4662,0.031583335250616
4663,0.0560427792370319
4667,0.0109666669741272
4668,0.0194285716861486
4669,0.0200151521712541
4670,0.0033552630338817
4671,0.0047482517547905
4672,0.0067244893871247
4673,0.0059803924523293
4676,0.0647718086838722
4677,0.0110909081995487
4678,0.004091550130397
4679,0.0048311688005924
4680,0.0048677683807909
4681,0.0064793392084538
4684,0.006822966504842
4687,0.003057851223275
4688,0.0078541673719882
4689,0.0053397440351545
4690,0.0176181811839342
4691,0.0028489585965871
4692,0.0033131316304206
4693,0.0038925618864595
4694,0.0030151517130434
4695,0.0033039217814803
4696,0.0152738094329833
4697,0.0053431368432939
4698,0.0061250003054738
4699,0.0086446283385157
4701,0.0063333339057862
4705,0.0060932203195989
4706,0.0338595025241375
4708,0.0031666671857237
4709,0.0172181818634271
4710,0.0031666669528931
4715,0.0144218755885958
4716,0.0058787879534065
4717,0.003319444367662
4719,0.0059338835999369
4720,0.0066272723488509
4724,0.0062597403302788
4725,0.007479166612029
4727,0.002909090835601
4728,0.0062525253742933
4730,0.0026534092612564
4731,0.0060312501154839
4734,0.0075867767445743
4736,0.0065566501580178
4737,0.0026115705259144
4739,0.0064523816108703
4740,0.0071388888172805
4741,0.0056296293623745
4742,0.005166667047888
4743,0.0035357144661247
4745,0.0043977270834147
4746,0.004401515237987
4747,0.0044166669249534
4748,0.0032987017184495
4750,0.006386861205101
4751,0.0061570247635245
4754,0.0113007007166743
4755,0.0033496508840471
4757,0.006947673857212
4758,0.0152527475729584
4759,0.0194218754768371
4761,0.010250000283122
4762,0.0023596493992954
4763,0.0292192939668893
4764,0.0068712122738361
4765,0.0084761902689933
4767,0.0041666668839752
4769,0.0040209791623055
4771,0.0275227297097444
4772,0.0066214287653565
4773,0.0075961533002555
4775,0.057937067002058
4776,0.010969697497785
4777,0.0346808545291423
4778,0.0060606058686971
4779,0.0134513890370726
4780,0.0067333336919546
4781,0.0032986113801598
4782,0.032999999821186
4785,0.0060855615884065
4786,0.0053030299022793
4789,0.0237338151782751
4792,0.0027090911753475
4793,0.0051239668391644
4795,0.0031488097738474
4796,0.0058666667900979
4797,0.0101999994367361
4798,0.0045681819319725
4800,0.0029708333313465
4801,0.0039242426864802
4802,0.0102727273479104
4803,0.0133402775973081
4804,0.0061239670030772
4805,0.0035546873696148
4806,0.0053999996744096
4807,0.0066439392976462
4808,0.0046515152789652
4811,0.0210636369884014
4812,0.0053076925687491
4813,0.00756372557953
4814,0.0057159094139933
4816,0.0041944445110857
4819,0.0162424240261316
4820,0.0024042553268373
4823,0.0072272736579179
4825,0.0125952381640672
4826,0.0066000004298985
4827,0.0033333338797092
4828,0.0054833334870636
4830,0.0096643371507525
4831,0.0160241946578025
4833,0.011141026392579
4834,0.006371212657541
4835,0.0073909098282456
4837,0.0043434342369437
4839,0.0106038972735404
4840,0.017652777954936
4843,0.0041602565906941
4844,0.0136543782427906
4845,0.0064523816108703
4846,0.0071403514593839
4848,0.0042685186490416
4849,0.0127878785133361
4854,0.0149739598855376
4855,0.003141414374113
4856,0.0043181828223168
4857,0.0049509801901876
4858,0.0044102566316723
4859,0.0044880951754748
4860,0.0096944458782672
4861,0.0033409090247005
4862,0.009613636881113
4863,0.003411483252421
4864,0.0033894735388457
4865,0.0023863636888563
4866,0.0111504849046468
4868,0.0056180558167397
4869,0.0078977281227707
4871,0.0035999999381601
4872,0.0043636364862322
4875,0.0048636365681886
4876,0.0103953490033745
4877,0.0074265738949179
4883,0.007295454852283
4887,0.0505277775228023
4888,0.0034166672267019
4889,0.0034375002142041
4890,0.0032299465965479
4891,0.0101096481084823
4892,0.0062525253742933
4894,0.003868055762723
4895,0.0499166697263717
4896,0.0052569452673196
4899,0.0033181824255734
4900,0.0060833333991467
4901,0.0084038469940423
4903,0.0081904763355851
4906,0.0040499996393918
4908,0.0081988638266921
4910,0.0054027782753109
4911,0.0131999999284744
4912,0.0097307683899998
4914,0.0099924243986606
4916,0.0028579547069966
4918,0.0120202014222741
4920,0.0072796610184013
4921,0.0039610392414033
4923,0.0057857143692672
4924,0.0032102277036756
4925,0.0039220782928168
4926,0.0079659083858132
4927,0.0034469699021428
4930,0.0036181819159537
4931,0.0028750002384185
4935,0.0204772744327783
4937,0.0054469699971377
4938,0.006898395717144
4939,0.0085999993607401
4940,0.0032352940179407
4941,0.0034830509684979
4942,0.0055818185210227
4943,0.0033484851010143
4945,0.0032196976244449
4946,0.004553030245006
4947,0.0056904763914644
4948,0.002911765128374
4949,0.0039860145188868
4950,0.00427619041875
4951,0.0058676470071077
4952,0.0034181820228695
4957,0.0045588235370814
4958,0.0094325840473175
4959,0.0090000005438923
4961,0.0098677687346935
4962,0.0062222224660217
4963,0.0030242425855249
4964,0.0043653850443661
4968,0.0041916668415069
4969,0.0042892559431493
4970,0.0046538463793694
4971,0.0029909906443208
4974,0.0058409092016518
4975,0.0048823528923094
4976,0.0113216778263449
4977,0.0110363634303212
4978,0.0219740271568298
4979,0.0044141416437923
4981,0.0067190085537731
4982,0.0069032260216772
4983,0.0104393940418958
4984,0.0037662340328097
4985,0.0038181813433766
4986,0.0088951056823134
4988,0.0240666661411523
4990,0.00326315802522
4994,0.0033057851251214
4996,0.006699301302433
5000,0.0066787879914045
5002,0.0075474455952644
5003,0.0329515151679515
5004,0.0040238099172711
5005,0.0030902782455086
5010,0.0062597403302788
5011,0.0030648147221654
5012,0.011811688542366
5013,0.0036217952147126
5014,0.0058876401744782
5015,0.0086025642231106
5016,0.0063653839752078
5017,0.00647500064224
5018,0.0057083340361714
5020,0.0044054058380424
5021,0.008493055589497
5022,0.0057999999262392
5024,0.0046785715967416
5026,0.0044791670516133
5027,0.0048030302859842
5029,0.0028712120838463
5030,0.0040139858610928
5032,0.009400000795722
5033,0.0031616163905709
5034,0.0063666673377156
5035,0.0036242427304387
5036,0.0035606063902378
5037,0.0038106061983853
5038,0.0088376626372337
5039,0.0046923081390559
5041,0.0046666669659316
5043,0.0059090913273394
5045,0.0076272739097476
5046,0.0058399997651577
5047,0.0042500002309679
5048,0.006743055768311
5049,0.0032604169100522
5050,0.0114607857540249
5051,0.0062647056765854
5053,0.003621621755883
5055,0.0059510492719709
5059,0.0108811184763908
5060,0.0038611111231148
5062,0.0042818184010684
5065,0.0106363641098141
5066,0.0134272733703255
5067,0.0068368799984455
5069,0.008977273479104
5071,0.0069518722593784
5072,0.0059007634408771
5073,0.0041666668839752
5074,0.003742424538359
5076,0.0025728153996169
5077,0.0028581083752214
5079,0.0092181824147701
5081,0.007446969859302
5082,0.0037708331365138
5084,0.0124313738197088
5085,0.0065741622820496
5086,0.0030705130193382
5087,0.0232820529490709
5089,0.0216503478586673
5091,0.003841666970402
5093,0.0082386368885636
5094,0.0067348484881222
5095,0.005025974009186
5097,0.0030972224194556
5099,0.0404416695237159
5101,0.0030972224194556
5102,0.0043939398601651
5104,0.0093020843341946
5107,0.0164748206734657
5108,0.0082954550161957
5109,0.0060209790244698
5110,0.017759358510375
5111,0.0033289473503828
5112,0.0040584416128695
5113,0.003674641251564
5115,0.0034898989833891
5116,0.0077051292173564
5117,0.008937063626945
5118,0.0034049586392939
5119,0.0220930241048336
5120,0.0091717178001999
5121,0.0034615390468388
5123,0.0096909068524837
5124,0.0045454544015228
5125,0.0061888112686574
5128,0.0041969697922468
5129,0.0037587718106806
5132,0.0397226922214031
5134,0.0074895112775266
5135,0.0048722228966653
5139,0.007065656594932
5140,0.0078311692923307
5142,0.0091439392417669
5143,0.0040578511543571
5144,0.0089158881455659
5146,0.0342954583466053
5149,0.0057024797424674
5150,0.0040209791623055
5151,0.0027272729203104
5152,0.0030885420273989
5153,0.0045458334498107
5154,0.0095000006258487
5155,0.1441734135150909
5156,0.0073434342630207
5158,0.0082429917529225
5161,0.0056742425076663
5162,0.0072575756348669
5163,0.0129242427647113
5167,0.0107061602175235
5170,0.0020802142098546
5172,0.0063385418616235
5174,0.0087083335965871
5175,0.0028958332259207
5176,0.0628333389759063
5177,0.0060648149810731
5178,0.0061153848655521
5180,0.0204479172825813
5181,0.0029772729612886
5182,0.0032999999821186
5183,0.0252727270126342
5184,0.011173078790307
5187,0.0116666676476597
5188,0.0083701303228735
5189,0.0048819445073604
5191,0.0106136361137032
5192,0.0134166665375232
5193,0.0113125005736947
5194,0.0041235294193029
5195,0.0076756766065955
5196,0.0110991727560758
5197,0.0157946441322565
5198,0.0051515158265829
5199,0.0070082647725939
5200,0.0061363633722066
5201,0.0086576575413346
5202,0.0159636363387107
5203,0.0036794261541217
5207,0.0098181823268532
5209,0.0116090904921293
5211,0.0136111117899417
5213,0.0081652896478772
5214,0.0036199998576194
5215,0.0025448719970881
5217,0.0065972227603197
5219,0.0048809526488184
5221,0.0076282056979835
5222,0.0063508776947855
5225,0.0070629371330142
5226,0.0167083349078893
5229,0.0044824564829468
5230,0.0118677681311964
5231,0.0198977291584014
5232,0.0035416670143604
5233,0.0041048950515687
5234,0.0047708335332572
5236,0.0143237421289086
5238,0.0049166665412485
5239,0.0044427085667848
5240,0.0462031252682209
5241,0.0043535358272492
5244,0.0036267943214625
5245,0.0066333333961665
5246,0.0246250033378601
5247,0.0043731345795094
5248,0.0023657409474253
5249,0.006878787651658
5251,0.0028333335649222
5252,0.0070378789678215
5253,0.0069090914912521
5254,0.0049696969799697
5256,0.0103484848514199
5257,0.0201818197965621
5258,0.0068671330809593
5260,0.0096590910106897
5261,0.0049090906977653
5262,0.0077515924349427
5264,0.0258382353931665
5265,0.0069687501527369
5268,0.003506944514811
5269,0.0058472226373851
5270,0.0037500003818422
5272,0.0038560610264539
5273,0.0106363650411367
5274,0.0049871797673404
5275,0.0062727271579205
5277,0.0094930557534098
5278,0.0066319447942078
5279,0.0035999999381601
5280,0.0179583337157964
5282,0.0195397734642028
5283,0.0047878790646791
5287,0.0028500000480562
5288,0.0034242426045238
5289,0.0081893950700759
5290,0.0034475531429052
5292,0.0096399998292326
5293,0.0037500001490116
5294,0.0038409098051488
5295,0.004110048059374
5296,0.0058116884902119
5297,0.0082864584401249
5298,0.0080559449270367
5300,0.0042045461013913
5301,0.0062467535026371
5305,0.004019480664283
5307,0.01180952321738
5310,0.0091735543683171
5311,0.0047777779400348
5312,0.0047401576302945
5313,0.0045227273367345
5314,0.0042013889178633
5315,0.0044607841409742
5317,0.0130277788266539
5318,0.0077042253687977
5320,0.005363636650145
5321,0.0089034102857112
5322,0.0027692310977727
5324,0.0100185191258788
5325,0.0029090910684317
5326,0.0032644625753164
5328,0.0031777778640389
5329,0.0040972223505377
5330,0.0045833336189389
5331,0.0104418601840734
5334,0.0134722227230668
5335,0.0074772732332348
5336,0.0065138884820044
5337,0.0042803036049008
5338,0.0040670107118785
5340,0.0291136372834444
5341,0.0029893049504607
5343,0.005879629869014
5345,0.0077142855152487
5346,0.0029215689282864
5347,0.0039166673086583
5349,0.005021390505135
5350,0.0102447550743818
5352,0.0127314804121851
5354,0.0108067225664854
5355,0.0042250002734363
5356,0.0046488097868859
5357,0.0060075763612985
5358,0.0081818178296089
5359,0.006393939256668
5361,0.003794117597863
5363,0.010121738538146
5364,0.018454547971487
5366,0.0158061254769563
5368,0.0042337663471698
5369,0.0029494948685169
5370,0.0108095249161124
5372,0.002395833376795
5373,0.0152228912338614
5374,0.0042941174469888
5375,0.004314815159887
5376,0.0064551280811429
5378,0.0051916670054197
5380,0.0058257575146853
5381,0.00860330555588
5382,0.0086875008419156
5383,0.0058397445827722
5384,0.003373737912625
5385,0.0037692307960242
5388,0.0198518522083759
5389,0.0036176473367959
5390,0.0101944450289011
5391,0.0063287043012678
5392,0.0099298246204853
5393,0.0034210528247058
5395,0.0131779154762625
5397,0.009439393877983
5398,0.0098299318924546
5400,0.0065999999642372
5401,0.0148842986673116
5403,0.0152222225442528
5405,0.0029848488047719
5406,0.0039602275937795
5409,0.007552083581686
5410,0.0069696977734565
5411,0.0108959982171654
5412,0.0107727264985442
5413,0.0032401960343122
5414,0.011600000783801
5415,0.0029583335854113
5416,0.0158409103751182
5419,0.0130000002682209
5421,0.0026153849903494
5423,0.0131979174911975
5428,0.0067062936723232
5430,0.028608975932002
5431,0.0139020970091223
5432,0.0053749997168779
5434,0.0035289258230477
5435,0.0061319451779127
5436,0.0035333333071321
5438,0.0058611114509403
5439,0.003327272599563
5441,0.0039805197156965
5442,0.013972726650536
5443,0.018750000745058
5445,0.0058106062933802
5446,0.0054318183101713
5447,0.0157939381897449
5448,0.0225104894489049
5449,0.0077549018897116
5450,0.0031188812572509
5452,0.0032714288681745
5453,0.0035347226075828
5454,0.0043801655992865
5455,0.0059656864032149
5456,0.0042500002309679
5457,0.0079393945634365
5458,0.0059090913273394
5465,0.0064480523578822
5466,0.0113257588818669
5468,0.0056096259504556
5469,0.0071726194582879
5470,0.0089090913534164
5473,0.0048404256813228
5474,0.0057211541570723
5475,0.0220454558730125
5476,0.0036510415375232
5478,0.0063706296496093
5480,0.0062566841952502
5481,0.0054242424666881
5482,0.0048055555671453
5483,0.0087748346850276
5485,0.0027202384080737
5486,0.0181164033710956
5487,0.0073566436767578
5489,0.003047619247809
5491,0.0091328676789999
5492,0.0092187505215406
5493,0.0136416675522923
5494,0.0177651531994342
5499,0.0043428572826087
5501,0.0130681814625859
5502,0.0055505051277577
5503,0.0021666667889803
5504,0.0028772728983312
5505,0.0046547618694603
5508,0.003622377756983
5510,0.0042892559431493
5511,0.0060765547677874
5513,0.0043012821115553
5514,0.0044166669249534
5519,0.0244444441050291
5520,0.0088787889108061
5523,0.0070000002160668
5524,0.006180556025356
5525,0.0036590909585356
5526,0.0038511909078806
5527,0.00959740485996
5528,0.0043064514175057
5529,0.0133402785286307
5530,0.0043787881731987
5531,0.0120081966742873
5533,0.0075803571380674
5534,0.002881578868255
5535,0.0068939398042857
5536,0.0077272723428905
5537,0.0047239582054317
5538,0.0020892859902232
5541,0.007038889452815
5544,0.0056545455008745
5545,0.0033388889860361
5546,0.0438181832432746
5547,0.0086666671559214
5548,0.0086223781108856
5549,0.004287879448384
5550,0.0037878786679357
5551,0.0239917356520891
5552,0.0116060627624392
5554,0.0087412586435675
5555,0.0040056821890175
5557,0.005198020953685
5560,0.0174444448202848
5561,0.0058989897370338
5562,0.0040641715750098
5563,0.0026279068551957
5565,0.0169469695538282
5566,0.0043409094214439
5567,0.0071015623398125
5570,0.0112500004470348
5571,0.0047500003129243
5572,0.0141193186864256
5573,0.0029388891998678
5574,0.0064166663214564
5576,0.0032479339279234
5577,0.0072281556203961
5578,0.0033392859622836
5580,0.0046168831177055
5583,0.0081018526107072
5584,0.004072222393006
5587,0.0066527780145406
5588,0.0034345239400863
5589,0.0064583332277834
5590,0.0138558140024542
5591,0.014891667291522
5592,0.0045075761154294
5594,0.0055416668765246
5595,0.0038571432232856
5596,0.0059166667051613
5597,0.0033589745871722
5598,0.0063098594546318
5599,0.0059666661545634
5600,0.0029197861440479
5601,0.0043181823566555
5602,0.0025486114900559
5606,0.0081333331763744
5607,0.0053541669622063
5608,0.0067241378128528
5609,0.0041562500409781
5611,0.0087716057896614
5612,0.0185178574174642
5613,0.0048106061294674
5614,0.0080686276778578
5615,0.0059837396256625
5617,0.0042023812420666
5618,0.0093273809179663
5619,0.0025166671257466
5620,0.0090681817382574
5621,0.0025722223799675
5622,0.0055289263837039
5623,0.0067416667006909
5627,0.0061999997124075
5630,0.0073272725567221
5633,0.0206115711480379
5635,0.0028595509938895
5636,0.0041287885978817
5637,0.0020421054214239
5639,0.0092809926718473
5640,0.0031893944833427
5641,0.0020714285783469
5645,0.0056500001810491
5646,0.0033461540006101
5647,0.0095303039997816
5648,0.0087383175268769
5649,0.0460826456546783
5650,0.0082051279023289
5653,0.0104743596166372
5655,0.004389610607177
5657,0.0051538464613258
5658,0.0707575753331184
5659,0.0085955066606402
5662,0.0055568185634911
5665,0.0159523822367191
5666,0.0039367089048027
5667,0.0087121222168207
5668,0.0042202384211122
5669,0.0070090093649923
5671,0.0065064108930528
5672,0.0042937062680721
5673,0.0077151521109044
5674,0.0042878785170614
5675,0.0111136371269822
5676,0.0070625003427267
5677,0.0060000009834766
5680,0.00412820558995
5682,0.0183068197220563
5683,0.0029876541811972
5690,0.0042771082371473
5691,0.0035722223110497
5692,0.0044848485849797
5694,0.0042196973226964
5697,0.0038636364042758
5700,0.0084155863150954
5701,0.0067651513963937
5703,0.0068560605868697
5704,0.0108333341777324
5705,0.0127575760707259
5706,0.0039696972817182
5708,0.0043121948838233
5711,0.0106217954307794
5712,0.0040636365301907
5713,0.0030000002589076
5716,0.0101103894412517
5719,0.0039444444701075
5722,0.0033522730227559
5723,0.0036033056676387
5724,0.0102692311629652
5725,0.0038141028489917
5728,0.003390350844711
5729,0.0052314819768071
5730,0.0089090913534164
5731,0.028458334505558
5732,0.0369305536150932
5733,0.0045357146300375
5734,0.0031833329703658
5735,0.0117600010707974
5736,0.043133694678545
5737,0.0033277780748903
5739,0.0065530305728316
5740,0.0106428582221269
5741,0.0080069946125149
5743,0.0039722225628793
5744,0.0044181821867823
5746,0.0073223137296736
5747,0.0036736114416271
5748,0.0088613871484994
5749,0.0031233769841492
5750,0.0038181818090379
5753,0.0037968750111758
5757,0.0046493508853018
5758,0.0042243595235049
5760,0.0046883122995495
5761,0.0033194448333233
5762,0.0068232328630983
5765,0.0072592594660818
5767,0.0056730778887867
5771,0.0029783551581203
5772,0.0101944450289011
5773,0.0074772723019123
5775,0.0078532109037041
5777,0.0034870132803916
5778,0.0082121221348643
5780,0.0043333335779607
5782,0.011184524744749
5783,0.0033181821927428
5784,0.0084513891488313
5786,0.0082708336412906
5788,0.0142834661528468
5789,0.0022575759794563
5790,0.0050833341665565
5791,0.0041681816801428
5792,0.0094335675239562
5793,0.0033181817270815
5794,0.0029581589624285
5795,0.0139173557981848
5796,0.0047727273777127
5797,0.0036416666116565
5798,0.0039431820623576
5799,0.0022192515898495
5802,0.0055714286863803
5804,0.0044242427684366
5805,0.0062401960603892
5806,0.0164696965366601
5807,0.0032013889867812
5808,0.0101153850555419
5810,0.0086031751707196
5811,0.0056909099221229
5812,0.0154418610036373
5813,0.0034318184480071
5814,0.0316363647580146
5815,0.0110170459374785
5816,0.0055833337828516
5817,0.0530500002205371
5818,0.0144965033978223
5819,0.003385474672541
5821,0.0080170454457402
5825,0.0094015151262283
5826,0.0045652175322175
5827,0.0047187502495944
5828,0.0121818175539374
5829,0.0150873009115457
5830,0.0191319454461336
5831,0.0043773585930466
5832,0.0044259261339902
5833,0.0263571422547101
5834,0.0068775508552789
5835,0.0032129629980772
5836,0.007163637317717
5837,0.0030625003855675
5838,0.0059650354087352
5840,0.0033106063492596
5841,0.0043030306696891
5843,0.0115974033251404
5844,0.0242896564304828
5845,0.0049027781933546
5846,0.00549305556342
5847,0.0033333336468786
5848,0.0084750009700655
5850,0.00609090924263
5851,0.0058787879534065
5852,0.0026713288389146
5854,0.0051210192032158
5855,0.005034090951085
5856,0.0045289257541298
5857,0.0063409092836081
5858,0.0069687501527369
5859,0.0040641031228005
5860,0.0046896552667021
5861,0.0075256410054862
5862,0.0028742859140038
5863,0.0039861113764345
5865,0.0055303033441305
5867,0.0025984852109104
5870,0.004950413480401
5871,0.0075416662730276
5872,0.0055052079260349
5873,0.0029752068221569
5874,0.0089621217921376
5875,0.0040172412991523
5877,0.0046280990354716
5878,0.0033363637048751
5879,0.0039423075504601
5880,0.0059166667051613
5881,0.0030086208134889
5883,0.0058125001378357
5885,0.0064454548992216
5887,0.0054999999701976
5888,0.0118409097194671
5890,0.003777777776122
5891,0.0039500002749264
5893,0.0066868686117231
5894,0.0040654763579368
5896,0.0054444442503154
5898,0.0356597229838371
5899,0.0040637254714965
5900,0.007335664704442
5901,0.0080378800630569
5902,0.0041984734125435
5905,0.0083030313253402
5906,0.0033604651689529
5908,0.0083854170516133
5910,0.0097777768969535
5911,0.0039821430109441
5914,0.0137102277949452
5915,0.0039898990653455
5916,0.0059791672974824
5918,0.0053522731177508
5919,0.0036428570747375
5920,0.0030239233747124
5921,0.0124642867594957
5922,0.0089783547446131
5923,0.0081111108884215
5926,0.002738889073953
5928,0.0070486119948327
5929,0.0121319442987442
5930,0.0294772740453481
5931,0.006893940269947
5932,0.0068925619125366
5933,0.0054523809812963
5935,0.0026190478820353
5937,0.038429532200098
5939,0.0131298694759607
5943,0.0042596156708896
5944,0.0042727272957563
5945,0.0065151518210768
5946,0.0025508471298962
5947,0.0434523820877075
5952,0.0074215694330632
5954,0.0083434348925948
5955,0.022620690986514
5956,0.0037976191379129
5957,0.0038383838254958
5958,0.0195050500333309
5959,0.003987013362348
5961,0.0057569444179534
5962,0.0306153874844312
5967,0.0123636368662118
5969,0.0047692311927676
5970,0.0087500000372529
5972,0.0053090914152562
5973,0.0042948713526129
5974,0.0053909090347588
5975,0.004390625283122
5976,0.0048333331942558
5978,0.0063095237128436
5979,0.012352273799479
5981,0.0050320513546466
5982,0.0088284313678741
5983,0.0047352937981486
5985,0.0032135415822267
5986,0.0110419578850269
5987,0.0057954546064138
5988,0.0055897436104714
5989,0.0035240640863776
5990,0.0029861114453524
5991,0.0369864851236343
5992,0.0076510421931743
5997,0.0027500002179294
5998,0.004867133218795
5999,0.003545454936102
6000,0.0063719009049236
6001,0.007979798130691
6002,0.0040763891302049
6003,0.0075664338655769
6005,0.0071794870309531
6006,0.00280303042382
6007,0.0324848517775535
6008,0.0045194802805781
6010,0.0037435896228998
6011,0.0133750000968575
6012,0.0408288799226284
6013,0.0090705137699842
6017,0.0100606055930256
6020,0.0029068626463413
6023,0.0194026008248329
6024,0.0029285715427249
6025,0.0052828281186521
6026,0.0044220779091119
6029,0.0044147730804979
6030,0.0028999999631196
6031,0.006727272644639
6032,0.0093480395153164
6033,0.0040389611385762
6036,0.0410606078803539
6037,0.0129166664555668
6038,0.0130909085273742
6039,0.0096060605719685
6040,0.0090209804475307
6041,0.0041888118721544
6042,0.0068961041979491
6046,0.0028030308894813
6047,0.0040303030982613
6048,0.0060374327003955
6049,0.020371213555336
6052,0.0107165789231657
6053,0.0114924246445298
6054,0.0045378790237009
6056,0.0046441718004643
6058,0.0045944061130285
6059,0.00558677688241
6060,0.0022272728383541
6061,0.0049607842229306
6062,0.0033622046466916
6065,0.0067190085537731
6066,0.0042424239218235
6067,0.0052678571082651
6068,0.0036909093614667
6070,0.0065454547293484
6071,0.0085041336715221
6072,0.0062975203618407
6073,0.002793388441205
6074,0.0050572915934026
6077,0.0024272727314382
6078,0.0057424241676926
6079,0.0064015155658125
6080,0.024318628013134
6084,0.0033423425629734
6085,0.0101932771503925
6089,0.0024824563879519
6090,0.0133983744308352
6091,0.0168181825429201
6092,0.0033484851010143
6093,0.0320833325386047
6094,0.0063920454122126
6095,0.00880519580096
6096,0.0027878789696842
6098,0.004061403684318
6100,0.0063853203319013
6101,0.0036767679266631
6105,0.0093229161575436
6106,0.0117651531472802
6108,0.0052994657307863
6110,0.008027272298932
6112,0.00711250025779
6113,0.0022222225088626
6114,0.003048951504752
6115,0.0035454547032713
6116,0.0395584441721439
6119,0.0049715908244252
6120,0.00477976212278
6121,0.0059277787804603
6122,0.0147708337754011
6123,0.0038636364042758
6125,0.0029017855413258
6126,0.0062824077904224
6127,0.0072107841260731
6128,0.0089322915300726
6129,0.006749999243766
6132,0.0077651520259678
6133,0.0065725808963179
6134,0.0037792208604514
6135,0.0070000006817281
6136,0.00538059649989
6137,0.0028863637708127
6138,0.0237878784537315
6142,0.003015151945874
6143,0.0041267611086368
6144,0.0067954552359879
6148,0.007132866885513
6150,0.006920731626451
6151,0.0047820517793297
6154,0.0043272725306451
6155,0.0109347831457853
6156,0.009840277954936
6157,0.0253333318978548
6158,0.0079930555075407
6159,0.0062317079864442
6160,0.005814102012664
6162,0.0303888898342847
6164,0.006339743733406
6167,0.0067569445818662
6168,0.0028823530301451
6171,0.0067424243316054
6172,0.0022727276664227
6174,0.011951389722526
6175,0.0162727255374193
6176,0.0373812988400459
6178,0.0143205123022198
6179,0.0034606058616191
6183,0.00390625
6185,0.0238205157220363
6186,0.0097424238920211
6188,0.0064090914092957
6189,0.0079652778804302
6190,0.0084062498062849
6193,0.0361923053860664
6195,0.0102323237806558
6196,0.0085729165002703
6197,0.0060238102450966
6198,0.0029350651893764
6199,0.0087500009685754
6201,0.005234177224338
6202,0.0191721338778734
6203,0.0082954550161957
6205,0.0027833336498588
6206,0.0044727269560098
6207,0.0136410258710384
6209,0.0382027961313724
6210,0.0324880965054035
6215,0.004013889003545
6216,0.00985833350569
6218,0.0035520836245268
6220,0.0067222225479781
6221,0.0030279722996056
6222,0.0028712120838463
6223,0.0040583331137895
6224,0.0092129632830619
6225,0.0049846153706312
6226,0.0075289257802069
6227,0.0049469694495201
6228,0.0117107443511486
6229,0.0036875000223517
6230,0.0024821432307362
6231,0.0038506493438035
6232,0.0087190084159374
6235,0.0132135413587093
6236,0.0032272727694362
6238,0.0164621211588382
6240,0.0035208340268582
6241,0.0054924245923757
6242,0.0055000004358589
6243,0.0127692315727472
6244,0.0072337659075856
6245,0.0054805194959044
6246,0.0060280370526015
6247,0.0029153849463909
6248,0.0163939390331506
6249,0.0027546298224478
6250,0.0096041671931743
6252,0.0043593752197921
6253,0.0042371139861643
6254,0.0075252531096339
6255,0.0074646468274295
6257,0.0038796295411884
6258,0.0062857144512236
6260,0.0065371901728212
6261,0.0068083335645496
6262,0.009296297095716
6264,0.0046794260852038
6265,0.0060239238664507
6266,0.0040555554442107
6267,0.0061136363074183
6268,0.0151100475341081
6269,0.0064861113205552
6272,0.0028116884641349
6273,0.0087045468389987
6275,0.0043312101624906
6276,0.0049393945373594
6277,0.0034132227301597
6278,0.0037750001065433
6279,0.0051500000990927
6281,0.0037564104422926
6284,0.0039431820623576
6286,0.0070448433980345
6287,0.0046555558219552
6290,0.0087424246594309
6292,0.0017926831496879
6293,0.0215392690151929
6295,0.0033472224604338
6296,0.0051925927400588
6297,0.0032083336263895
6298,0.0026611569337546
6299,0.004405555780977
6302,0.0084453793242573
6303,0.0042606061324477
6305,0.0074174762703478
6306,0.004266666714102
6307,0.0044464287348091
6308,0.004016529303044
6309,0.0051515148952603
6310,0.0034166672267019
6314,0.0031874999403953
6315,0.0035034967586398
6317,0.0023809527046978
6319,0.0042077922262251
6323,0.0038888887502253
6325,0.0061414139345288
6327,0.0089322924613952
6329,0.0037785717286169
6331,0.0093719009310007
6334,0.0065000001341104
6335,0.0034621218219399
6337,0.0156181827187538
6339,0.0032097902148962
6342,0.0083452379330992
6343,0.0182727295905351
6345,0.0091193178668618
6346,0.0046893944963812
6348,0.0065909102559089
6349,0.0059917364269495
6351,0.0033434343058615
6352,0.0076333340257406
6354,0.0027803033590316
6355,0.0096818162128329
6356,0.0054181814193725
6358,0.0072561986744403
6359,0.0095757581293582
6360,0.0023110050242394
6364,0.0037500001490116
6368,0.0051944446749985
6369,0.0083333328366279
6370,0.0029226189944893
6371,0.0126176476478576
6372,0.0437636412680149
6373,0.0021041668951511
6374,0.0049722217954695
6375,0.0061287879943847
6377,0.0085721919313073
6379,0.006343750283122
6380,0.0066650724038481
6381,0.0045000002719461
6382,0.003709090873599
6385,0.0030694445595145
6387,0.0071212123148143
6389,0.0087749995291233
6390,0.0147043475881218
6393,0.004795454442501
6394,0.006727272644639
6395,0.0035619833506643
6397,0.0047348486259579
6398,0.0068771932274103
6400,0.0083555560559034
6401,0.0133499996736645
6403,0.0078916670754551
6404,0.0041515156626701
6405,0.0064607840031385
6406,0.0046969698742032
6410,0.0049772732891142
6411,0.0059551284648478
6412,0.0335138887166976
6413,0.0025314688682556
6414,0.0072922077961266
6415,0.0049173557199537
6416,0.0074431817047297
6420,0.0048803421668708
6422,0.0071888118982315
6423,0.0216153860092163
6424,0.0069702379405498
6426,0.0064947917126119
6428,0.0115147065371274
6429,0.010647059418261
6430,0.00718181906268
6434,0.0045347223058342
6435,0.0042243590578436
6437,0.0078083337284624
6439,0.0062644626013934
6440,0.0088468482717871
6443,0.0070773810148239
6444,0.0034755244851112
6445,0.0026818183250725
6447,0.0037628205027431
6449,0.0033737376797944
6450,0.0059572197496891
6451,0.0044545456767082
6452,0.0028441559989005
6454,0.0037628866266459
6455,0.0282864589244127
6456,0.0090378792956471
6457,0.0091309528797864
6458,0.0245000030845403
6459,0.0096623366698622
6460,0.0146136367693543
6461,0.0068437498994171
6462,0.0035075759515166
6464,0.0052794124931097
6465,0.0435343161225318
6466,0.0216647759079933
6467,0.0048981485888361
6468,0.0042196973226964
6476,0.0056363632902503
6477,0.0281833335757255
6479,0.0492027997970581
6480,0.0043787881731987
6482,0.0040661157108843
6483,0.0040578949265182
6484,0.0031785715837031
6485,0.0113286720588803
6486,0.0061180554330348
6488,0.004085227381438
6490,0.004231481347233
6491,0.0222500003874301
6492,0.0131354173645377
6494,0.0025909091345965
6495,0.0165902785956859
6496,0.0051190480589866
6497,0.0240478478372097
6500,0.0097692310810089
6501,0.0073696975596249
6503,0.0033203125931322
6505,0.0081727281212806
6507,0.0083257583901286
6508,0.0101742437109351
6509,0.0032987017184495
6510,0.0072361114434897
6511,0.0077024796046316
6513,0.0036704547237604
6515,0.0021346153225749
6517,0.0192803032696247
6518,0.0100129880011081
6519,0.0045921052806079
6520,0.013654762879014
6521,0.0074621215462684
6522,0.0058589745312929
6524,0.0052727274596691
6525,0.0046096257865428
6526,0.0106309531256556
6527,0.0064876032993197
6529,0.0098090916872024
6531,0.0295989606529474
6532,0.0038636364042758
6533,0.0086060613393783
6534,0.0026942149270325
6535,0.0029250001534819
6536,0.0060075758956372
6537,0.0072371801361441
6538,0.0026535089127719
6540,0.0080000003799796
6542,0.005379679147154
6543,0.0060192309319972
6544,0.0032727275975048
6546,0.0038989903405308
6547,0.0180324669927358
6548,0.0105750001966953
6550,0.009716666303575
6551,0.0029375001322478
6553,0.0028579547069966
6555,0.0035984851419925
6556,0.0116666667163372
6557,0.0131893949583172
6558,0.0082009574398398
6562,0.0069510494358837
6563,0.0042870370671153
6564,0.0063222222961485
6565,0.0050738635472953
6566,0.0058181821368634
6567,0.0071730772033333
6568,0.0031333335209637
6570,0.0041515151970088
6571,0.0033939394634217
6574,0.0115151517093181
6576,0.00345138926059
6578,0.0102212382480502
6579,0.0042727272957563
6580,0.0036805558484047
6581,0.010698864236474
6582,0.0056871166452765
6583,0.0059650354087352
6584,0.002780487993732
6587,0.004064935259521
6588,0.0112083340063691
6590,0.0071060610935091
6591,0.0029635417740792
6592,0.006012987345457
6594,0.0046470593661069
6600,0.0034871797543019
6601,0.0062720589339733
6602,0.0082179494202137
6603,0.0019404762424528
6605,0.0047916667535901
6606,0.0058035715483129
6607,0.0073111108504235
6609,0.0065833334811031
6610,0.0090694446116685
6612,0.0161363650113344
6613,0.0040277782827615
6615,0.0019090909045189
6616,0.0057833334431052
6618,0.0098909093067049
6619,0.0040579712949693
6620,0.0029722223989665
6625,0.0234687495976686
6626,0.003409722354263
6627,0.0047314814291894
6628,0.0146574079990386
6629,0.0043181823566555
6630,0.0141875008121132
6632,0.0035619833506643
6635,0.006755681708455
6636,0.0052121211774647
6637,0.0040349652990698
6638,0.0127438018098473
6639,0.0117009803652763
6640,0.0055227279663085
6641,0.0089224120602011
6642,0.0219480544328689
6645,0.0046597220934927
6646,0.0044621210545301
6647,0.0032651517540216
6651,0.0056666666641831
6652,0.0187751185148954
6653,0.0061909100040793
6654,0.0040106950327754
6655,0.0031375000253319
6656,0.0060227275826036
6658,0.0078875003382563
6659,0.0037333334330469
6661,0.020111110061407
6662,0.0071818185970187
6663,0.0039837840013206
6664,0.003674242645502
6665,0.0035333337727934
6667,0.0130250006914138
6670,0.0032249998766928
6674,0.0031999999191612
6675,0.0030808080919086
6677,0.0042569446377456
6680,0.0040181819349527
6684,0.0052554113790392
6686,0.0057354844175279
6687,0.0112231392413377
6688,0.0030185186769813
6691,0.0045833340846002
6692,0.0028141026850789
6695,0.0046818181872367
6696,0.025833336636424
6701,0.063861109316349
6702,0.0034035088028758
6703,0.0084787877276539
6705,0.0083333337679505
6707,0.0060277781449258
6708,0.0043232324533164
6709,0.0248842984437942
6710,0.0069603957235813
6711,0.0114722233265638
6713,0.0047482517547905
6714,0.0108038280159235
6717,0.0030773810576647
6719,0.0055416668765246
6720,0.0056851846165955
6722,0.0029305557254701
6723,0.0042173913680016
6724,0.0070277783088386
6725,0.0199420303106308
6726,0.0032878788188099
6727,0.0047651519998908
6730,0.0022583731915801
6731,0.0048333331942558
6732,0.0034924247302114
6733,0.0079727265983819
6734,0.009955127723515
6735,0.0045206611976027
6736,0.0040272730402648
6737,0.0051258741877973
6738,0.007211111485958
6739,0.0052454536780714
6740,0.0026017315685749
6742,0.0125068500638008
6743,0.0031439396552741
6745,0.0035259742289781
6746,0.005899122916162
6747,0.0068181823007762
6749,0.0074805184267461
6750,0.008702247403562
6754,0.0245530307292938
6756,0.0042115389369428
6758,0.0058018015697598
6759,0.0074999998323619
6763,0.0060584414750337
6764,0.0031736113596707
6766,0.0027541667222976
6767,0.0027151517570018
6769,0.0035625002346932
6771,0.0100699309259653
6772,0.0039551281370222
6773,0.0064343442209064
6774,0.0034335667733103
6775,0.0044935895130038
6776,0.0035347221419215
6777,0.0050559444352984
6781,0.0058020837604999
6782,0.0064692990854382
6783,0.0052657346241176
6784,0.0044242427684366
6785,0.0058625000528991
6786,0.005423076916486
6787,0.0082753617316484
6788,0.007970149628818
6792,0.0046666669659316
6793,0.0065686269663274
6796,0.0036833335179835
6797,0.0057552084326744
6800,0.0267592594027519
6802,0.0025064938236027
6803,0.0033045455347746
6804,0.0106060616672039
6809,0.0033293415326625
6811,0.007856061682105
6812,0.0091388896107673
6813,0.0030833333730697
6814,0.0061666672118008
6816,0.006636363454163
6817,0.0023680557496845
6818,0.0047051277942955
6820,0.0032142857089638
6822,0.0040666665881872
6824,0.0149487182497978
6825,0.0029097225051373
6827,0.0164685323834419
6828,0.0334434807300567
6829,0.0142060611397027
6830,0.0069790221750736
6832,0.0036090908106416
6834,0.0388833358883857
6838,0.0068712127394974
6839,0.0160625018179416
6840,0.0040508471429347
6841,0.0040578511543571
6842,0.0025034968275576
6843,0.0090069938451051
6844,0.0074705881997942
6849,0.008166667073965
6852,0.0065000005997717
6853,0.0046590911224484
6855,0.0034393942914903
6857,0.0077754012309014
6858,0.0034062501508742
6859,0.0074125868268311
6860,0.0189586766064167
6861,0.0044814818538725
6862,0.0054488638415932
6863,0.0067651513963937
6864,0.0284628123044967
6865,0.0047500003129243
6868,0.0026145831216126
6869,0.0077954549342393
6870,0.0036993010435253
6872,0.0110909100621938
6873,0.0130909094586968
6875,0.0051538464613258
6876,0.0049173557199537
6877,0.0032666670158505
6878,0.0042597404681146
6879,0.0027152779512107
6880,0.0066590914502739
6881,0.0071022734045982
6882,0.0094166668131947
6883,0.0058347107842564
6884,0.0301029402762651
6885,0.0031328676268458
6886,0.0033884297590702
6887,0.0078454548493027
6888,0.0092364875599741
6892,0.0059545459225773
6893,0.0212954580783844
6894,0.0116684501990675
6896,0.0050333337858319
6897,0.0087847225368022
6899,0.0039423080161213
6900,0.0081323524937033
6901,0.0453333333134651
6902,0.0027777780778706
6903,0.0026562500279396
6905,0.0035530305467545
6906,0.0052500003948807
6907,0.0086470581591129
6908,0.0033969464711844
6909,0.0066136363893747
6910,0.0107435900717973
6913,0.0093611115589737
6914,0.0072916662320494
6915,0.0052569443359971
6916,0.0144886374473571
6917,0.005932773463428
6919,0.0027722225058823
6920,0.0070916670374572
6921,0.0047024795785546
6922,0.0054080002009868
6923,0.0043846149928867
6924,0.0032727275975048
6925,0.014109244570136
6927,0.0226666666567325
6928,0.0220762733370065
6929,0.0043608252890408
6931,0.0116168837994337
6932,0.0045000002719461
6935,0.0072647053748369
6936,0.0109000010415911
6940,0.0079375002533197
6942,0.0037756408564746
6944,0.0085984850302338
6945,0.013454545289278
6947,0.0041948053985834
6949,0.0052125994116067
6950,0.0085404040291905
6951,0.0039000001270323
6952,0.0079097747802734
6953,0.0063333339057862
6954,0.0027291669975966
6956,0.0062395837157964
6958,0.0058402777649462
6959,0.0047447918914258
6960,0.0038342245388776
6961,0.0078512392938137
6964,0.0111583331599831
6965,0.0033675676677376
6966,0.0076704546809196
6968,0.0029930556192994
6969,0.0032377624884247
6970,0.0035625000018626
6971,0.006755952257663
6972,0.0045745614916086
6974,0.0082499999552965
6976,0.0039749997667968
6978,0.004944444168359
6979,0.0037692307960242
6980,0.0094659095630049
6981,0.0079469699412584
6982,0.0065324679017066
6983,0.0062222224660217
6984,0.0031666669528931
6985,0.0034259259700775
6987,0.0039775283075869
6992,0.0074523813091218
6993,0.0117727275937795
6994,0.0036534091923385
6995,0.007195804733783
6996,0.0047727273777127
6998,0.0072587421163916
7000,0.0053611113689839
7001,0.0032644625753164
7002,0.0196042768657207
7003,0.0102784819900989
7004,0.0037342659197747
7007,0.0122797209769487
7008,0.0031734106596559
7009,0.0150743816047906
7010,0.0044224597513675
7012,0.0067685949616134
7013,0.0093611115589737
7014,0.0036666668020188
7015,0.0068749994970858
7016,0.0043295454233884
7017,0.0071999998763203
7018,0.0030277778860181
7020,0.0096354177221655
7021,0.0040500001050531
7023,0.0200238116085529
7024,0.0073448279872536
7026,0.0042359549552202
7027,0.003898148657754
7029,0.0043440861627459
7031,0.0114861112087965
7032,0.0371477268636226
7033,0.0028000003658235
7034,0.0083177089691162
7035,0.0058873235248029
7036,0.0294166672974824
7037,0.0131120681762695
7038,0.0089358976110816
7040,0.0035833334550261
7041,0.0022687502205371
7042,0.0026825398672372
7043,0.0036402880214154
7044,0.0165050514042377
7045,0.0032187502365559
7046,0.0052727269940078
7047,0.0335384644567966
7050,0.0082296291366219
7051,0.0048848483711481
7053,0.0098454542458057
7055,0.0085769230499863
7056,0.0124121215194463
7057,0.0075575765222311
7058,0.0258251745253801
7059,0.0040629371069371
7060,0.0045454544015228
7061,0.0070940167643129
7063,0.0044318186119198
7064,0.0471454560756683
7065,0.003337302012369
7068,0.0091538466513156
7069,0.0037499999161809
7070,0.0044909096322953
7074,0.0033636367879807
7076,0.0052097900770604
7077,0.0040925927460193
7079,0.0034473685082048
7080,0.0020231483504176
7082,0.0091888885945081
7083,0.0130191389471292
7084,0.0034846158232539
7088,0.0061813727952539
7090,0.0034736844245344
7091,0.0038636361714452
7093,0.0029617226682603
7094,0.0034685316495597
7095,0.0221111103892326
7097,0.0035175438970327
7098,0.0041570249013602
7100,0.0033421053085476
7101,0.0070530972443521
7103,0.0043135597370564
7104,0.004052632022649
7105,0.0481212176382541
7106,0.0037272730842232
7108,0.0272083319723606
7110,0.0092237768694758
7111,0.0068347109481692
7112,0.0071666669100522
7114,0.0030109891667962
7116,0.0083916084840893
7118,0.0059166667051613
7121,0.0072179487906396
7125,0.0531166717410087
7126,0.0042167836800217
7131,0.0020909092854708
7132,0.0058680558577179
7134,0.0029122808482497
7136,0.0092797214165329
7140,0.0089895837008953
7143,0.0056942151859402
7144,0.0106458328664302
7146,0.0034924244973808
7147,0.0024722223170101
7148,0.0045416667126119
7149,0.0206583347171545
7150,0.0130899474024772
7151,0.0058181821368634
7152,0.0098636345937848
7153,0.0074102571234107
7154,0.0024880955461412
7155,0.0150320511311292
7156,0.0036607927177101
7157,0.0184489786624908
7158,0.0335833393037319
7159,0.0123246759176254
7161,0.0036089743953198
7162,0.0027083335444331
7164,0.0105555551126599
7165,0.0046041663736104
7166,0.0057024797424674
7167,0.0061722225509583
7168,0.0038677684497088
7169,0.0036666668020188
7170,0.0040245098061859
7172,0.0088854171335697
7173,0.0050578513182699
7175,0.0032601819839328
7176,0.0035000001080334
7177,0.0106277801096439
7179,0.0076433569192886
7181,0.0274656862020492
7182,0.0084818182513117
7184,0.0038651688955724
7186,0.0041339281015098
7187,0.0027272731531411
7188,0.011978262104094
7191,0.0071363640017807
7197,0.0171893946826457
7198,0.0063999998383224
7199,0.0044166669249534
7201,0.0065773809328675
7204,0.0085538458079099
7205,0.0045572915114462
7206,0.0137569438666105
7209,0.0209222231060266
7210,0.0091436775401234
7211,0.0060277781449258
7212,0.0185128208249807
7213,0.0051022726111114
7214,0.0044652777723968
7218,0.0072816903702914
7220,0.0031346154864877
7221,0.0066493502818048
7222,0.0081166662275791
7223,0.0038983954582363
7224,0.0042125983163714
7229,0.0204117652028799
7230,0.0058030299842357
7231,0.0089871790260076
7233,0.0073055559769272
7234,0.0094444453716278
7236,0.0063359374180436
7239,0.011130953207612
7240,0.0074539016932249
7241,0.0063611110672354
7243,0.0042968746274709
7244,0.0066527780145406
7245,0.0041180560365319
7246,0.0030545459594577
7249,0.002535714302212
7250,0.0022929292172193
7251,0.0050303032621741
7252,0.0036710526328533
7253,0.0052532469853758
7254,0.0027500002179294
7255,0.0061590909026563
7256,0.006280303467065
7261,0.0049924245104193
7262,0.0041893944144248
7263,0.0039375000633299
7264,0.0074999998323619
7265,0.0223863646388053
7266,0.006083333864808
7267,0.0048545459285378
7269,0.006252524908632
7273,0.0044621210545301
7276,0.0110681802034378
7277,0.0085877198725938
7278,0.0077878786250948
7279,0.0050082644447684
7280,0.0026196322869509
7281,0.0032296651042997
7282,0.0040944446809589
7283,0.0183766223490238
7284,0.0035500002559274
7285,0.0059437230229377
7287,0.0413272716104984
7291,0.0099761914461851
7292,0.0054393941536545
7294,0.0056233764626085
7296,0.0047559523954987
7297,0.0087902098894119
7298,0.0045833336189389
7299,0.0032756412401795
7301,0.0062392340041697
7302,0.0026923078112304
7304,0.0325000025331974
7305,0.0062575754709541
7308,0.0035543476697057
7309,0.005409091245383
7310,0.0052222218364477
7311,0.0216562505811452
7312,0.0030984852928668
7313,0.0061666667461395
7314,0.0038806819356977
7316,0.0050096157938241
7317,0.0024642858188599
7318,0.0036477274261415
7321,0.0032986113801598
7323,0.029818182811141
7326,0.0042055561207234
7327,0.0094772735610604
7328,0.0019938650075346
7330,0.0020489131566137
7332,0.0105227278545498
7333,0.0044125872664153
7334,0.0046969703398644
7335,0.0075238090939819
7336,0.0032488040160387
7337,0.0054722223430871
7338,0.0076206903904676
7339,0.0033625001087784
7340,0.0023311690893024
7341,0.0045486111193895
7342,0.0031079547479748
7344,0.0075693782418966
7345,0.0060454541817307
7347,0.0205681808292865
7348,0.0040999995544552
7349,0.0040303035639226
7351,0.0043750000186264
7352,0.0031754390802234
7354,0.005743843037635
7357,0.0053465906530618
7359,0.0043611112050712
7360,0.0130625003948807
7361,0.0120454551652073
7362,0.0043819448910653
7363,0.0033181819599121
7364,0.0280484855175018
7366,0.0039818184450268
7367,0.005166667047888
7368,0.0074363639578223
7369,0.0037703348789364
7370,0.0130303036421537
7371,0.0130208330228924
7372,0.0040000001899898
7376,0.009868687018752
7377,0.0049272733740508
7378,0.0029740263707935
7379,0.0085111111402511
7381,0.0037708331365138
7383,0.006216216366738
7384,0.0091481488198041
7387,0.0052314046770334
7388,0.007775330916047
7389,0.0092909093946218
7390,0.0038051947485655
7391,0.023199999704957
7392,0.0133409099653363
7393,0.0054055950604379
7394,0.008958333171904
7395,0.0132121229544281
7398,0.0038560610264539
7399,0.0113465916365385
7400,0.0072569451294839
7401,0.0085909096524119
7402,0.0063870968297123
7404,0.0125333340838551
7405,0.0039791669696569
7407,0.0218333322554826
7408,0.0144583331421017
7409,0.0051696971058845
7410,0.0050419582985341
7411,0.0064166667871177
7413,0.0072777774184942
7414,0.0032435900066047
7417,0.0025804881006479
7418,0.0316859483718872
7419,0.0365227274596691
7425,0.006000000052154
7426,0.0164635423570871
7427,0.0038347109220921
7428,0.0040909093804657
7432,0.0026893205940723
7433,0.017050726339221
7434,0.0071157026104629
7435,0.0103518506512045
7437,0.0078939395025372
7438,0.002794736996293
7440,0.0047636362724006
7441,0.0035192309878766
7442,0.0050178570672869
7443,0.0042499997653067
7444,0.0025576925836503
7445,0.0107202809303998
7447,0.0026090911123901
7448,0.0074444445781409
7451,0.0051398607902228
7452,0.0045944447629153
7454,0.0029888895805925
7455,0.0076041668653488
7456,0.0083954557776451
7457,0.0054220780730247
7458,0.0041636363603174
7463,0.0290227252990007
7465,0.0058043482713401
7466,0.0067794118076562
7467,0.0392727293074131
7468,0.0031477273441851
7470,0.0046590911224484
7472,0.0069636367261409
7474,0.0216859504580497
7476,0.0310185197740793
7477,0.0563295446336269
7478,0.0079370634630322
7481,0.0033140496816486
7482,0.0074114832095801
7483,0.0073350514285266
7484,0.0037878789007663
7485,0.0033719008788466
7486,0.0026958333328366
7488,0.0035757576115429
7490,0.0079861115664243
7491,0.0076229507103562
7494,0.0073106065392494
7495,0.0025952383875846
7499,0.0063796797767281
7500,0.0039848485030233
7501,0.0079166665673255
7503,0.0187277793884277
7504,0.0095986844971776
7505,0.004000000655651
7506,0.0134925367310643
7507,0.0040977443568408
7508,0.0169431827962398
7509,0.0051893945783376
7510,0.0233223140239715
7512,0.0114166680723428
7515,0.0060427812859416
7516,0.0042986115440726
7518,0.006138889119029
7519,0.0228961054235696
7520,0.0024111114908009
7525,0.0038913043681532
7526,0.0039015153888612
7527,0.0037272726185619
7528,0.0406293720006942
7529,0.0035576927475631
7533,0.0475595295429229
7534,0.0034000002779066
7535,0.0354220792651176
7538,0.0046307696029543
7540,0.0068397438153624
7543,0.0073286704719066
7544,0.0040636365301907
7545,0.0086269844323396
7546,0.0050413222052156
7549,0.0126181803643703
7550,0.0075687207281589
7552,0.009375000372529
7553,0.0031403510365635
7555,0.029886906966567
7556,0.0030495866667479
7557,0.0308680571615695
7558,0.0101742437109351
7559,0.0397135429084301
7563,0.012022728100419
7564,0.0034531252458691
7570,0.0043815784156322
7573,0.0087023805826902
7574,0.0055785123258829
7575,0.0048181819729506
7576,0.0048512397333979
7577,0.0084255319088697
7579,0.0047857142053544
7580,0.0243541672825813
7583,0.0288016535341739
7584,0.0040583335794508
7585,0.0027749999426305
7586,0.0064545450732111
7589,0.0041030305437743
7591,0.0091531090438365
7594,0.0034166669938713
7595,0.006664122454822
7596,0.0144305564463138
7597,0.0104469712823629
7598,0.0044743590988218
7599,0.0082647064700722
7600,0.0031818184070289
7602,0.0248445961624383
7603,0.0046050418168306
7604,0.0031558445189148
7606,0.0101069528609514
7608,0.0060312501154839
7609,0.0092245982959866
7610,0.0035902778618037
7611,0.0056315786205232
7612,0.0036491227801889
7613,0.0094411764293909
7614,0.007727273274213
7615,0.0087424246594309
7618,0.0061851851642131
7619,0.0055465120822191
7620,0.0036000001709908
7621,0.003916666842997
7622,0.0135606061667203
7624,0.0044318186119198
7625,0.0067750005982816
7626,0.0052722222171723
7627,0.0079090911895036
7628,0.0036363638937473
7629,0.0032675438560545
7630,0.0022666668519377
7631,0.0074705891311168
7632,0.0086730783805251
7635,0.0037685954011976
7637,0.0026911764871329
7639,0.0017379681812599
7640,0.0079477615654468
7641,0.0057862596586346
7643,0.0025333336088806
7644,0.0055151511915028
7645,0.012076923623681
7646,0.0232340432703495
7648,0.0025255104992538
7650,0.0053541669622063
7651,0.0079272715374827
7653,0.0127696972340345
7654,0.0028437504079192
7655,0.0031709405593574
7656,0.0058674034662544
7657,0.004242424853146
7658,0.0058555556461215
7659,0.0122500006109476
7660,0.007520833518356
7661,0.0044166669249534
7662,0.0104242414236068
7665,0.0037555554881691
7666,0.0026242427993565
7668,0.0078030303120613
7669,0.0050113638862967
7670,0.0046017696149647
7671,0.0149878058582544
7672,0.0042559998109936
7673,0.0028249998576939
7674,0.0044791670516133
7675,0.0040555554442107
7676,0.0034454544074833
7677,0.002650000154972
7680,0.0200735311955213
7686,0.0049901963211596
7687,0.0040392158553004
7689,0.0057832170277833
7690,0.0155763886868953
7691,0.004121211823076
7693,0.0075757578015327
7694,0.0080559449270367
7695,0.0029575759544968
7696,0.0039256201125681
7697,0.0037455358542501
7698,0.0040151514112949
7699,0.0059111113660037
7701,0.0043194447644054
7702,0.0021617650054395
7703,0.0040530310943722
7707,0.0252307690680027
7709,0.0467638932168483
7710,0.0028194447513669
7713,0.0038571427576243
7714,0.0099907405674457
7716,0.0030686277896165
7718,0.0059248125180602
7720,0.0066590914502739
7722,0.0044583333656191
7723,0.0114722205325961
7724,0.0104454541578888
7725,0.0072222221642732
7726,0.0072121215052902
7727,0.0152575755491852
7728,0.0129886362701654
7730,0.0054060602560639
7731,0.011303030885756
7732,0.0047028986737132
7734,0.0051217949949204
7736,0.006308333016932
7737,0.0046433568932116
7739,0.0343356616795063
7740,0.005642857402563
7742,0.0077575761824846
7743,0.006765151862055
7744,0.0247598048299551
7745,0.0120576927438378
7746,0.0041868686676025
7748,0.0089907413348555
7751,0.0058666672557592
7752,0.0071919192560017
7753,0.0095151513814926
7755,0.0060090911574661
7758,0.0180740728974342
7759,0.0117058828473091
7760,0.0070202024653553
7762,0.0076979175209999
7765,0.0037205256521701
7767,0.0031136367470026
7768,0.0042222226038575
7771,0.0072909095324575
7775,0.0081818187609314
7776,0.0049545457586646
7777,0.004979798104614
7778,0.0026937799993902
7779,0.0068525639362633
7780,0.0050437957979738
7781,0.0022401965688914
7782,0.0117129627615213
7784,0.0062772277742624
7786,0.0042708334513008
7789,0.0046111112460494
7790,0.006319445092231
7794,0.0279924254864454
7796,0.0025377359706908
7798,0.0024924241006374
7800,0.0040279724635183
7801,0.0035340911708772
7802,0.0047818184830248
7804,0.0024473685771226
7807,0.0032083331607282
7808,0.0023818183690309
7809,0.0042583332397043
7811,0.0029757283627986
7813,0.0322303920984268
7814,0.0148269226774573
7815,0.0087500000372529
7816,0.0067363637499511
7819,0.0046736113727092
7821,0.0055867773480713
7822,0.0061439401470124
7824,0.0094861108809709
7825,0.0031136367470026
7826,0.0050595239736139
7827,0.0042272731661796
7828,0.0059480527415871
7830,0.0053471070714294
7833,0.0032722221221774
7834,0.0664444491267204
7835,0.0123507464304566
7836,0.0091483248397707
7837,0.0092272730544209
7839,0.0054511278867721
7840,0.0112948715686798
7843,0.0110350865870714
7847,0.0112815527245402
7848,0.0038257576525211
7850,0.0034155845642089
7851,0.0056551727466285
7852,0.0024464288726449
7853,0.004743056371808
7855,0.0123257581144571
7856,0.0068288766779005
7857,0.0063216784037649
7859,0.0069743595086038
7863,0.0018055557738989
7865,0.0172792207449674
7868,0.0048106065951287
7869,0.0032727273646742
7870,0.0031603055540472
7872,0.005440860055387
7873,0.0163333322852849
7874,0.0069480524398386
7876,0.0146818198263645
7877,0.0086280982941389
7879,0.0043986020609736
7881,0.003621621755883
7882,0.0031818181741982
7883,0.0278181824833154
7885,0.0052205882966518
7887,0.0078872544690966
7891,0.0045123966410756
7893,0.0048030307516455
7895,0.0053157899528741
7896,0.0065128207206726
7897,0.0047430559061467
7898,0.0120181823149323
7899,0.0107352929189801
7900,0.0033706296235322
7901,0.006900826934725
7902,0.0061190477572381
7903,0.0053884298540651
7905,0.0033103446476161
7906,0.0039375000633299
7907,0.0031983470544219
7908,0.0042954548262059
7909,0.0126454550772905
7910,0.0042207795195281
7914,0.0023586959578096
7915,0.0038974361959844
7916,0.0127440495416522
7918,0.0282745119184255
7920,0.0028465911746025
7921,0.0058511905372142
7923,0.0062812506221234
7924,0.0029665071051567
7925,0.0036875000223517
7928,0.0053212125785648
7929,0.007363636046648
7931,0.0033181819599121
7932,0.0045833336189389
7933,0.0079848486930131
7934,0.0037272728513926
7935,0.0091287894174456
7936,0.0031468535307794
7937,0.0027777780778706
7940,0.0117424251511693
7941,0.0241306535899639
7942,0.0092722233384847
7943,0.0067076925188302
7945,0.002929292852059
7946,0.0117909088730812
7947,0.0061792461201548
7951,0.0052333329804241
7952,0.0049250000156462
7953,0.0173894762992858
7954,0.0031103899236768
7955,0.0120427813380956
7960,0.0049595963209867
7961,0.0061363633722066
7962,0.0056181815452873
7964,0.0037565792445093
7966,0.0057777781039476
7968,0.0026161619462072
7969,0.0062142866663634
7970,0.0037676771171391
7971,0.00910100992769
7972,0.0040397723205387
7973,0.0049166670069098
7974,0.005186868365854
7976,0.0033680556807667
7977,0.0099242432042956
7979,0.0147428577765822
7980,0.0026363637298345
7981,0.0072962967678904
7982,0.0029575473163276
7984,0.0044431816786527
7985,0.0152395842596888
7986,0.0046528922393918
7988,0.010340909473598
7989,0.0042818184010684
7991,0.0051923082210123
7993,0.0065277777612209
7995,0.0043636360205709
7997,0.0045953490771353
7998,0.0043015871196985
7999,0.0080000003799796
8000,0.0031746991444379
8001,0.0042937062680721
8002,0.0056606060825288
8004,0.0032231407240033
8005,0.0079957265406847
8007,0.0053827753290534
8008,0.0097662340849637
8012,0.0298981498926877
8013,0.0065656569786369
8014,0.0094895111396908
8016,0.0074195810593664
8017,0.0030265487730503
8019,0.0026136366650462
8020,0.0025454545393586
8021,0.0049696969799697
8022,0.0076458337716758
8024,0.0049537038430571
8025,0.0254416689276695
8026,0.0027638892643153
8027,0.0083680562674999
8028,0.020363638177514
8029,0.0105075761675834
8030,0.0119652785360813
8031,0.0043295454233884
8032,0.0074588740244507
8033,0.0024561404716223
8034,0.0192847214639186
8035,0.0035950415767729
8037,0.0081398608162999
8040,0.0090818181633949
8041,0.003066666657105
8044,0.00455371895805
8046,0.0092371795326471
8049,0.0086280992254614
8052,0.0036470592021942
8053,0.0044218753464519
8054,0.0126636363565921
8058,0.009175257757306
8059,0.0034462809562683
8062,0.0086776865646243
8064,0.0051176464185118
8065,0.0070256413891911
8067,0.0040181819349527
8068,0.0089927539229393
8069,0.0148166669532656
8070,0.0039950981736183
8072,0.0607045441865921
8073,0.0451487638056278
8074,0.0090787038207054
8075,0.0073636369779706
8076,0.0370984859764575
8077,0.0041000000201165
8078,0.0195944458246231
8079,0.0088701304048299
8080,0.0214427094906568
8081,0.0029469698201864
8083,0.0062500000931322
8084,0.0040641026571393
8085,0.0060781245119869
8086,0.0101005295291543
8087,0.0066136363893747
8088,0.0157272741198539
8090,0.0064318184740841
8091,0.0079015148803591
8092,0.015604168176651
8093,0.0038461543153971
8096,0.0057636364363133
8098,0.0213796775788068
8102,0.0056287879124283
8103,0.0039629633538424
8104,0.0034444446209818
8105,0.0057361116632819
8107,0.0033461540006101
8108,0.0045773810707032
8109,0.0048186276108026
8111,0.0448545441031456
8112,0.0168101862072944
8113,0.0097249997779726
8114,0.0047603310085833
8115,0.0042913383804261
8116,0.0051531102508306
8118,0.0034017097204923
8122,0.0076666674576699
8123,0.0061111119575798
8124,0.0066909091547131
8125,0.0031127450056374
8127,0.0054531251080334
8128,0.0140701765194535
8129,0.009852941147983
8130,0.0062195118516683
8131,0.0046363635919988
8132,0.0055026742629706
8133,0.0078000002540647
8134,0.0032727273646742
8135,0.0040416666306555
8137,0.005745283793658
8139,0.0080555565655231
8140,0.0134793389588594
8141,0.0078333327546715
8143,0.0087862610816955
8144,0.0058541665785014
8145,0.0036794871557503
8146,0.0029455446638166
8148,0.0035303032491356
8149,0.0045902780257165
8151,0.0111041665077209
8152,0.0046103899367153
8155,0.0082525257021188
8156,0.0040740743279457
8158,0.0038484849501401
8159,0.0096287876367568
8160,0.0048440862447023
8164,0.0075148520991206
8165,0.0459583364427089
8166,0.0038644068408757
8167,0.0056969705037772
8168,0.0072820517234504
8173,0.0102500012144446
8174,0.0089212581515312
8176,0.0030641024932265
8180,0.0077611939050257
8183,0.0065378788858652
8184,0.0071487599052488
8185,0.0040083331987261
8187,0.0089350659400224
8190,0.0041403509676456
8191,0.0032222224399447
8192,0.0245702490210533
8193,0.0036547619383782
8194,0.0099097229540348
8195,0.0135277770459651
8196,0.003303030738607
8199,0.004587962757796
8202,0.0034090913832187
8203,0.0132013894617557
8207,0.0130573771893978
8209,0.0050909086130559
8212,0.0161319449543952
8213,0.0060757580213248
8214,0.0054513891227543
8216,0.0059136357158422
8217,0.003371212631464
8218,0.0066727278754115
8219,0.020030302926898
8220,0.0028484847862273
8222,0.0038461543153971
8224,0.0042549017816782
8225,0.0021409695036709
8226,0.0032982458360493
8229,0.0032708335202187
8231,0.0042272731661796
8235,0.0032013889867812
8237,0.0058741262182593
8239,0.0079078944399952
8242,0.0065250005573034
8243,0.0040661157108843
8246,0.0038863641675561
8247,0.0076303035020828
8248,0.0059609757736325
8249,0.0076127457432448
8250,0.0029666668269783
8252,0.0159545466303825
8253,0.0028589745052158
8254,0.0043390556238591
8255,0.0057391300797462
8256,0.0087727271020412
8257,0.0063971290364861
8258,0.0063525643199682
8259,0.0028611111920326
8261,0.003867132589221
8263,0.0227847229689359
8264,0.005729166790843
8266,0.0240000039339065
8269,0.0023636363912373
8273,0.0097666671499609
8274,0.0079916669055819
8275,0.0035448719281703
8278,0.0165773816406726
8281,0.0064848489128053
8282,0.0040486115030944
8283,0.0032777781598269
8285,0.0044027776457369
8290,0.0063484851270914
8291,0.0042121219448745
8292,0.0408541709184646
8295,0.0026623378507792
8296,0.0073553724214434
8297,0.0105454549193382
8299,0.0041893939487636
8301,0.0038277779240161
8302,0.0030649353284388
8303,0.0039090909995138
8306,0.0038951050955802
8307,0.0041655632667243
8310,0.0037179489154368
8311,0.0044132233597338
8313,0.0044049588032066
8314,0.0034685318823903
8316,0.0046718753874301
8319,0.0049259266816079
8320,0.0078943092375993
8321,0.0031136367470026
8323,0.0035106386058032
8324,0.0088153844699263
8327,0.0046875001862645
8328,0.0034583332017064
8331,0.0054025980643928
8335,0.0039015153888612
8336,0.0030151514802128
8337,0.0059583340771496
8338,0.0040000001899898
8339,0.0069715906865894
8340,0.0289870146661996
8341,0.0107902102172374
8343,0.0044265734031796
8344,0.0035378790926188
8345,0.0043333335779607
8346,0.0030559443403035
8347,0.0064123710617423
8350,0.0063205133192241
8352,0.0040705129504203
8354,0.0052142860367894
8355,0.0028303035069257
8356,0.0041083334945142
8357,0.0034305558074265
8358,0.0050707068294286
8359,0.0060606063343584
8360,0.0041168835014104
8362,0.005600000731647
8363,0.0173958335071802
8364,0.0072402604855597
8365,0.0040991739369928
8366,0.0042142858728766
8367,0.0048896106891334
8368,0.004570247605443
8369,0.0169166680425405
8370,0.0310403238981962
8371,0.0101000005379319
8373,0.0160208344459533
8374,0.0338472239673137
8375,0.0041090915910899
8376,0.0079621225595474
8378,0.0081337206065654
8381,0.0082272738218307
8382,0.007909090258181
8383,0.0059419353492558
8385,0.0106524061411619
8386,0.0037202797830104
8387,0.0133203128352761
8388,0.0150272734463214
8389,0.0089328866451978
8390,0.0057564098387956
8391,0.0124399997293949
8392,0.010404959321022
8393,0.0121298693120479
8395,0.0026121214032173
8396,0.0030000002589076
8397,0.003397436114028
8398,0.0080649359151721
8399,0.0035545455757528
8400,0.0110909091308712
8402,0.0065757576376199
8404,0.0096524059772491
8405,0.0045343139208853
8406,0.0070334929041564
8415,0.0116363633424043
8416,0.0039147729985415
8417,0.0117024797946214
8418,0.0034114581067115
8420,0.0044090910814702
8421,0.0036022728309035
8423,0.0051958039402961
8425,0.0088090915232896
8426,0.0061979168094694
8427,0.0029699250590056
8428,0.0162499994039535
8429,0.0038257576525211
8430,0.0078333327546715
8431,0.0033909089397639
8432,0.0037430557422339
8433,0.0044722221791744
8434,0.0067543857730925
8435,0.0337171778082847
8436,0.0078263897448778
8437,0.0073596495203673
8439,0.0400075763463974
8441,0.0064065032638609
8442,0.0071931821294128
8443,0.005860140081495
8445,0.005318182054907
8446,0.0867297351360321
8447,0.0052922079339623
8449,0.0032809916883707
8450,0.0036464650183916
8454,0.0032638891134411
8455,0.0124125881120562
8456,0.0050559439696371
8458,0.0041197915561497
8459,0.0065250005573034
8460,0.0036176473367959
8461,0.0042638890445232
8464,0.0042447550222277
8465,0.0143257575109601
8466,0.0047401967458426
8468,0.0020476193167269
8469,0.0283983740955591
8470,0.0036643359344452
8473,0.0159924253821373
8475,0.0133819440379738
8477,0.0036666665691882
8478,0.0039440561085939
8480,0.0075950413011014
8481,0.0049901967868208
8482,0.0359027795493602
8484,0.011545455083251
8486,0.0144297527149319
8488,0.0037045455537736
8489,0.0055064102634787
8491,0.0064429533667862
8492,0.0036969704087823
8493,0.0060000005178153
8494,0.0038636366371065
8495,0.0025980863720178
8496,0.0042045461013913
8497,0.0030694445595145
8498,0.0069393939338624
8502,0.0029494955670088
8505,0.002287037204951
8506,0.0054772729054093
8507,0.0096060615032911
8508,0.0084464298561215
8510,0.0113719012588262
8511,0.0174335669726133
8513,0.0046250000596046
8515,0.0037944444920867
8516,0.0046987175010144
8519,0.0064460788853466
8522,0.0188611112534999
8523,0.094425156712532
8524,0.0041041667573153
8526,0.0030568181537091
8527,0.0028556152246892
8528,0.0316818207502365
8530,0.0035294119734317
8531,0.0059222220443189
8532,0.014756410382688
8535,0.0090309279039502
8540,0.0062569444999098
8541,0.0048750001005828
8542,0.0133132534101605
8543,0.0088284322991967
8544,0.0048321685753762
8546,0.0048556150868535
8550,0.0115227261558175
8551,0.0087412577122449
8552,0.02032121270895
8553,0.0094444453716278
8554,0.0032986113801598
8555,0.0039772731252014
8556,0.0039790794253349
8557,0.0047272723168134
8561,0.0042396690696477
8563,0.0044636367820203
8564,0.0071739135310053
8565,0.0088787889108061
8567,0.0071118888445198
8569,0.0430489517748355
8571,0.0044641145505011
8572,0.0064166667871177
8573,0.0101055558770895
8574,0.0035930739250034
8575,0.0027794118504971
8577,0.008409721776843
8578,0.0064615379087626
8580,0.0139276320114731
8581,0.0042254901491105
8585,0.0118750007823109
8586,0.0076083918102085
8587,0.0028750002384185
8588,0.0029848488047719
8589,0.005989690311253
8590,0.0669687464833259
8591,0.0140729174017906
8594,0.0050909090787172
8595,0.0107902092859148
8596,0.0040666670538485
8597,0.0128636360168457
8598,0.0073106065392494
8599,0.0058518522419035
8601,0.004111111164093
8604,0.0074895829893648
8606,0.006208695936948
8607,0.0032575759105384
8609,0.0064049591310322
8610,0.0105174835771322
8613,0.0073712118901312
8614,0.0084973266348242
8615,0.0045371907763183
8616,0.0032847225666046
8617,0.0073437504470348
8618,0.0045568183995783
8619,0.0033939394634217
8620,0.004111111164093
8621,0.0299888905137777
8623,0.0043846159242093
8625,0.0325878784060478
8626,0.027023809030652
8627,0.003203208791092
8628,0.006277778185904
8629,0.0120227271690964
8630,0.0074999998323619
8631,0.0028564592357724
8632,0.0036180557217448
8634,0.0028000001329928
8635,0.0044375001452863
8636,0.0132870376110076
8637,0.0021948053035885
8638,0.0039930557832121
8639,0.0041919187642633
8641,0.0145123973488807
8645,0.0090404041111469
8646,0.0071333334781229
8648,0.005222222302109
8649,0.0098970588296651
8651,0.0413863658905029
8652,0.0026363637298345
8653,0.0052727274596691
8655,0.0035989582538604
8656,0.0025297622196376
8657,0.0104513885453343
8658,0.0165111124515533
8659,0.0043571428395807
8661,0.0039834710769355
8662,0.0068020834587514
8663,0.0045833331532776
8666,0.0132499998435378
8668,0.0103757586330175
8669,0.0052999998442828
8671,0.0030909094493836
8672,0.0030848488677293
8673,0.005729166790843
8674,0.0056388890370726
8675,0.0035541665274649
8677,0.0031004785560071
8678,0.0038888889830559
8680,0.0042214281857013
8681,0.0034318182151764
8682,0.00764772715047
8683,0.0178695674985647
8688,0.0040303035639226
8690,0.006064171437174
8692,0.0042569446377456
8697,0.0062068966217339
8698,0.0090555548667907
8699,0.0055555561557412
8700,0.0036706589162349
8701,0.0043166661635041
8702,0.0095636369660496
8703,0.007171569392085
8704,0.0220969729125499
8705,0.006474747788161
8706,0.0035909092985093
8707,0.0078125
8709,0.0025515155866742
8711,0.0035944054834544
8712,0.0034351148642599
8713,0.0187954548746347
8715,0.0033445381559431
8716,0.0048333336599171
8719,0.0045555559918284
8720,0.0040151518769562
8721,0.0199234988540411
8722,0.0077692312188446
8723,0.0047559523954987
8725,0.0025980393402278
8726,0.0068686874583363
8731,0.004175926093012
8733,0.0056210048496723
8734,0.030016528442502
8736,0.0077212117612361
8737,0.0087575763463974
8738,0.0029624998569488
8741,0.001890909159556
8742,0.0097696082666516
8743,0.0103377196937799
8745,0.0039097229018807
8746,0.0050695189274847
8747,0.0083216782659292
8748,0.0074924249202013
8749,0.004217171575874
8750,0.0112363640218973
8751,0.006548611447215
8752,0.0046410257928073
8753,0.0091438861563801
8754,0.00602597463876
8756,0.0046565658412873
8757,0.0042696082964539
8760,0.0072196973487734
8761,0.0017020205268636
8762,0.0077569442801177
8765,0.0091136367991566
8766,0.0061735534109175
8767,0.0043272720649838
8768,0.0071060606278479
8769,0.009468532167375
8770,0.0041351355612277
8771,0.0043589742854237
8772,0.002825757721439
8773,0.0049649123102426
8774,0.0040714284405112
8777,0.0054901968687772
8778,0.0046818181872367
8779,0.0042499997653067
8780,0.0071041667833924
8782,0.0042412276379764
8784,0.004772727843374
8786,0.0047045457176864
8787,0.0387152805924415
8788,0.0087768593803048
8790,0.0127222230657935
8793,0.0048347106203436
8794,0.0183286722749471
8798,0.0155227277427911
8799,0.0033263890072703
8800,0.0063636363483965
8801,0.0042644627392292
8802,0.0077638891525566
8806,0.0050310082733631
8807,0.0061666672118008
8808,0.0462148748338222
8809,0.0033560607116669
8810,0.0062377620488405
8811,0.0087272729724645
8812,0.0060151517391204
8813,0.0406859517097473
8817,0.0262824408710002
8818,0.0030989584047347
8820,0.0037165777757763
8821,0.0087603321298956
8824,0.0035694444086402
8825,0.0342553183436393
8826,0.0058766230940818
8827,0.0024870131164789
8828,0.0034375002142041
8830,0.0228284318000078
8832,0.0268983989953994
8833,0.0038981481920927
8836,0.0040416666306555
8837,0.0022083336953073
8838,0.0056527778506278
8839,0.0043402779847383
8840,0.0112909087911248
8842,0.0105833327397704
8844,0.007390625309199
8845,0.0028088234830647
8847,0.0098214289173483
8848,0.004654545802623
8850,0.004357143305242
8851,0.0041614584624767
8852,0.0127175925299525
8854,0.0094846161082386
8855,0.0060572922229766
8856,0.0036031750496476
8857,0.0051874998025596
8858,0.0066433567553758
8860,0.0044038463383913
8861,0.0109166670590639
8862,0.0041060610674321
8863,0.0046212123706936
8864,0.0062857144512236
8865,0.0048653841949999
8866,0.0063095241785049
8868,0.0079558826982975
8871,0.0026600989513099
8873,0.0085208332166075
8874,0.003019512630999
8876,0.0093302763998508
8878,0.0029191919602453
8879,0.005976190790534
8880,0.0094111114740371
8883,0.0028939396142959
8885,0.0067268516868352
8886,0.0152323953807353
8888,0.0077393949031829
8889,0.0043819448910653
8890,0.0074710748158395
8891,0.0134722227230668
8892,0.0034416664857417
8893,0.0039770640432834
8894,0.0059610386379063
8896,0.0048666670918464
8897,0.0028769841883331
8898,0.0047986111603677
8901,0.0050059519708156
8902,0.0040354612283408
8903,0.0040303035639226
8904,0.0041421568021178
8905,0.0041858972981572
8906,0.0029454545583575
8907,0.003391025820747
8909,0.0418977290391922
8911,0.0048703704960644
8912,0.0037636361084878
8914,0.0035914636682718
8915,0.0020181820727884
8916,0.008715278469026
8918,0.0032083336263895
8919,0.0029242427553981
8920,0.0049632359296083
8921,0.0104848481714725
8922,0.0033655916340649
8923,0.0046565658412873
8925,0.0030324677936732
8926,0.0051951222121715
8928,0.0041917809285223
8929,0.0256176479160785
8930,0.0142777794972062
8931,0.0102878790348768
8932,0.0064335661008954
8933,0.0035649351775646
8934,0.0041764704510569
8935,0.0044772722758352
8936,0.0034236114006489
8938,0.002206060802564
8939,0.0088311685249209
8940,0.0034866309724748
8942,0.0060526318848133
8946,0.0181904770433902
8947,0.0056363642215728
8949,0.0064523816108703
8950,0.0263422485440969
8953,0.0056597222574055
8954,0.0122314048931002
8958,0.0072307693772017
8959,0.0048555554822087
8961,0.0029047620482742
8964,0.0039090909995138
8965,0.0071805557236075
8966,0.0033636363223195
8968,0.0181363634765148
8971,0.005651316139847
8972,0.006878379266709
8974,0.0136750005185604
8976,0.0036713290028274
8977,0.0461487583816051
8980,0.0047786887735128
8982,0.0050902776420116
8983,0.0070559442974627
8985,0.0046224487014114
8987,0.0029656863771378
8988,0.0125353541225194
8989,0.0026818183250725
8990,0.0205277781933546
8991,0.0039090914651751
8992,0.0234491992741823
8993,0.0037433158140629
8994,0.0066606057807803
8995,0.0144871789962053
8996,0.0027916666585952
8998,0.0080991741269826
8999,0.0619416683912277
9000,0.003020690055564
9001,0.0532587468624115
9002,0.0424338281154632
9003,0.010661156848073
9004,0.0035520836245268
9005,0.0027263162191957
9006,0.0076969694346189
9007,0.0023055556230247
9009,0.0068000005558133
9010,0.0038055558688938
9011,0.0052461540326476
9012,0.0058653848245739
9013,0.0075727272778749
9014,0.0086250007152557
9018,0.0036060607526451
9021,0.0092000002041459
9022,0.0042916666716337
9023,0.0040909093804657
9024,0.0027187501545995
9026,0.006138889119029
9027,0.0032900765072554
9028,0.0168666671961545
9029,0.0284854378551244
9030,0.0082613639533519
9032,0.0052777780219912
9033,0.0031244019046425
9037,0.0034285716246813
9038,0.0067000002600252
9039,0.0027909092605113
9040,0.0029440564103424
9041,0.0029510490130633
9042,0.0075303032062947
9043,0.0046222223900258
9044,0.0052986112423241
9045,0.0023684210609644
9046,0.0059090908616781
9048,0.0103819454088807
9049,0.0071212127804756
9053,0.005846154410392
9055,0.0062208333984017
9057,0.0093737384304404
9058,0.0038461543153971
9060,0.0071666669100522
9062,0.0099848490208387
9063,0.0100151523947715
9064,0.0071287881582975
9065,0.0040259738452732
9066,0.0039083333685994
9067,0.0080000003799796
9068,0.0044015157036483
9069,0.0031742425635457
9070,0.006810606457293
9071,0.004826923366636
9072,0.0087051289156079
9073,0.0097202807664871
9074,0.0064444444142282
9075,0.0048906248994171
9076,0.0066439397633075
9078,0.0046493513509631
9079,0.0062500000931322
9082,0.0080070924013853
9083,0.0037705884315073
9086,0.0108819436281919
9088,0.0066602565348148
9089,0.0041078431531786
9091,0.0061818188987672
9093,0.0050595239736139
9094,0.0044117649085819
9096,0.009785714559257
9097,0.0035833336878567
9098,0.0032992702908813
9099,0.0032243591267615
9100,0.0317377820611
9102,0.0032620320562273
9103,0.0032272730022668
9104,0.0042333332821726
9107,0.0045416671782732
9109,0.014754238538444
9110,0.012359376065433
9111,0.0282556843012571
9115,0.0067982454784214
9117,0.0042337672784924
9118,0.0081258732825517
9120,0.0098488368093967
9122,0.026162339374423
9123,0.0045000002719461
9124,0.0064895837567746
9125,0.0052937059663236
9126,0.0045384615659713
9127,0.0082000000402331
9128,0.0063125002197921
9131,0.008166667073965
9132,0.0042975209653377
9133,0.0054343431256711
9135,0.0178545452654361
9136,0.0033223142381757
9137,0.0096090901643037
9138,0.0036916665267199
9143,0.0048205130733549
9144,0.0042587420903146
9146,0.0028282832354307
9147,0.0160738639533519
9149,0.0077045452781021
9153,0.0033750000875443
9154,0.0031439398881047
9156,0.006645833607763
9157,0.00512121245265
9159,0.0173030290752649
9160,0.0056767682544887
9161,0.0022878788877278
9162,0.0121833337470889
9164,0.0046948054805397
9165,0.0081147532910108
9166,0.0036354169715195
9167,0.0041880342178046
9168,0.0035000001080334
9169,0.0312777794897556
9170,0.0048888893797993
9171,0.0041487608104944
9172,0.0035322583280503
9173,0.0067604170180857
9175,0.0040129870176315
9176,0.0037222222890704
9177,0.0068333335220813
9179,0.0120840715244412
9180,0.0031064813956618
9181,0.0032459893263876
9182,0.0048545454628765
9183,0.00840909127146
9184,0.0031000000890344
9186,0.0067361113615334
9187,0.0310227293521165
9188,0.0031111110001802
9189,0.0046969698742032
9190,0.0053397435694932
9192,0.0057474747300148
9197,0.0121923070400953
9198,0.0115151517093181
9201,0.0039030306506901
9204,0.0473884306848049
9206,0.0067756422795355
9207,0.0035505054984241
9208,0.0042884615249931
9210,0.0046909088268876
9212,0.0093884291127324
9213,0.0386777818202972
9214,0.0041767680086195
9215,0.0090370373800396
9217,0.0090555557981133
9221,0.0045916666276752
9223,0.054496556520462
9224,0.0056090918369591
9227,0.003008333267644
9229,0.0090330578386783
9230,0.0118055557832121
9231,0.0061213872395455
9233,0.0044166669249534
9234,0.0040666665881872
9235,0.0042272731661796
9236,0.0054166670888662
9238,0.0036785716656595
9239,0.0051958332769572
9241,0.0068383840844035
9242,0.0064710741862654
9243,0.0053977277129888
9244,0.003248062217608
9245,0.0169848501682281
9247,0.006972222123295
9248,0.0090050511062145
9249,0.0042602736502885
9251,0.0023971293121576
9252,0.014686869457364
9253,0.006383332889527
9254,0.0099909091368317
9256,0.0031439396552741
9258,0.0110349645838141
9259,0.0097857154905796
9260,0.0142018785700201
9261,0.0028666669968515
9262,0.0100641017779707
9263,0.0044852942228317
9264,0.004487179685384
9269,0.0041136369109153
9271,0.0081866681575775
9272,0.0182803031057119
9273,0.0062142857350409
9274,0.0061666672118008
9275,0.0102097913622856
9276,0.0038068185094743
9277,0.0053146854043006
9280,0.0110833337530493
9281,0.002755245193839
9284,0.0082878796383738
9285,0.0137292826548218
9286,0.0040629371069371
9287,0.0150769241154193
9288,0.0143809514120221
9289,0.0053035714663565
9290,0.0052916673012077
9291,0.0060961544513702
9292,0.0120000010356307
9297,0.0089834714308381
9298,0.0058251754380762
9300,0.0170000009238719
9303,0.0040595242753624
9304,0.005729166790843
9305,0.0023541669361293
9306,0.0062900767661631
9307,0.008475000038743
9309,0.0078916670754551
9311,0.0043269228190183
9312,0.0068030301481485
9313,0.0050958334468305
9317,0.0211428571492433
9318,0.0082099996507167
9319,0.0042708334513008
9321,0.0059696971438825
9322,0.0137976193800568
9325,0.0022556821350008
9326,0.0066091958433389
9327,0.0089361714199185
9328,0.0077902101911604
9330,0.0058939391747117
9332,0.0115757584571838
9333,0.0113571425899863
9334,0.0103181842714548
9335,0.0042285714298486
9336,0.0032499998342245
9337,0.0031328673940151
9338,0.0040069445967674
9339,0.0137902088463306
9340,0.0032361114863306
9343,0.006325758062303
9346,0.0045083332806825
9348,0.0038863641675561
9350,0.0074652782641351
9351,0.0026767677627503
9353,0.0093680555000901
9355,0.0034318186808377
9357,0.0027203389909118
9359,0.0315624997019767
9360,0.0046388888731598
9361,0.0047181812115013
9363,0.0069359606131911
9364,0.0242916662245988
9366,0.0033766231499612
9367,0.0223636385053396
9368,0.0075436513870954
9369,0.0045123966410756
9370,0.0026927085127681
9371,0.0100839175283908
9372,0.0036562501918524
9375,0.0062479344196617
9376,0.0051590907387435
9377,0.0024333335459232
9378,0.0031313132494688
9379,0.0049834712408483
9384,0.0066018518991768
9385,0.0061151511035859
9387,0.0035515872295945
9389,0.0046083331108093
9390,0.0041136369109153
9392,0.0061336900107562
9394,0.0087820524349808
9395,0.0121166668832302
9399,0.0043636364862322
9401,0.0045277778990566
9402,0.0074687502346932
9403,0.017015267163515
9404,0.0029275363776832
9405,0.0058969701640307
9407,0.0072545455768704
9408,0.0032833332661539
9409,0.014340910129249
9410,0.0066931815817952
9411,0.0028106065001338
9412,0.0084019144997
9413,0.0293125007301569
9414,0.0043827164918184
9415,0.0065272725187242
9416,0.0068181823007762
9417,0.0042499997653067
9418,0.0027777778450399
9421,0.0042083333246409
9422,0.0074285715818405
9424,0.0202517509460449
9425,0.0105111114680767
9426,0.0050618560053408
9428,0.010818182490766
9429,0.0052727279253304
9430,0.0078272735700011
9431,0.0045000002719461
9432,0.0031818184070289
9433,0.0041089742444455
9434,0.0042307693511247
9435,0.0040779220871627
9436,0.0240738671272993
9437,0.0082583334296941
9438,0.0051487600430846
9440,0.004826923366636
9441,0.0024025975726544
9442,0.0041547617875039
9443,0.0190000012516975
9445,0.0085241934284567
9448,0.0579147785902023
9449,0.0160784311592578
9450,0.0089848488569259
9452,0.0116944452747702
9453,0.0115486122667789
9455,0.0043636364862322
9456,0.0040208338759839
9457,0.0106794880703091
9458,0.0046493504196405
9459,0.0038345323409885
9461,0.0170833319425582
9462,0.0041093751788139
9465,0.00420454563573
9466,0.005030701868236
9467,0.0139805199578404
9468,0.006342857144773
9470,0.0174025986343622
9471,0.0101414136588573
9472,0.0048363632522523
9473,0.004007576033473
9475,0.0032152782659977
9476,0.0020909092854708
9481,0.0203030332922935
9482,0.004397727549076
9483,0.0041369050741195
9484,0.0046805557794868
9487,0.0084965033456683
9489,0.0048805973492562
9490,0.0604147762060165
9492,0.015878789126873
9493,0.0046446286141872
9494,0.0071454555727541
9496,0.0045511815696954
9497,0.0048958337865769
9498,0.0063000000081956
9499,0.0032719294540584
9500,0.0070984852500259
9501,0.0054924245923757
9502,0.031857956200838
9503,0.0035985917784273
9507,0.004759740550071
9508,0.0141180558130145
9509,0.0037045455537736
9510,0.0135000003501772
9511,0.0065124998800456
9513,0.0060555557720363
9514,0.0023846155963838
9515,0.0038977274671196
9518,0.0228214301168918
9519,0.0036265563685446
9520,0.0046242424286901
9521,0.005083333235234
9522,0.0064780702814459
9524,0.0027286822441965
9525,0.0040787886828184
9526,0.0022307694889605
9527,0.0032500002998858
9529,0.0197218060493469
9530,0.0065172417089343
9531,0.0036858976818621
9533,0.0044375006109476
9534,0.0047916662879288
9538,0.0041205678135156
9539,0.0036079545971006
9540,0.0045550242066383
9541,0.0087030306458473
9542,0.0067129633389413
9543,0.0064099384471774
9544,0.0145874125882983
9546,0.0376011915504932
9547,0.0215313844382762
9549,0.0036694211885333
9550,0.0089741367846727
9552,0.0068131312727928
9553,0.0061313132755458
9554,0.0038045984692871
9557,0.0065980395302176
9558,0.0197685975581407
9559,0.0025509258266538
9560,0.0041333334520459
9561,0.0042320010252296
9563,0.0043333335779607
9564,0.0061410260386765
9565,0.0075624999590218
9567,0.0032727273646742
9568,0.0048333336599171
9571,0.0036103895399719
9572,0.0061022727750241
9573,0.0058525642380118
9575,0.0112500004470348
9577,0.0092444447800517
9579,0.0068368795327842
9581,0.008867647498846
9582,0.0053732059895992
9583,0.0094878049567341
9585,0.0029068631120026
9586,0.0067552453838288
9588,0.0070952381938695
9590,0.003464646404609
9591,0.0059236111119389
9592,0.0656249970197677
9593,0.0066018518991768
9594,0.0130151519551873
9595,0.0039909090846776
9596,0.006986363325268
9597,0.0079545462504029
9598,0.0039333337917923
9599,0.0048450706526637
9605,0.0074108531698584
9606,0.0064772730693221
9608,0.00385119067505
9609,0.0219999998807907
9612,0.0108666671440005
9613,0.0153749994933605
9615,0.003466666676104
9618,0.0031818184070289
9621,0.0068240738473832
9622,0.0161611121147871
9623,0.0049318182282149
9624,0.0066363643854856
9625,0.0030526313930749
9626,0.0028086125385016
9629,0.0105545446276664
9630,0.0111470595002174
9631,0.0104404762387275
9632,0.0072722220793366
9633,0.0273305792361497
9634,0.0030220590997487
9637,0.0071666669100522
9638,0.0018383839633315
9640,0.0056611564941704
9642,0.0082651525735855
9643,0.0064024394378066
9644,0.0049652778543531
9645,0.0134038468822836
9646,0.0039469697512686
9647,0.0034049586392939
9648,0.0057352939620614
9649,0.0068090911954641
9653,0.0192407444119453
9654,0.0062189782038331
9655,0.0045327101834118
9656,0.0068055558949708
9657,0.0094722229987382
9658,0.0047818184830248
9660,0.0031261262483894
9663,0.0093363635241985
9664,0.0076319444924592
9665,0.0116969691589474
9670,0.0073448279872536
9672,0.0039333333261311
9673,0.0025441176258027
9674,0.0033968253992497
9675,0.0026406252291053
9676,0.0024866312742233
9677,0.0058409092016518
9678,0.0074761915020644
9679,0.0071136364713311
9682,0.0044007934629917
9684,0.0023500001989305
9688,0.0264747496694326
9690,0.0067190085537731
9693,0.0166666656732559
9696,0.0041923080570995
9699,0.0038194444496184
9700,0.0031487601809203
9701,0.0034632356837391
9702,0.0068602943792939
9703,0.0064343437552452
9704,0.010025973431766
9705,0.0072834226302802
9706,0.0037083337083458
9710,0.0072916666977107
9711,0.0043575754389166
9712,0.0048648649826645
9713,0.003303030738607
9715,0.003958333749324
9716,0.00701923109591
9717,0.0094094490632414
9718,0.0033909094054251
9719,0.0098722223192453
9720,0.0278680585324764
9721,0.0037575757596641
9722,0.0046562501229345
9723,0.0058833337388932
9725,0.0055454545654356
9727,0.0400463044643402
9730,0.0043193278834223
9731,0.0050769234076142
9732,0.0389834716916084
9733,0.0056038964539766
9735,0.0160454548895359
9736,0.009287878870964
9737,0.0076363636180758
9738,0.0039444449357688
9739,0.0039290781132876
9743,0.0025909093674272
9745,0.0589720234274864
9746,0.0097676776349544
9747,0.006810606457293
9748,0.0049370625056326
9749,0.0150000005960464
9750,0.0175303034484386
9752,0.0158275850117206
9753,0.0036041671410202
9754,0.0077820527367293
9756,0.0263863652944564
9758,0.0034431822132319
9759,0.0109363636001944
9761,0.0040520834736526
9763,0.006045454647392
9764,0.0036439399700611
9766,0.0035714288242161
9767,0.0035249998327344
9770,0.0235636383295059
9771,0.0028722223360091
9772,0.0026790124829858
9773,0.0037520662881433
9774,0.0089818192645907
9775,0.0108269238844513
9776,0.003850000211969
9777,0.0080303028225898
9778,0.0130975609645247
9780,0.005589285865426
9781,0.003853146918118
9783,0.0043787881731987
9785,0.0060055558569729
9786,0.0120505047962069
9787,0.0103057855740189
9788,0.0189791694283485
9790,0.0043201753869652
9791,0.0031794875394552
9792,0.0041090906597673
9793,0.0099583333358168
9794,0.0041666664183139
9796,0.0027999999001622
9799,0.0093431388959288
9801,0.0047196969389915
9802,0.0290086213499307
9806,0.0030181817710399
9807,0.0023080811370164
9808,0.0031900827307254
9809,0.0030909092165529
9810,0.0058229169808328
9813,0.0098282834514975
9814,0.011104897595942
9815,0.003951724153012
9816,0.0041888887062668
9817,0.0046636369079351
9819,0.0058468473143875
9820,0.0037066671065986
9821,0.0082692317664623
9823,0.0106515157967805
9825,0.0070909089408814
9826,0.0033496508840471
9827,0.0038653849624097
9828,0.0172919277101755
9829,0.0030555557459592
9830,0.0042638890445232
9832,0.0117636378854513
9836,0.0061262622475624
9837,0.0368046909570694
9839,0.0202990230172872
9840,0.0044940477237105
9844,0.0060808081179857
9845,0.0034848488867282
9846,0.0099750002846121
9847,0.0206666681915521
9850,0.0041223028674721
9851,0.0072936508804559
9853,0.0052719293162226
9855,0.0069510485045611
9856,0.0059291338548064
9857,0.0039803921245038
9858,0.0133666675537824
9860,0.0064329896122217
9862,0.0034444446209818
9863,0.0039743590168654
9866,0.0027794118504971
9868,0.0032463055104017
9869,0.0180364605039358
9870,0.0040413220413029
9871,0.0034832218661904
9873,0.0046547618694603
9876,0.0044999998062849
9881,0.0164166670292615
9882,0.0040769232437014
9883,0.0109068620949983
9884,0.004618055652827
9887,0.0047851237468421
9888,0.0048881121911108
9889,0.0080424239858984
9890,0.0081558441743254
9891,0.0042658727616071
9892,0.0044999998062849
9893,0.0045000007376074
9894,0.0030588237568736
9895,0.0118030309677124
9896,0.0062009571120142
9897,0.0034774774685502
9898,0.0043141026981174
9899,0.0030303034000098
9900,0.0127361118793487
9901,0.0045705130323767
9902,0.0050378795713186
9903,0.0065252529457211
9905,0.0118248183280229
9907,0.0045666666701436
9908,0.0199494957923889
9909,0.0030984850600361
9910,0.0043535358272492
9911,0.0086249997839331
9912,0.0032527477014809
9913,0.0043863635510206
9914,0.0270974021404981
9915,0.0025986395776271
9916,0.0027564105112105
9920,0.0042500006966292
9922,0.0049285716377198
9925,0.0048571429215371
9926,0.0090738646686077
9927,0.0064318184740841
9931,0.0050649349577724
9932,0.0020833334419876
9934,0.0041322312317788
9935,0.0036805553827434
9936,0.0040909093804657
9937,0.0070681818760931
9938,0.0043541663326323
9940,0.0106666665524244
9941,0.0050959601067006
9942,0.0185277797281742
9943,0.0044940477237105
9944,0.0097090918570756
9945,0.030746754258871
9947,0.0064155841246247
9949,0.0035984851419925
9950,0.007250000257045
9951,0.0061764707788825
9952,0.0067361118271946
9953,0.005154762417078
9954,0.0040937499143183
9955,0.0505454577505588
9956,0.0049953702837228
9957,0.0067361113615334
9958,0.011545455083251
9959,0.0200330577790737
9960,0.0108076930046081
9963,0.0031250002793967
9964,0.0072282617911696
9966,0.0065677077509462
9968,0.0083240745589137
9969,0.0073286718688905
9970,0.0091917812824249
9971,0.0045087719336152
9972,0.0215606074780225
9973,0.0110357142984867
9974,0.010977778583765
9975,0.0033833333291113
9978,0.0077962963841855
9979,0.0073111108504235
9982,0.0058888890780508
9983,0.004422727972269
9984,0.0280202012509107
9985,0.003841666970402
9986,0.0077499998733401
9987,0.005125000141561
9990,0.006505555473268
9991,0.0061762118712067
9992,0.0063750003464519
9994,0.0041500004008412
9996,0.0047634411603212
10000,0.0045964904129505
10001,0.0037857147399336
10002,0.0309752095490694
10003,0.0113696968182921
10005,0.0069166664034128
10007,0.0154342111200094
10010,0.006878787651658
10011,0.0026742427144199
10012,0.0032954548951238
10013,0.0039015151560306
10016,0.004283333197236
10017,0.0041212122887372
10018,0.0375378765165805
10019,0.011160840280354
10022,0.0096620367839932
10023,0.0070462962612509
10024,0.0169702377170324
10025,0.0041742422617971
10026,0.0212272740900516
10028,0.0118571436032652
10031,0.009199152700603
10032,0.0033636363223195
10036,0.0061500002630054
10038,0.0145606072619557
10040,0.0100833335891366
10041,0.0030000002589076
10042,0.0035902778618037
10043,0.0062060602940618
10044,0.0066510420292615
10045,0.0035064106341451
10046,0.0037777780089527
10048,0.0020625002216547
10049,0.0031018515583127
10052,0.0041203703731298
10053,0.0062500005587935
10054,0.0104393940418958
10055,0.003045454621315
10058,0.0037520660553127
10059,0.0034416667185723
10060,0.0070423730649054
10061,0.0029473684262484
10063,0.0082453712821006
10066,0.0022083334624767
10067,0.0214772727340459
10069,0.0067045460455119
10070,0.0038760332390666
10071,0.0032500005327165
10073,0.0050202026031911
10075,0.0138653852045536
10076,0.0045277778990566
10077,0.0070578516460955
10078,0.0160419587045907
10079,0.0070962575264275
10080,0.0075530302710831
10082,0.0048484848812222
10084,0.0113939400762319
10086,0.0036033056676387
10087,0.0030378790106624
10088,0.0061772731132805
10090,0.0074049588292837
10091,0.0052975206635892
10092,0.002617021324113
10094,0.0183553714305162
10095,0.0092613641172647
10096,0.0019607844296842
10097,0.004113636445254
10098,0.0053409095853567
10101,0.0042948713526129
10103,0.0034848488867282
10105,0.0041518989019095
10107,0.0048541668802499
10109,0.005515151657164
10110,0.0043257572688162
10113,0.0075624999590218
10114,0.0030991735402494
10116,0.0046000005677342
10118,0.0037499999161809
10121,0.0148019827902317
10122,0.0041944445110857
10124,0.0037023809272795
10125,0.0120454551652073
10126,0.0322090946137905
10128,0.0051835747435688
10129,0.0073712123557925
10130,0.0073030302301049
10133,0.0046000005677342
10135,0.0124876024201512
10137,0.0043030302040278
10138,0.0032207798212766
10139,0.0054318183101713
10140,0.0061542289331555
10141,0.0062656253576278
10143,0.0032865856774151
10144,0.0031439396552741
10146,0.004980519413948
10147,0.0035833336878567
10148,0.0112738097086548
10149,0.0040930230170488
10150,0.0089090913534164
10151,0.0060995030216872
10153,0.0092727271839976
10154,0.0089375004172325
10157,0.007955128327012
10159,0.0142848491668701
10161,0.0060833333991467
10163,0.0065126903355121
10166,0.0406643338501453
10167,0.0028500000480562
10169,0.0041750003583729
10170,0.0060773813165724
10172,0.0042916666716337
10174,0.011293102055788
10175,0.0037575762253254
10176,0.004668918903917
10177,0.0052424245513975
10178,0.0032638888806104
10181,0.0041069514118134
10182,0.007468253839761
10183,0.0073072924278676
10184,0.0038303027395159
10186,0.0027440476696938
10187,0.0060165291652083
10188,0.0065285712480545
10189,0.0045358850620687
10190,0.0125785134732723
10191,0.0058429753407835
10192,0.0068321684375405
10194,0.0029583335854113
10196,0.0045576924458146
10198,0.0108787883073091
10199,0.005136904772371
10200,0.0029292930848896
10201,0.057347223162651
10202,0.0105454549193382
10203,0.0066125006414949
10204,0.0048613864928483
10205,0.0058181816712021
10206,0.004795454442501
10209,0.0029166671447455
10210,0.004663101863116
10211,0.0326666645705699
10212,0.0070169498212635
10213,0.0092083336785435
10214,0.005377622321248
10217,0.0047872341237962
10220,0.0034814816899597
10221,0.0039586778730154
10222,0.0039294115267694
10223,0.0078464914113283
10225,0.0032722225878387
10226,0.0056493505835533
10227,0.0092638898640871
10228,0.0049791666679084
10231,0.0041969697922468
10232,0.0122666656970977
10235,0.0046944445930421
10237,0.0038484849501401
10238,0.0035734267439693
10240,0.0309875011444091
10242,0.0042867129668593
10243,0.0040046949870884
10244,0.0037458336446434
10245,0.0113500012084841
10246,0.0124114835634827
10247,0.0040681818500161
10248,0.0039351852610707
10250,0.0067272731103003
10252,0.0035041321534663
10254,0.0038409093394875
10256,0.0053535355255007
10257,0.0248074568808078
10260,0.0200444459915161
10262,0.0073815789073705
10263,0.0058541665785014
10264,0.0119821429252624
10265,0.0065654763020575
10267,0.009570512920618
10269,0.0068593751639127
10271,0.0055357138626277
10274,0.0043431376107037
10275,0.0034214877523481
10279,0.006000000052154
10280,0.0133869349956512
10283,0.008631944656372
10285,0.0048531470820307
10286,0.0065833334811031
10287,0.004092592280358
10288,0.0194907430559396
10289,0.004348958376795
10290,0.0099090915173292
10291,0.0050699301064014
10292,0.0055555556900799
10295,0.0086573427543044
10297,0.0036433567292988
10299,0.0039595961570739
10301,0.0038484849501401
10302,0.006993006914854
10303,0.0117603316903114
10305,0.0068863634951412
10306,0.0116346161812543
10307,0.0029019608628004
10308,0.0100537631660699
10309,0.0091199995949864
10311,0.003918660338968
10312,0.009045454673469
10314,0.0033062200527638
10315,0.0034166669938713
10316,0.0550530329346656
10318,0.0058181821368634
10319,0.0111333345994353
10321,0.0151388896629214
10322,0.0092903226613998
10323,0.0029379846528172
10326,0.0043999999761581
10327,0.0047511961311101
10328,0.0096534099429845
10329,0.010750001296401
10332,0.0060364585369825
10333,0.0032517483923584
10335,0.0023452383466064
10336,0.0038080809172242
10338,0.008025974035263
10339,0.00467129657045
10340,0.0050960453227162
10341,0.0044743595644831
10342,0.0024224598892033
10343,0.005902777891606
10344,0.003645833581686
10345,0.0128047615289688
10347,0.0031228070147335
10349,0.0089999996125698
10350,0.0058246753178536
10351,0.0041796872392296
10352,0.007363636046648
10355,0.0032171055208891
10356,0.0067424243316054
10357,0.0064462814480066
10359,0.0027948718052357
10361,0.004630681592971
10362,0.0497272722423076
10363,0.0032037037890404
10364,0.0053846151567995
10365,0.0027979798614978
10366,0.0287878811359405
10367,0.0049285716377198
10368,0.0162777788937091
10369,0.0043560611084103
10371,0.005941666662693
10372,0.0091637941077351
10373,0.0205973163247108
10374,0.0075729168020188
10375,0.0095476182177662
10376,0.0032045457046478
10377,0.0050166668370366
10378,0.0040277782827615
10379,0.0030952380038797
10380,0.0077884616330266
10381,0.0052189789712429
10382,0.020181817933917
10383,0.0040833335369825
10385,0.0043916669674217
10386,0.0071969702839851
10387,0.0070389616303145
10390,0.0021555556450039
10393,0.0026272730901837
10394,0.0056439395993947
10396,0.0061527779325842
10397,0.0026842104271054
10398,0.0037647059652954
10399,0.0148347113281488
10401,0.0058562499471008
10403,0.0071515156887471
10404,0.0032636816613376
10405,0.0043636360205709
10406,0.0045289257541298
10407,0.0065075755119323
10409,0.0089218756183981
10410,0.0045939390547573
10411,0.0092272730544209
10412,0.0034880954772233
10413,0.0105371894314885
10417,0.0030481286812573
10418,0.0074038468301296
10419,0.0056987181305885
10420,0.0069551286287605
10422,0.0031752579379826
10423,0.009140495210886
10425,0.0071060610935091
10426,0.0023622452281415
10427,0.0048712119460105
10429,0.0049999998882412
10430,0.0047772731631994
10431,0.0032909093424677
10432,0.0122148757800459
10433,0.0030625001527369
10437,0.0037986114621162
10438,0.0075909099541604
10439,0.0038958333898335
10441,0.0033125004265457
10443,0.0042760414071381
10444,0.0071090911515057
10445,0.0043706293217837
10446,0.0231570247560739
10447,0.0087812505662441
10449,0.0030999998562037
10454,0.0049772732891142
10456,0.006606061477214
10457,0.0082205878570675
10458,0.0040343138389289
10459,0.0070437500253319
10460,0.0081410259008407
10461,0.0250808093696832
10463,0.0377902127802372
10465,0.0050416667945683
10466,0.0169861111789941
10468,0.0086545459926128
10469,0.0052969702519476
10470,0.0055959597229957
10473,0.0066875009797513
10474,0.0348111130297184
10475,0.0042424243874847
10478,0.0031060609035193
10479,0.0453141033649444
10480,0.0061538461595773
10481,0.0063223144970834
10482,0.0139242429286241
10483,0.0034621213562786
10485,0.0283749997615814
10486,0.0055147060193121
10487,0.0076272725127637
10488,0.0056853150017559
10490,0.0087551027536392
10491,0.0032388891559094
10492,0.0029895834159106
10493,0.0037440001033246
10496,0.0148712126538157
10497,0.0209487192332744
10498,0.0117597412317991
10499,0.0056607145816087
10500,0.0111931823194026
10501,0.0062176873907446
10502,0.0046953125856816
10505,0.0032954548951238
10507,0.0049916664138436
10510,0.0082916663959622
10511,0.003210526658222
10512,0.0040181814692914
10515,0.0070297620259225
10516,0.0050355331040918
10518,0.0046803280711174
10520,0.0032727275975048
10523,0.0046736113727092
10525,0.0059440559707582
10526,0.0348531492054462
10528,0.0043214289471507
10529,0.0081851854920387
10531,0.008687499910593
10533,0.004096551798284
10537,0.0070000002160668
10540,0.0049843755550682
10541,0.0036315789911895
10542,0.002731843618676
10544,0.0064000003039836
10548,0.0118214292451739
10549,0.0071089742705225
10551,0.006640350446105
10552,0.0145681826397776
10553,0.0062173907645046
10554,0.0151666654273867
10555,0.0045656566508114
10556,0.0065248226746916
10558,0.0071282051503658
10560,0.0201212111860513
10561,0.0097559532150626
10562,0.0082499999552965
10564,0.0072592594660818
10565,0.015430106781423
10566,0.0074571422301232
10567,0.0048170732334256
10568,0.0047061396762728
10569,0.0042499997653067
10570,0.0041736112907528
10571,0.0062222220003604
10572,0.0026893944013863
10573,0.0036203211639076
10575,0.1206302121281623
10576,0.0105833336710929
10577,0.0141666671261191
10578,0.0024250000715255
10579,0.0060389610007405
10580,0.0019000000320374
10581,0.0033782054670155
10582,0.0048512397333979
10585,0.0048251752741634
10586,0.0057205883786082
10587,0.0043141026981174
10589,0.0070683760568499
10591,0.0076111112721264
10592,0.0064555550925433
10594,0.0150921074673533
10595,0.0048609622754156
10597,0.0118999993428587
10599,0.0248457957059144
10600,0.0097619052976369
10601,0.005125000141561
10602,0.0043630953878164
10603,0.004207070916891
10604,0.006321211811155
10605,0.0062986114062368
10607,0.0038333337288349
10608,0.0069545460864901
10609,0.0042083333246409
10611,0.0122205885127186
10614,0.0047272727824747
10615,0.0063611110672354
10616,0.0038863641675561
10618,0.016553720459342
10620,0.0054687499068677
10621,0.0034791668877005
10622,0.0074318186379969
10623,0.0036166671197861
10625,0.0041258744895458
10626,0.0058020832948386
10628,0.0027125000488013
10629,0.0040632183663547
10630,0.0049523813650012
10631,0.0092666670680046
10632,0.0035666669718921
10633,0.0095368437469005
10635,0.0100925918668508
10636,0.0045194802805781
10638,0.005608333274722
10639,0.0110509265214204
10640,0.002688311971724
10641,0.0027647062670439
10643,0.009264706633985
10644,0.0057647060602903
10645,0.0059358975850045
10646,0.0075454544275999
10647,0.0047583333216607
10648,0.0051770838908851
10649,0.0037833335809409
10650,0.0045303031802177
10651,0.0075486111454665
10652,0.0043719010427594
10653,0.0060981600545346
10655,0.0175303034484386
10658,0.0041833338327705
10660,0.0083277318626642
10662,0.0070419576950371
10663,0.0064537040889263
10665,0.0083878794685006
10666,0.0121398605406284
10667,0.0038583332207053
10668,0.0035741624888032
10669,0.0059856455773115
10670,0.0262941196560859
10671,0.0345486141741275
10673,0.0045606060884892
10674,0.0120641030371189
10675,0.0133437504991889
10677,0.0107597401365637
10678,0.0075170458294451
10679,0.0126887429505586
10680,0.0059924246743321
10681,0.0018585859797894
10682,0.0037090906407684
10685,0.0093170721083879
10687,0.0081893950700759
10688,0.01335593406111
10689,0.0068484847433865
10690,0.0072373743169009
10691,0.0036481481511145
10692,0.0042912629432976
10694,0.0054062507115304
10695,0.00289610424079
10697,0.0150297628715634
10698,0.0062892567366361
10700,0.0067212120629847
10701,0.0068153850734233
10702,0.0171062517911195
10703,0.0087500000372529
10705,0.0084488643333315
10708,0.0126858977600932
10710,0.0393511913716793
10711,0.0048750001005828
10713,0.0062628206796944
10714,0.0039181816391646
10718,0.0037960528861731
10719,0.0143181830644607
10720,0.0038500004447996
10721,0.0036794876214116
10722,0.0040156249888241
10723,0.0015378788812085
10724,0.0047878790646791
10726,0.0116074085235595
10728,0.0317888185381889
10729,0.0215530283749103
10730,0.0023428574204444
10732,0.0044496129266917
10733,0.0079897968098521
10735,0.0037058824673295
10736,0.0237020216882228
10737,0.0047151516191661
10738,0.0038240742869675
10739,0.007486842572689
10740,0.0163222234696149
10741,0.0116181820631027
10743,0.0096794869750738
10745,0.0040462962351739
10746,0.0025083334185183
10748,0.0083484845235943
10749,0.0062366416677832
10750,0.0175324659794569
10751,0.0070974021218717
10752,0.0041060610674321
10753,0.0035448716953396
10755,0.0058823530562222
10756,0.0044545456767082
10758,0.041805200278759
10759,0.0029829547274857
10760,0.0045895525254309
10764,0.0186818186193704
10766,0.002895833691582
10767,0.0032727275975048
10768,0.0077222222462296
10769,0.0047916672192513
10770,0.0045075761154294
10771,0.0056446287781
10774,0.0028429753147065
10775,0.0028373980894684
10776,0.0062954551540315
10777,0.0316363647580146
10778,0.0043541667982935
10779,0.0059924242086708
10780,0.0116515159606933
10782,0.0033846157602965
10783,0.0058055561967194
10786,0.0028760330751538
10787,0.0040681823156774
10788,0.0038676471449434
10789,0.0104285730049014
10790,0.0070757581852376
10791,0.0093333339318633
10794,0.0023917525541037
10795,0.0026479996740818
10796,0.0043961042538285
10797,0.0035041321534663
10798,0.0081574087962508
10799,0.0042323232628405
10800,0.0058333333581686
10801,0.0036944444291293
10802,0.0064563495106995
10803,0.0167916659265756
10804,0.0064621213823556
10806,0.0032237768173217
10810,0.0330833345651626
10812,0.0085694445297122
10813,0.0061858976259827
10814,0.007163792848587
10817,0.0051153847016394
10818,0.0037107437383383
10820,0.0051089748740196
10821,0.005977273453027
10822,0.0046198344789445
10824,0.0115930745378136
10826,0.0448111928999424
10827,0.0033496506512165
10828,0.0088614718988537
10830,0.0063360654748976
10831,0.0068181818351149
10832,0.0031071428675204
10833,0.0024111112579703
10835,0.0093652186915278
10837,0.0102424249053001
10838,0.0089732622727751
10840,0.0108595034107565
10843,0.0034374999813735
10844,0.0047583333216607
10845,0.0041726194322109
10846,0.0030448718462139
10847,0.0115909092128276
10848,0.0164652410894632
10850,0.0040606060065329
10851,0.0084755253046751
10852,0.003083333838731
10853,0.0068282820284366
10854,0.0024318182840943
10856,0.0065757576376199
10857,0.0136428577825427
10860,0.004642856772989
10861,0.0041722226887941
10863,0.0069333333522081
10867,0.004685949999839
10868,0.0032818182371556
10870,0.0029930556192994
10872,0.003496503457427
10873,0.003289473708719
10874,0.0036611570976674
10877,0.0048333331942558
10879,0.0033426575828343
10880,0.0055972221307456
10881,0.0030539217405021
10882,0.0104405600577592
10883,0.0030625003855675
10886,0.004896970000118
10887,0.0074079604819417
10888,0.0079015148803591
10889,0.0037575752940028
10890,0.0154242441058158
10892,0.0059141414240002
10893,0.009185898117721
10895,0.0069561400450766
10896,0.0032180852722376
10897,0.0042115389369428
10898,0.0111393937841057
10899,0.0044453125447034
10900,0.0116076925769448
10901,0.0029595964588224
10902,0.0070718564093112
10903,0.014916667714715
10905,0.0045681819319725
10906,0.003572916612029
10908,0.00609090924263
10909,0.0054015154018998
10910,0.0211212132126092
10911,0.0069545451551675
10912,0.0051363641396164
10913,0.0045874128118157
10914,0.0070384619757533
10915,0.0042121214792132
10916,0.0088166678324341
10917,0.0065515874885022
10919,0.0036515155807137
10920,0.0041818185709416
10921,0.0139090903103351
10922,0.0111398613080382
10923,0.0060839159414172
10924,0.0036363638937473
10925,0.0097261909395456
10927,0.005701299291104
10928,0.0037333334330469
10930,0.0033295454923063
10932,0.0095401061698794
10933,0.0074214288033545
10934,0.0041517857462167
10937,0.0041454546153545
10938,0.0071597225032746
10939,0.0046923076733946
10942,0.0036280993372201
10943,0.0045064934529364
10944,0.0037499999161809
10945,0.0101923085749149
10947,0.0028630953747779
10948,0.0024480521678924
10951,0.0052066119387745
10954,0.0082657346501946
10955,0.0170530304312706
10956,0.0040833330713212
10957,0.0063583333976566
10958,0.0111515158787369
10959,0.0092857144773006
10960,0.0078250002115964
10961,0.0044214874505996
10962,0.0109583334997296
10963,0.0135174831375479
10964,0.0093388892710208
10967,0.0031439396552741
10968,0.0074342102743685
10969,0.0064358972012996
10970,0.0119469696655869
10973,0.0077532469294965
10976,0.0068181823007762
10977,0.0490555576980114
10979,0.0063472222536802
10980,0.0042843134142458
10982,0.0075454544275999
10983,0.0092237778007984
10985,0.0029595957603305
10986,0.0058727273717522
10988,0.0044416664168238
10992,0.005275641568005
10993,0.0099270837381482
10997,0.0040147057734429
10999,0.0140909105539321
11000,0.0034166667610406
11001,0.0142887718975543
11002,0.0063974359072744
11004,0.0025649352464824
11005,0.0066805556416511
11007,0.0042000003159046
11008,0.0066145840100944
11013,0.0063423421233892
11015,0.0065625007264316
11016,0.0145508032292127
11017,0.0149282291531562
11018,0.0036484855227172
11022,0.0061818184331059
11023,0.006155555602163
11025,0.0045064939185976
11026,0.0058989897370338
11028,0.0063560605049133
11029,0.0063703707419335
11030,0.0053076925687491
11031,0.0044166669249534
11032,0.0029687501955777
11033,0.0045056822709739
11034,0.0044411765411496
11037,0.0046341465786099
11038,0.0040095695294439
11041,0.0045714285224676
11042,0.0058397436514496
11044,0.005008474458009
11046,0.0153593746945261
11048,0.0040416666306555
11049,0.0026875000912696
11050,0.0050424244254827
11052,0.0029256199486553
11053,0.0064513888210058
11054,0.0031093750149011
11055,0.0042166667990386
11056,0.006604166701436
11057,0.006138889119029
11058,0.0067727272398769
11060,0.0056000002659857
11061,0.0041678328998386
11062,0.0065289256162941
11063,0.0175303034484386
11064,0.0067404583096504
11066,0.0051597226411104
11068,0.0113397436216473
11069,0.0047254902310669
11070,0.0060772728174924
11072,0.004446969833225
11073,0.0041315793059766
11074,0.00576793262735
11075,0.0051969694904983
11078,0.008181819692254
11081,0.0122222239151597
11082,0.0031127450056374
11083,0.025237763300538
11085,0.0148020833730697
11087,0.0035384618677198
11088,0.0157438032329082
11090,0.0025374151300638
11091,0.0061538461595773
11092,0.0044294870458543
11095,0.0041398601606488
11096,0.0040909093804657
11098,0.0055397730320692
11099,0.0040530306287109
11100,0.00283471099101
11101,0.0090761901810765
11104,0.0155874136835336
11106,0.0057768593542277
11108,0.0049494947306811
11110,0.0109015153720974
11111,0.0159695111215114
11112,0.0034294868819415
11114,0.0034222225658595
11115,0.0029833337757736
11117,0.0114107150584459
11119,0.0020188679918646
11120,0.0062086335383355
11122,0.0034393942914903
11124,0.0030227275565266
11125,0.0033831170294433
11127,0.0035833336878567
11128,0.0058863637968897
11130,0.0097121214494109
11131,0.0041439398191869
11132,0.0039090909995138
11133,0.0117500005289912
11134,0.0056538465432822
11135,0.0432952418923378
11137,0.0047083334065973
11139,0.0080495867878198
11141,0.0065833334811031
11142,0.0047520664520561
11143,0.0036256683524698
11144,0.0028429753147065
11145,0.0063787885010242
11147,0.0041458331979811
11148,0.0036951876245439
11149,0.0077916667796671
11151,0.0072987009771168
11152,0.0043525644578039
11153,0.0079166665673255
11154,0.0050959601067006
11155,0.0031492540147155
11156,0.0046718753874301
11158,0.0219318177551031
11159,0.0072757015004754
11160,0.0100576924160122
11162,0.0049696969799697
11163,0.0091333342716097
11164,0.0303011368960142
11165,0.0084277773275971
11166,0.0136818177998065
11167,0.0064558824524283
11168,0.0045714285224676
11170,0.0060848491266369
11172,0.0024322918616235
11173,0.0212454535067081
11175,0.0041833338327705
11176,0.0068348622880876
11178,0.003958333749324
11179,0.0072248801589012
11181,0.0038016529288142
11183,0.0042435899376869
11185,0.0166927073150873
11186,0.002291866345331
11188,0.0045206611976027
11190,0.0170384608209133
11191,0.0045000002719461
11192,0.0084964539855718
11196,0.0067575760185718
11201,0.0033181819599121
11202,0.0042000003159046
11204,0.0103333331644535
11205,0.012333333492279
11208,0.0066727278754115
11209,0.0070416666567325
11210,0.0064943181350827
11214,0.0196568630635738
11215,0.0140055576339364
11218,0.0065187169238924
11220,0.0059818183071911
11221,0.0082916663959622
11222,0.0039090914651751
11224,0.0171118881553411
11227,0.004325000103563
11229,0.00860330555588
11230,0.0045256414450705
11234,0.0063666673377156
11235,0.0067647062242031
11236,0.0073269233107566
11237,0.0048194443807005
11238,0.007287879474461
11239,0.0054583335295319
11240,0.0049675675109028
11242,0.003059523878619
11243,0.0042954548262059
11244,0.0097272740676999
11245,0.0059878784231841
11246,0.0091704549267888
11247,0.006561538670212
11248,0.0027500002179294
11251,0.0057260277681052
11253,0.0051468536257743
11254,0.009066667407751
11255,0.0046136365272104
11257,0.0055138892494142
11258,0.0040064104832708
11259,0.0071862749755382
11260,0.0157132875174283
11261,0.0046753250062465
11262,0.0031547616235911
11264,0.0061458335258066
11265,0.0114652775228023
11266,0.0037520660553127
11269,0.0183030292391777
11270,0.0036293105222284
11272,0.0066770836710929
11273,0.0084722228348255
11274,0.0037424243055284
11277,0.0047878785990178
11279,0.0077685955911874
11280,0.0032500002998858
11281,0.0034313728101551
11282,0.0073566436767578
11283,0.0030769235454499
11284,0.0092045459896326
11285,0.00345138926059
11286,0.0151060624048113
11289,0.0069020977243781
11290,0.0043981485068798
11292,0.0044324323534965
11293,0.0099067781120538
11295,0.0218657422810792
11296,0.0103727271780371
11297,0.0067219249904155
11298,0.0033216783776879
11299,0.0195520836859941
11301,0.0035641025751829
11302,0.0032999997492879
11303,0.0106987189501523
11304,0.0098846154287457
11305,0.0111538460478186
11307,0.0033771928865462
11308,0.0058194454759359
11309,0.0031282051932066
11314,0.0021666667889803
11315,0.0036060607526451
11317,0.0085789477452635
11319,0.006083333864808
11320,0.0041969697922468
11321,0.0058636367321014
11322,0.0085227284580469
11324,0.0042986115440726
11325,0.0043515153229236
11326,0.0099242432042956
11327,0.0040486115030944
11329,0.01218181848526
11330,0.0072121210396289
11331,0.0060457149520516
11332,0.0040404042229056
11333,0.004703348968178
11335,0.0057818181812763
11336,0.0074715912342071
11337,0.0099350651726126
11338,0.0065050502307713
11339,0.0113916080445051
11340,0.0056282053701579
11341,0.0040714284405112
11342,0.0026958335656672
11343,0.009236111305654
11344,0.0024125000927597
11345,0.0033238639589399
11346,0.0075773815624415
11347,0.0059694317169487
11348,0.002755245193839
11349,0.0043560611084103
11353,0.0119444457814097
11354,0.0331388898193836
11355,0.0428074933588504
11356,0.0124545469880104
11357,0.0023583332076668
11358,0.0061309528537094
11359,0.0054431823082268
11361,0.0073194447904825
11362,0.0208263900130987
11363,0.0040090908296406
11365,0.0019285713788121
11366,0.0093636363744735
11368,0.0053465911187231
11370,0.0133080808445811
11372,0.0036111113149672
11373,0.0108106061816215
11375,0.0043553723953664
11377,0.0051985294558107
11378,0.0061987182125449
11381,0.0484545528888702
11382,0.0031678327359259
11384,0.0040476196445524
11385,0.0041862744837999
11386,0.0154843749478459
11387,0.0023541667032986
11389,0.0195252541452646
11390,0.0113218389451503
11391,0.0110833337530493
11395,0.00642727361992
11396,0.0041818185709416
11398,0.004654545802623
11399,0.0021130952518433
11400,0.012090909294784
11401,0.0079333335161209
11403,0.008397196419537
11404,0.0042435899376869
11405,0.006008333992213
11407,0.0091487606987357
11409,0.0052803033031523
11410,0.0039090909995138
11411,0.0045454548671841
11412,0.0323750004172325
11413,0.0072017549537122
11415,0.0082545457407832
11418,0.0222361125051975
11420,0.0037102273199707
11422,0.0065075764432549
11427,0.0073806820437312
11429,0.0035075761843472
11430,0.0035909092985093
11435,0.0037272728513926
11436,0.0040333336219191
11438,0.005844444502145
11439,0.0029160843696445
11441,0.0032020204234868
11444,0.0101748257875442
11446,0.0178272761404514
11448,0.0082361111417412
11449,0.0024907409679144
11451,0.0036606062203645
11452,0.0025486114900559
11453,0.0036666668020188
11455,0.0053697917610406
11456,0.0035317463334649
11457,0.0049040406011044
11458,0.0061090914532542
11459,0.0032666667830199
11460,0.0074545457027852
11461,0.0028711343184113
11462,0.0033421050757169
11464,0.0051229945383965
11466,0.0056902654469013
11467,0.0275496188551187
11468,0.0203030332922935
11470,0.0039696972817182
11471,0.0030156250577419
11473,0.0053333337418735
11474,0.0046212123706936
11475,0.0069791669957339
11477,0.00549305556342
11478,0.0078727276995778
11480,0.0076486482284963
11481,0.022090908139944
11482,0.0135454554110765
11484,0.0135757578536868
11485,0.0053125005215406
11488,0.0028939396142959
11490,0.0306770857423543
11491,0.0061250003054738
11492,0.0062763155438005
11493,0.0067754010669887
11499,0.0079204551875591
11503,0.0090512819588184
11505,0.0031652892939746
11506,0.0092583736404776
11508,0.0033223142381757
11509,0.0105078127235174
11510,0.0065769231878221
11512,0.0047878790646791
11513,0.0037045457866042
11515,0.0128589747473597
11516,0.0051893945783376
11517,0.0111742438748478
11518,0.0037348489277064
11519,0.0029181817080825
11520,0.0033232322894036
11521,0.003872727509588
11522,0.0036439395043998
11525,0.0073073590174317
11528,0.0072597404941916
11529,0.0044843754731118
11531,0.0035454547032713
11534,0.0023500001989305
11540,0.0037083337083458
11541,0.0089545454829931
11542,0.0021978609729558
11543,0.0268059726804494
11544,0.0149261364713311
11546,0.0052407416515052
11548,0.0107747744768857
11550,0.0226111114025115
11552,0.003525641048327
11553,0.0102878790348768
11556,0.0121409399434924
11561,0.0039272727444767
11562,0.0118055567145347
11563,0.002166667021811
11564,0.0056767673231661
11565,0.0059320987202227
11566,0.0043750000186264
11567,0.0050227274186909
11568,0.0076153860427439
11570,0.0040984847582876
11572,0.0102407420054078
11573,0.0029272730462253
11574,0.0062303030863404
11577,0.0111212115734815
11581,0.0036176468711346
11582,0.008682926185429
11585,0.0373787879943847
11586,0.006138889119029
11587,0.0290168542414903
11589,0.0050545460544526
11590,0.0035416667815297
11591,0.0051287882961332
11593,0.0029451223090291
11594,0.0035959598608314
11595,0.0061893942765891
11596,0.0036363643594086
11598,0.0028397790156304
11599,0.0046136365272104
11603,0.0108461547642946
11605,0.0135181825608015
11609,0.0022129630669951
11610,0.0070916670374572
11613,0.0039242431521415
11614,0.0033269233535975
11615,0.004495327360928
11617,0.0058333338238298
11618,0.0036363638937473
11619,0.0050655016675591
11620,0.0054097226820886
11622,0.0064791669137775
11623,0.0055448720231652
11624,0.0086380951106548
11630,0.0023750001564621
11631,0.0035454547032713
11632,0.0030666668899357
11634,0.0064696967601776
11635,0.0062314816750586
11637,0.0059242430143058
11639,0.0146818188950419
11640,0.013187501579523
11643,0.005729166790843
11644,0.0046528931707143
11646,0.00229487195611
11648,0.0047731478698551
11649,0.0080370372161269
11652,0.0036752140149474
11653,0.003325758036226
11655,0.0028379631694406
11657,0.0027862598653882
11658,0.0045677083544433
11659,0.0079653682187199
11661,0.0108846155926585
11664,0.0086249997839331
11666,0.016076922416687
11668,0.0078750001266598
11669,0.0057870377786457
11670,0.0046388888731598
11671,0.0049166670069098
11672,0.0159947928041219
11673,0.0089285718277096
11674,0.0066622802987694
11675,0.0037045460194349
11676,0.0064172665588557
11677,0.0056993011385202
11680,0.0039615384303033
11684,0.0041470592841506
11687,0.0389509834349155
11688,0.0335194841027259
11689,0.0056168832816183
11690,0.0020677084103226
11692,0.0028727268800139
11693,0.003513369243592
11694,0.0073589743115007
11695,0.0034791668877005
11696,0.0060763889923691
11697,0.015291666612029
11698,0.0110279731452465
11699,0.0390500016510486
11702,0.0035431035794317
11703,0.0033368980512022
11704,0.0121940299868583
11706,0.0034090911503881
11707,0.0038454546593129
11708,0.0058333338238298
11710,0.0050378791056573
11712,0.0077777779661118
11714,0.0043863635510206
11715,0.0102272732183337
11716,0.00312987039797
11717,0.0110901650041341
11718,0.0041267606429755
11720,0.0699394047260284
11721,0.0082545457407832
11723,0.0023991228081285
11724,0.0077611114829778
11725,0.0076666665263473
11726,0.0040979017503559
11728,0.0126250004395842
11733,0.0039848485030233
11735,0.0061969691887497
11736,0.0044000004418194
11737,0.0044821430929005
11738,0.0039090909995138
11739,0.0215902794152498
11740,0.0062695653177797
11742,0.010444444604218
11744,0.0084062507376074
11745,0.0064495420083403
11746,0.0040384614840149
11748,0.0095980390906333
11750,0.0043303570710122
11751,0.0243422463536262
11752,0.0105303041636943
11753,0.0039652781561017
11756,0.0071258745156228
11758,0.0055357147939503
11759,0.0034606058616191
11760,0.003361111273989
11761,0.0033223137725144
11762,0.0147187514230608
11766,0.0087500000372529
11768,0.0044000004418194
11769,0.0041875001043081
11770,0.0022070708218961
11771,0.0048782052472233
11772,0.0210384633392095
11773,0.0201428588479757
11775,0.0272597391158342
11776,0.0041041667573153
11777,0.0058760331012308
11778,0.0131309553980827
11779,0.0093452390283346
11780,0.019149350002408
11783,0.0056488551199436
11784,0.0134204542264342
11786,0.0101000005379319
11788,0.0056988638825714
11790,0.0026545454747974
11791,0.0045606060884892
11793,0.0038000002969056
11794,0.0031958047766238
11795,0.0040384614840149
11796,0.0044015147723257
11797,0.0037638891953974
11799,0.0169469695538282
11800,0.0096590919420123
11801,0.0043555554002523
11803,0.0074090911075472
11804,0.006921213120222
11805,0.0022555557079613
11806,0.0038636366371065
11807,0.0034710746258497
11808,0.0078181819990277
11810,0.0043560611084103
11812,0.0084652407094836
11814,0.0033737372141331
11816,0.0104935066774487
11819,0.0300213918089866
11821,0.0059090908616781
11822,0.0151153849437832
11823,0.0100757582113146
11824,0.0160238090902566
11826,0.0043379631824791
11828,0.0044054058380424
11829,0.0196281000971794
11830,0.0078531466424465
11831,0.0264743603765964
11833,0.0059398147277534
11834,0.0057448986917734
11835,0.0118012828752398
11836,0.0070530301891267
11837,0.003458333434537
11838,0.0032517483923584
11840,0.0064242426306009
11841,0.0385575741529464
11843,0.0033333334140479
11844,0.0027350997552275
11846,0.0048141027800738
11847,0.0054166670888662
11849,0.0044615385122597
11851,0.0032413792796432
11852,0.0061515155248343
11854,0.0053796293213963
11855,0.006397726945579
11856,0.0028222226537764
11857,0.0077750007621943
11858,0.0023382354993373
11859,0.0036909093614667
11861,0.002763636643067
11862,0.0081983478739857
11863,0.0042020208202302
11864,0.0035694448743015
11865,0.0114375008270144
11866,0.0028409094084054
11867,0.0037272726185619
11868,0.010517481714487
11869,0.0039562848396599
11870,0.0097603304311633
11871,0.0086713284254074
11872,0.0141010116785764
11873,0.004121211823076
11874,0.0040588239207863
11875,0.0031919190660119
11876,0.0087156863883137
11877,0.0172820519655942
11878,0.0056438357569277
11880,0.0050139860250055
11881,0.0165320504456758
11882,0.0025482457131147
11884,0.0043818182311952
11885,0.0052254907786846
11887,0.0152447558939456
11888,0.0035043861716985
11889,0.0053349281661212
11891,0.0045916666276752
11892,0.0094166668131947
11893,0.0081818178296089
11895,0.024101011455059
11896,0.0072878790087997
11897,0.0036538464482873
11898,0.0059015154838562
11899,0.0145421056076884
11900,0.0046346154995262
11907,0.0193057842552661
11908,0.0037692310288548
11910,0.0117438016459345
11911,0.0091041661798954
11912,0.0127337658777832
11913,0.0044531249441206
11914,0.0039469702169299
11918,0.00341666652821
11919,0.0029363634530454
11922,0.0023181822616606
11928,0.0064583332277834
11929,0.0318970568478107
11930,0.0116874994710087
11931,0.003468531416729
11933,0.0023250000085681
11935,0.0266767684370279
11937,0.0316785722970962
11938,0.0092803025618195
11939,0.015000001527369
11942,0.0140468748286366
11944,0.0168099179863929
11945,0.0118974363431334
11946,0.0096515165641903
11947,0.0035378793254494
11950,0.0029696973506361
11951,0.0076071433722972
11953,0.0150757571682333
11954,0.0083684213459491
11955,0.0035818179603666
11956,0.0062611103057861
11963,0.0191614590585231
11964,0.0049907411448657
11967,0.0040344833396375
11969,0.0260340925306081
11970,0.0067575755529105
11971,0.0106987180188298
11973,0.0061363633722066
11974,0.0156153868883848
11975,0.0038981484249234
11976,0.0051333331502974
11977,0.0040256413631141
11979,0.0019669423345476
11981,0.0069816512987017
11982,0.0068969698622822
11984,0.0038658007979393
11987,0.0040333331562578
11988,0.0035585584118962
11989,0.0119027784094214
11990,0.0048939394764602
11992,0.0050259749405086
11993,0.0026686049532145
11994,0.0044880956411361
11995,0.0036713285371661
11997,0.0033645834773778
11999,0.004044871777296
