tile_uid,rock_abundance
2,0.003985473019436326
7,0.0037471589985275406
9,0.004778751943453263
17,0.0025540263278847203
24,0.007261973830877573
27,0.009227273054420948
28,0.0628315551887901
31,0.004952941905212465
32,0.006084849126636982
33,0.003532438700884547
35,0.007827002388849263
38,0.005303929042523839
39,0.003803371295177339
41,0.006118591173958833
46,0.054495983348358694
48,0.003874222860117537
51,0.004035526917905928
53,0.004690143963958762
58,0.0032643070525975788
61,0.0083008810100417
64,0.026225707125059384
65,0.0029999997932463884
66,0.004594420591030651
67,0.012077311607914719
73,0.005030475901758843
75,0.01412509313790828
78,0.0021398677414380504
83,0.0024272983923561875
84,0.0034868696419916682
85,0.006287879106071882
87,0.007431818637996912
88,0.005897209806673771
90,0.009416666813194752
92,0.004231639108945464
94,0.010741616210104466
97,0.005194749473541729
103,0.004106611741190182
104,0.005756675724753382
105,0.004191079691064547
106,0.07075675695791786
108,0.004239669211593553
110,0.0030502223544322084
113,0.008007063301921517
115,0.007436208388176367
121,0.007327153521400596
125,0.0038470745031475265
127,0.012923322346925024
130,0.024490113868269815
132,0.006289238752957939
135,0.0031019526483827818
137,0.02547331663068904
138,0.02790349311791277
139,0.004925749112464624
146,0.004291442392669221
148,0.004533333703875542
159,0.006186555995587022
161,0.018517468243401388
162,0.00226879199416239
163,0.011083333753049374
165,0.004410256791899922
166,0.003717948915436864
167,0.0027272729300918297
169,0.011599830349673925
175,0.006803744108907303
178,0.004106061067432165
180,0.004755952395498753
186,0.004854322705957242
188,0.003466961845100228
192,0.02002986465334132
193,0.01646822703958944
197,0.0038982061766461564
204,0.0097615638599694
205,0.003790638612226494
206,0.004134270501939967
209,0.007433858234435319
210,0.016249279563100256
215,0.00424515869094431
216,0.00673611164356182
224,0.003967408664202237
226,0.001966887974793012
227,0.007573262465222049
229,0.004106061067432165
230,0.003545454703271389
237,0.008322565629100182
239,0.009838060756749834
242,0.0032109319348033556
243,0.004763736874335563
249,0.0034037201693754293
251,0.013061806026945845
252,0.00815338659989637
253,0.006635139762324023
257,0.01024143579740857
258,0.009264513419600585
266,0.00557669615883042
268,0.036512372544383255
278,0.0074259496522658865
279,0.04068567060729689
284,0.009504608689777313
286,0.008836549860696609
293,0.006381763485228868
294,0.0060384540829577435
301,0.0035334609692395068
302,0.002313164702660182
303,0.011709965100345625
308,0.014099801766422275
311,0.00536886234256544
314,0.007062778320041456
315,0.008916518846808538
321,0.009207427247363825
322,0.005554603432892271
326,0.007634205987505107
328,0.0040980616802637065
329,0.003458333238153517
336,0.003246375769712115
337,0.006447303518522498
340,0.002874328248308998
341,0.002877001443069226
342,0.013258508584972364
343,0.00396296300194742
344,0.007553495583037126
345,0.0040325503542490175
352,0.010272727347910404
353,0.008495520892576087
355,0.020919861664628076
362,0.0020909092854708433
367,0.004186448177439656
368,0.005898989737033844
370,0.003463458633374038
375,0.004257472153733479
379,0.003208333211730878
382,0.0022153458821769613
384,0.0038571428627737106
387,0.005690369257579061
389,0.0032438665973574528
390,0.011277095344598576
393,0.004929941229659167
397,0.0074188763050539
398,0.006598303583339994
399,0.019197657965654646
407,0.005934930630433473
408,0.006345436846356252
410,0.005278525570797365
416,0.006207469042188437
428,0.004030303563922644
430,0.00518879788212998
431,0.0026534126502552324
434,0.011693326720726148
435,0.014800840081885982
436,0.00902728575451109
437,0.010973154507795402
438,0.0034274681701615293
440,0.003950100255979653
447,0.00515691681456908
451,0.004185897434164313
452,0.006010888389256536
453,0.003055321258427792
454,0.007738761967837542
456,0.0036838413493893623
464,0.007832669487647353
469,0.003982471789471632
470,0.032927149883931445
471,0.0036268298109310045
474,0.0039612156357387955
475,0.011247643395125581
482,0.004432032554344956
484,0.007617199811506872
486,0.020666140967490497
488,0.004272726975650594
492,0.006000000763280216
494,0.003219819131416063
495,0.005912732944278144
500,0.007822906496909206
504,0.01065067221625063
505,0.00440416043001537
506,0.00486686000009851
507,0.003944444470107555
509,0.0043545671566113525
511,0.0045357768959033914
513,0.003529561076568969
517,0.01138732647446431
518,0.03351228653445606
524,0.005439761052828978
525,0.014072628279346307
526,0.002813809645676831
528,0.00283340796453086
532,0.004862810504627648
534,0.007620640828922319
535,0.013979574783036087
544,0.00870748574650565
545,0.004370824824068457
548,0.004146182413321714
557,0.007191271703852381
563,0.0369854641183521
565,0.011545455083251
568,0.0033484851010143757
569,0.002671357730175777
570,0.017433100798504745
571,0.008770316439580848
572,0.0038416669704020023
575,0.00332251199907487
576,0.007507193884242883
582,0.006867607502128429
583,0.0032987017184495926
591,0.004777778126811737
596,0.0043750000186264515
598,0.004364221962436635
599,0.006240231507704887
601,0.004951389238054818
602,0.004351675816422464
605,0.004293176022044537
608,0.0029697137497385036
610,0.008553146574926632
612,0.019778990638322405
615,0.004927820729026089
617,0.014741115849143737
618,0.008326844815290566
620,0.0035587120333103782
622,0.014709079109698674
633,0.0065060545216195954
635,0.00623942823010695
637,0.0037045455537736416
638,0.028179249217373664
641,0.003106543258746383
643,0.004150000068159491
644,0.008265568425766631
646,0.008624999783933163
649,0.006775776441221827
658,0.004107370386452086
659,0.0038676748396798493
660,0.0033611112739890814
663,0.010719587556201761
664,0.005901515483856201
666,0.0028283913469835872
667,0.0033782876588527144
671,0.027186700283352003
676,0.007314190935859587
678,0.0030909092376876376
679,0.01066666655242443
683,0.011349423141522642
686,0.0033172150706081917
687,0.008328780568213902
693,0.0063165814845647355
698,0.026561617800487564
705,0.008270376592233617
706,0.005861818773318459
707,0.008474234727735994
708,0.005443779040532288
710,0.011452564865557525
714,0.003598658310351453
716,0.003900353974765425
719,0.0031250693399699466
725,0.002963548480172319
727,0.039411612970101956
731,0.011702239076031927
737,0.008590738237822658
740,0.013340827542240469
743,0.005233333191537922
745,0.005463277336529535
748,0.022783582649564232
751,0.006147451408716977
755,0.003919226921015149
756,0.001890922799274683
757,0.02037475505905707
758,0.00596957070269501
772,0.00338712287152656
773,0.010466389850603622
777,0.004076654565988458
796,0.008427154068085412
799,0.008354714249986636
805,0.004119953810171906
811,0.007712411775390417
812,0.021374168746391368
817,0.003564935177564621
820,0.006454882478175177
825,0.010406489537110788
833,0.01008896937230045
838,0.004600389285334932
840,0.006486979225279204
843,0.0025728992822273322
849,0.004181818570941687
857,0.008285963994705414
862,0.004108333494514227
880,0.003488336893373313
883,0.004372864271923769
884,0.00941072985535489
890,0.0074705888234706756
895,0.004413330464508123
906,0.011867669179977836
907,0.009342149548394643
912,0.01694696955382824
916,0.06070389204560068
919,0.014472511035715542
921,0.006357351262457753
930,0.004053048505842552
931,0.005909091327339411
932,0.0028939396142959595
938,0.009843687948643433
939,0.0034064193949975294
943,0.004742674265107152
950,0.005936861732682605
952,0.006605292479692772
953,0.0027436098415371023
962,0.00976578312455326
964,0.04382943541694654
966,0.004441891058745661
967,0.003653493494498254
968,0.002681818325072527
970,0.0029848488047719
971,0.005074694205753675
975,0.0024167786025826215
976,0.003958417478344252
978,0.009956229408952811
979,0.009174077050813021
981,0.006583333481103182
984,0.006434344023533182
986,0.003909091109088076
989,0.020486050918158007
992,0.007287589056805339
998,0.0034848488867282867
1001,0.0043272722164780526
1004,0.009923816672995573
1008,0.004058362215465793
1009,0.0045384617364460245
1010,0.013243375983015605
1012,0.004844114907499506
1013,0.008538473272432045
1015,0.007481749216688479
1018,0.009990301277329174
1019,0.01141566694109782
1022,0.003032843731846786
1032,0.0045552203514633936
1033,0.002958421959749242
1036,0.003037990075770126
1037,0.019304262088049542
1044,0.011772727445895134
1045,0.002695659078516962
1047,0.0062056415835192846
1053,0.00906913260393409
1054,0.004685950181026605
1058,0.005893939174711704
1064,0.004992888618337941
1065,0.005195817145094868
1066,0.012878266878837823
1067,0.0125733271698116
1068,0.010482812883012387
1072,0.003994868312307703
1073,0.02839757916947234
1076,0.006662280298769474
1078,0.013470447983450222
1081,0.0038257576525211334
1082,0.016817466691918866
1083,0.0036567993072928436
1090,0.0062490837378592744
1092,0.005870412892626357
1093,0.0038863638092566464
1097,0.0028383194993614074
1102,0.0037376341450387467
1107,0.007029031835488041
1111,0.0031818179659374012
1112,0.004568947971921679
1113,0.005803301104836522
1117,0.0028195913223618193
1121,0.005636363744150701
1122,0.005046732211706749
1123,0.0072368073363810095
1124,0.006562105703597764
1127,0.006075405445397943
1128,0.0035500000630954622
1129,0.009517497629920272
1131,0.0032272727958109044
1135,0.0030201791143932132
1137,0.008133045764498843
1139,0.016172989377079828
1140,0.015076799512656593
1141,0.007250000257045031
1143,0.005222222047212139
1144,0.011824286956443478
1145,0.004252872644278758
1151,0.008907643739515076
1152,0.015121571893614441
1155,0.002791752338700069
1157,0.007075258574575916
1159,0.0028374287527227816
1162,0.0066565528144502395
1163,0.05353920754007062
1169,0.005037879105657339
1175,0.006022727829233002
1180,0.005020715608106655
1183,0.005847037650731414
1184,0.0046490442307508045
1185,0.0031140198240349605
1187,0.005545454565435648
1189,0.004818181972950697
1196,0.005272222217172384
1197,0.005843719657092251
1201,0.0027319828533223047
1202,0.0225101670748213
1205,0.004333333112299442
1206,0.004363636020570993
1207,0.0032722221221774817
1209,0.0041888115429660625
1210,0.006409091676186438
1211,0.003260607141072164
1214,0.024883671488336218
1215,0.0038645802516719383
1217,0.003944756647035811
1219,0.01651882619237671
1222,0.010461177807566772
1223,0.004338435425904467
1231,0.004000000189989805
1233,0.005451251547615933
1235,0.002358984948497123
1238,0.0031404560674042456
1240,0.007054660133584295
1244,0.009401166743116099
1246,0.0035606063902378082
1249,0.0043899559369997765
1250,0.007600301978087263
1252,0.011049325219498758
1255,0.018634637476791144
1257,0.03178765348369073
1259,0.003937954337749036
1261,0.004950653400298214
1265,0.005572558667815367
1279,0.006403355806820034
1280,0.0037751371010897625
1283,0.0068750000737186415
1284,0.004201576323766624
1286,0.027613734220934546
1293,0.0046565660207282455
1296,0.011628403602702207
1297,0.005282407029499059
1302,0.028607367254955707
1306,0.0029772729612886906
1307,0.004967715074528296
1312,0.013304711016517753
1315,0.002825757733840336
1319,0.04614822934753124
1322,0.009978429349355918
1323,0.007064922463202862
1326,0.00815729672640234
1327,0.00405791500782644
1333,0.0045941137207080925
1334,0.006057920424855926
1336,0.0034473972260802015
1337,0.0026161892382788095
1341,0.0026826021111532802
1343,0.003155964045923005
1348,0.003977896028626119
1349,0.017281809835698225
1351,0.006176353464376765
1352,0.02828615945634633
1354,0.007333333604037762
1361,0.008442798907006643
1365,0.009140957508326532
1367,0.008381554461683996
1376,0.0027777778450399637
1384,0.0036333331372588873
1385,0.017258420997867754
1387,0.009545454546058364
1389,0.013013083232735782
1391,0.012332219633274483
1393,0.03926978132282976
1394,0.035293808946104954
1397,0.007328671393098571
1400,0.009818182326853275
1402,0.006396163077631402
1403,0.021538801737191172
1405,0.004614141003968612
1407,0.008181817829608917
1409,0.00831804803853692
1412,0.01647434657228592
1416,0.005145552044836364
1424,0.007893248511956658
1428,0.02752128836195091
1433,0.010435749655792076
1439,0.004938300773403583
1443,0.09442458450831608
1447,0.007772727403789759
1449,0.0032083580613221996
1450,0.004988471175227003
1453,0.004723066738875367
1454,0.010535865407749158
1459,0.009719490808851422
1461,0.006023870451060511
1463,0.003132913295886656
1469,0.0033375070307256624
1471,0.0047515415172920536
1473,0.0029473684422013187
1474,0.004015272314035876
1475,0.003252999827200065
1478,0.006026930736052257
1479,0.004719122391563002
1480,0.013454141187970415
1481,0.006941114371131511
1484,0.0037430557422339916
1486,0.0036442997577411772
1489,0.0027083638572478986
1490,0.03098714767267523
1492,0.004272727761417627
1493,0.004916666736991652
1494,0.00625000035245401
1495,0.03163636475801468
1498,0.025997390542537996
1499,0.006808267548241542
1500,0.008252525702118874
1503,0.003333333211900421
1504,0.002654545482773931
1508,0.0061250003054738045
1511,0.004293836850023666
1513,0.0027176402187825857
1516,0.002686882096851139
1518,0.009778492629647285
1519,0.006150824139390731
1526,0.0030668390019107203
1527,0.017081199153777104
1532,0.003210260671656369
1537,0.0032637061711440806
1538,0.0246246854026382
1540,0.011605708880588006
1544,0.013567226808252678
1545,0.006258515122449751
1549,0.00615384615957737
1553,0.010000000513808732
1557,0.006452381610870361
1561,0.009236398177227472
1562,0.00477272756402382
1566,0.0022083334643980637
1570,0.006219046142173055
1575,0.007656907381186651
1580,0.0037272728990184
1581,0.015976513612751778
1582,0.0034166667955664617
1583,0.0038279219056361093
1589,0.003974516360309496
1591,0.004536665815819976
1595,0.00840398664911126
1596,0.020862946725094342
1597,0.003807616297881766
1604,0.006623556198159601
1605,0.003086560310364593
1606,0.002900109803639436
1613,0.011012625128308388
1617,0.005619554014335717
1618,0.016076810338920312
1621,0.015484229593986525
1622,0.0028069847625887307
1625,0.004956153087517297
1629,0.002986226407913517
1633,0.0030648252476942026
1634,0.0041969697922468185
1639,0.007344462340322695
1640,0.004221667423699947
1641,0.005086716219305872
1642,0.002872726934975715
1644,0.005197916645556688
1645,0.006276826064374134
1648,0.0046435791886616316
1651,0.0033636363868297238
1652,0.007114244048106623
1654,0.005603404709136346
1655,0.002939210266280555
1662,0.01426038846362378
1663,0.012792225608988295
1666,0.0044999998062849045
1667,0.005451834546581422
1674,0.006864520043663815
1677,0.008037630728743812
1679,0.005478569637368279
1682,0.008861450154951928
1688,0.004825175274163485
1691,0.011320876253609972
1693,0.003405147213134826
1694,0.0034685316864726213
1696,0.010750001122898818
1697,0.0042129890096848244
1701,0.002455568260534905
1702,0.004865079730652248
1703,0.007096874517502525
1708,0.0032362335883910046
1709,0.008208592581602525
1710,0.004142663751457052
1712,0.005962044947085961
1717,0.002490208678287073
1718,0.004137743789601114
1719,0.0055210363964295645
1722,0.004124110888537913
1729,0.006879669014913168
1732,0.008258333163269313
1739,0.007229893383781712
1740,0.003504132153466344
1742,0.011157549963111236
1744,0.004071428440511227
1748,0.007890821616443642
1749,0.009370372153699368
1751,0.003137636859767338
1759,0.009148282144255015
1766,0.0041405426426347
1776,0.00829058879402786
1777,0.00569159821794648
1778,0.004314066683950388
1780,0.01218181834575958
1784,0.005617452982978936
1786,0.004916956683163882
1788,0.0032849508547509393
1791,0.026693034020028244
1794,0.007030303247420154
1796,0.053116371644142416
1797,0.01641666702926159
1799,0.010063379635243943
1800,0.011132915965163815
1802,0.00521970697065895
1803,0.009203457001761577
1809,0.008934514440556979
1810,0.003640548984859456
1812,0.006077671011923349
1813,0.007172478711785422
1815,0.0022389016477016173
1817,0.010208559002206527
1819,0.004861137414945904
1820,0.006045593446943649
1821,0.027004089294954903
1824,0.02327996718194906
1827,0.010299741129816383
1829,0.0030454548735918663
1831,0.003014078169022893
1833,0.005063202613943716
1834,0.003863636637106538
1836,0.0040198268347181555
1837,0.0018321741847731274
1838,0.004660105226418434
1839,0.003702479414641857
1842,0.004534463018666143
1843,0.0026743349017308493
1844,0.005083333644885537
1846,0.004970503959452645
1847,0.0023622529819434467
1848,0.01994076522244651
1856,0.008060566127061783
1859,0.006814319527679814
1860,0.004380984963857571
1861,0.008421499417197201
1864,0.007102017179452895
1866,0.004241592595789225
1872,0.0036796982900015257
1874,0.004353138353376574
1876,0.004277778323739767
1887,0.023467757170644955
1888,0.0039092402057044505
1891,0.004556993021513073
1894,0.006963636726140976
1898,0.002852654379225893
1900,0.0101438258010936
1906,0.010504849522208518
1910,0.008937390100105639
1911,0.006753654585078556
1913,0.01755101372848588
1918,0.0025486114900559187
1920,0.003643467338526564
1925,0.00434027798473835
1929,0.0066000002406762966
1932,0.005785986673059866
1935,0.007116459764188068
1937,0.01680917605696231
1940,0.006756555245363413
1950,0.006668936221101832
1954,0.00770494508447331
1955,0.02533069492610479
1961,0.0035506391682491828
1967,0.006886363495141268
1971,0.0045378790237009525
1973,0.006979113217619292
1975,0.005364583555779462
1977,0.002612168766990412
1980,0.006765440224466563
1981,0.006932763646422669
1982,0.00594077843783326
1983,0.008876848890660153
1989,0.037374685633723564
1992,0.012528009256466792
1994,0.003264544608090543
1996,0.0062500000931322575
1997,0.004828654875208897
1998,0.005654852457598846
1999,0.04242779549269962
2003,0.005025974411850879
2005,0.002655579686333933
2008,0.0030125894344584826
2012,0.004015151411294937
2019,0.003660691198949949
2021,0.041883706190409306
2022,0.004787879064679146
2023,0.006852563936263323
2025,0.01658310429254795
2030,0.006947409759957281
2034,0.014231443385122928
2037,0.003343583086855331
2044,0.0037706405667075294
2045,0.005543207334599986
2054,0.004799173178724622
2058,0.006652270084040653
2068,0.004625000059604645
2070,0.004671875387430191
2074,0.0035723452330535506
2076,0.007208333954831739
2078,0.014833854362331323
2079,0.004321509773560496
2081,0.004287036748406894
2082,0.014567320725071735
2083,0.007751094634991924
2085,0.004774776805088829
2087,0.005986364455635128
2089,0.006373667253321539
2090,0.005653300572016234
2095,0.0041925655280839105
2098,0.004651515278965235
2099,0.006812125718522426
2102,0.005774786498464661
2109,0.005114107586142532
2111,0.0029909153076838474
2117,0.007697618087866837
2120,0.0037455978101409576
2122,0.0034444444241324987
2124,0.006036975947107396
2125,0.0026280832632716578
2131,0.007645044077553878
2132,0.0034924245352835155
2134,0.02362581802600544
2135,0.003217215035481005
2136,0.012871473568609711
2139,0.005567999406796668
2149,0.003032117037481723
2158,0.012557385236660178
2160,0.019231098267373428
2161,0.010635524265986063
2162,0.006339221990616747
2164,0.006138889119029045
2167,0.003830493820289014
2168,0.016575216101196066
2170,0.015420676197155179
2173,0.0023766499582471277
2177,0.017291905632776806
2178,0.0022879217427142877
2179,0.008830464454835865
2183,0.006611161037141171
2185,0.0063214749185157414
2186,0.004543056318903898
2189,0.010174243710935116
2194,0.002796362757659046
2196,0.0063650388856099135
2198,0.003772727546074143
2199,0.01596274305154574
2204,0.02709462330589284
2211,0.006555242477570342
2213,0.0194280927874582
2219,0.003727272618561983
2225,0.026159099396574317
2229,0.00588685674040906
2231,0.0037623200118779266
2232,0.00307696427421928
2239,0.004207953513874974
2241,0.011636080231520348
2242,0.003916666953037063
2243,0.03896195214650696
2244,0.002689463028844486
2248,0.0040399368142531675
2254,0.00987693420246851
2255,0.006832884857256388
2257,0.005833333358168602
2258,0.0073636360466480255
2259,0.002925727840244703
2260,0.005381877247871056
2262,0.010110237615410762
2266,0.0030810335296117446
2271,0.003954545707702935
2276,0.005630578888474472
2278,0.007703674442471786
2279,0.04714443766942587
2280,0.0046545458026230335
2282,0.007610237426523918
2283,0.005722738466723714
2285,0.017215494447017234
2288,0.0060699168857253185
2289,0.009326338135712101
2292,0.026862052107887956
2294,0.0051401429832918805
2299,0.019277434535259343
2309,0.00421212161848078
2313,0.00623448517010041
2316,0.003687661267150027
2317,0.0031735538505017757
2318,0.004006544846406048
2321,0.004055555444210768
2322,0.0040636602834576915
2323,0.004104368153900825
2324,0.008197602703440752
2325,0.0027576447796392334
2329,0.00428507006236928
2331,0.00502196819621396
2336,0.003699119576521052
2341,0.004330784311808253
2343,0.012352049602025612
2344,0.004242424853146076
2348,0.006768594961613417
2349,0.004610661757962276
2350,0.006737335738997276
2362,0.0071300610234561745
2365,0.004015151411294937
2369,0.0113130249378811
2371,0.011035601910046261
2373,0.0032489427656357283
2375,0.002433732927854425
2379,0.003450216397794001
2382,0.013307749379680557
2383,0.0035545701476824257
2386,0.0043636361762572
2392,0.024288612245306068
2393,0.0036034629258454576
2394,0.008880399622369643
2395,0.004397727242361444
2397,0.00490657829081723
2403,0.012649736361576708
2410,0.02159018703289451
2411,0.011545456014573574
2414,0.009925738188723872
2415,0.006810019904327008
2416,0.004176924019240571
2418,0.006174521709723147
2423,0.00292202692927672
2424,0.02629364654701273
2425,0.0035791028336749683
2426,0.002780312316053903
2427,0.013386861067875441
2443,0.004735024401624148
2449,0.004273553833362646
2454,0.0035305452200268084
2455,0.002927604197948579
2460,0.004383333493024111
2465,0.00599641410811383
2469,0.00230911437711518
2470,0.0017926928065703247
2473,0.006443813170587481
2474,0.004462121054530144
2475,0.003863636404275894
2477,0.010057330907516464
2480,0.007794948705807644
2483,0.006210585776763047
2484,0.005202984391234464
2485,0.006127628386691382
2487,0.006957331903918805
2489,0.004841537693052902
2490,0.003659893679179887
2491,0.013624254918733399
2493,0.0041969697922468185
2497,0.002545528523959303
2502,0.006545949478455076
2503,0.015617900269274175
2504,0.009971507685689827
2509,0.00293341259612737
2511,0.009474174537800509
2522,0.0042025048103370745
2525,0.004826606958815757
2527,0.010446850637779307
2529,0.00432323245331645
2533,0.004292066954961268
2534,0.005822916980832815
2535,0.004431818308465688
2541,0.006027915465050927
2544,0.013552608778669957
2548,0.007558835531433774
2559,0.004777025410434579
2565,0.005852213670285598
2567,0.010645269030375788
2568,0.007938823286116973
2570,0.003476396113961085
2575,0.00405785127743896
2576,0.00405569242070834
2578,0.006598913191837962
2579,0.0027263561714553305
2585,0.004869754437709315
2587,0.0029637533249685165
2589,0.004008282000787238
2590,0.004289255943149328
2592,0.008698334899959442
2598,0.011073786001694397
2604,0.003932180277985516
2606,0.006747268039242239
2608,0.015658659268488275
2615,0.004380984963857571
2617,0.004017481337589982
2619,0.002411137880835702
2622,0.009113401252795948
2628,0.01983456893084153
2631,0.004818363058599465
2634,0.040627933534667565
2636,0.007076978598583689
2637,0.002550941901633138
2643,0.004038461484014988
2648,0.00747854258771031
2652,0.008686285282905083
2654,0.006818182300776243
2660,0.017530303448438644
2665,0.008244687591421586
2666,0.003421117753888755
2669,0.009602942875213596
2672,0.009344819283416106
2673,0.008027764291333225
2681,0.005008965640539123
2682,0.004647728631766171
2687,0.0033064063605960717
2688,0.0030086573717426806
2689,0.0064951292291296646
2694,0.0037433726436040026
2695,0.011097709893543117
2700,0.0033289990997443565
2701,0.008263751107078698
2703,0.004621212370693684
2705,0.0031818184070289135
2708,0.004085904061696468
2711,0.0034364613147313205
2713,0.0038069216567682015
2718,0.037600099093043876
2719,0.0038184594392900385
2722,0.005265962186349343
2734,0.006971987328000941
2740,0.009659091736371441
2744,0.005588559442551196
2745,0.00755148412574527
2746,0.00405806711045585
2750,0.004068809413197645
2752,0.00488136610923096
2756,0.009280165667881084
2758,0.005291667049105584
2763,0.005095997675051612
2769,0.011863241883222535
2771,0.004236307968395998
2773,0.006428798512402185
2782,0.008561819376087196
2784,0.004696970056322298
2787,0.011440215383128364
2789,0.01070479005454078
2802,0.004059811546806098
2804,0.0036363638937473297
2816,0.00484961740859831
2817,0.003411739889546767
2820,0.0038461543153971434
2821,0.010733792875274166
2823,0.007439225980679887
2824,0.04280376627996572
2827,0.0037708332358409305
2828,0.006280834006532658
2830,0.003778711002213854
2831,0.0025441374330007977
2832,0.007121212613610744
2833,0.003568771438650781
2837,0.0043442041840693986
2843,0.0060969308244819475
2848,0.0037628344583755234
2851,0.014884040899859811
2852,0.004765807332042031
2856,0.0387566911988659
2860,0.003834571861937944
2869,0.007246606926535977
2879,0.0058181819053719375
2880,0.0046193453490968855
2883,0.008828043009388086
2884,0.005007871952388556
2888,0.009901515942250425
2889,0.0027880290065894135
2892,0.0030000000438930303
2893,0.007053030485012034
2895,0.0032517483923584223
2896,0.012363012502806935
2897,0.009649839680516132
2898,0.005992098462589274
2899,0.0054236255171838015
2901,0.0034318184480071068
2905,0.009363050470801703
2915,0.007909567771415675
2916,0.0038663676499046066
2917,0.01476723983977945
2918,0.003497465355573285
2925,0.006423069880406623
2928,0.0042500002309679985
2929,0.02262016876863149
2933,0.004262841370671235
2937,0.002909090850098423
2938,0.0030454546407030006
2947,0.0036470590137871214
2948,0.004971952000705078
2952,0.00446446863193811
2956,0.0029575493071781612
2957,0.010192627628003397
2960,0.002480800102424565
2962,0.006613636389374733
2963,0.01087324611635827
2966,0.0032232124614593356
2967,0.007486111484467983
2974,0.012662375984407424
2981,0.011760279025987749
2982,0.004074156750110008
2987,0.005263201717709297
2988,0.005713680744283862
2993,0.004816124525231387
2998,0.005504766265342581
3002,0.007769033807104163
3003,0.004803030474507815
3006,0.0035772065671752827
3009,0.008794919713664634
3014,0.021560160199119226
3016,0.005380106740427385
3017,0.004052227640943241
3019,0.004493753478875619
3021,0.0027202425581533724
3027,0.004833333194255829
3029,0.0030151517314416718
3031,0.003216666661092984
3033,0.0030481586121344087
3035,0.003310606349259615
3036,0.003109470440182396
3037,0.006283775439719261
3038,0.008188188977299199
3041,0.0041515156626701355
3044,0.013337666551911128
3045,0.0031923368843572754
3048,0.0076067953590125735
3050,0.006060606117189586
3052,0.003944056108593941
3053,0.005783275133555428
3054,0.010916666889986595
3057,0.007954953369251578
3059,0.009260655944842298
3060,0.003767676750222693
3063,0.045148460304857814
3064,0.006735613033390657
3067,0.006513444983236683
3071,0.014019115941161649
3077,0.004148022072922105
3083,0.002975244904144253
3087,0.008190476335585117
3088,0.011328176694947067
3089,0.00569557251930833
3091,0.015164780390904627
3094,0.0028128639476876368
3097,0.002871271451002685
3111,0.0153733858294649
3113,0.011103132719401792
3119,0.004509392652891634
3122,0.0029167641010382278
3125,0.0021041945451146277
3127,0.005910135948484161
3130,0.007041666656732559
3134,0.14417341351509094
3136,0.003620330365696071
3142,0.002614608386794171
3146,0.006997755724586458
3149,0.00586752770314886
3150,0.005839873673536385
3154,0.008784028804421081
3158,0.00605648153182748
3162,0.0025314688682556152
3165,0.011484954908590788
3177,0.018448233229014302
3178,0.0040629372310669355
3182,0.004363095387816429
3184,0.023199728299998945
3186,0.004858790303315669
3192,0.01613594168505093
3199,0.0031794871228171136
3204,0.0045947837394134244
3206,0.04000358697130367
3210,0.013485523084913098
3212,0.003914862271714103
3213,0.0038863641675561666
3216,0.0032122143479397136
3217,0.06696809094774632
3218,0.003462254520385496
3225,0.0068378067470828
3227,0.015933250139250132
3232,0.013090909333169743
3242,0.014753616781997056
3244,0.010014702088312974
3248,0.014312243135657628
3252,0.012057631857372741
3257,0.0126425395625387
3259,0.004405112286284846
3260,0.00677554767518755
3264,0.005070185323720218
3266,0.0034814816899597645
3268,0.004093873878965626
3269,0.010858176229277098
3280,0.006679848846766347
3285,0.00403358731649408
3289,0.0042500003743110954
3290,0.007032963654194535
3291,0.003955408996802497
3292,0.007502349607658577
3293,0.008932292225478842
3294,0.003763689586467003
3295,0.00886949400107066
3296,0.005017180252185864
3300,0.015804982797488862
3303,0.007259259466081858
3309,0.004571428522467613
3316,0.006013463938664193
3319,0.019626426096669314
3320,0.006692275224907021
3321,0.007014685176745166
3322,0.004755413032337841
3326,0.004687816380409262
3331,0.01020223045524626
3335,0.025271196967718866
3343,0.0029021338792576
3344,0.010809395324637231
3350,0.003719060888914957
3354,0.01965665178679472
3355,0.021864472018570173
3357,0.003282003495765365
3359,0.004649712243700779
3361,0.004384615924209356
3362,0.006799318976621123
3363,0.007321334459357081
3364,0.004191666841506958
3365,0.0064850571962638435
3367,0.004489610667980204
3371,0.009612623846685181
3377,0.0199034269708161
3382,0.005136604375776744
3384,0.008407085218005
3388,0.0034416665214901756
3389,0.0035833334967132566
3391,0.003986335575983961
3392,0.004187500104308128
3393,0.004437680981511115
3394,0.033844362236382416
3397,0.0029091309192100187
3399,0.00442424276843667
3403,0.004251463819298894
3406,0.006646790722313786
3413,0.003750000149011612
3416,0.0038636364571416667
3420,0.009132400351159869
3423,0.002661489236181838
3427,0.0023583386502796693
3429,0.007520076541044238
3433,0.006124525384292301
3434,0.005285142572626012
3438,0.005950104060603078
3441,0.003636363981779321
3451,0.004429487207828537
3453,0.01286299143519386
3456,0.02522528055188023
3458,0.003272283428657644
3462,0.004359107930213213
3464,0.0041250004433095455
3467,0.003351618644866881
3470,0.005749120732159667
3472,0.003606104541748807
3474,0.007775228542759437
3480,0.0026111253952362046
3487,0.004666666965931654
3488,0.007488633721422245
3489,0.0033636363223195076
3497,0.006765151396393776
3498,0.004602721866446604
3501,0.005676446473340067
3503,0.005163122664030367
3504,0.007816435768268772
3505,0.005102670917445368
3507,0.016316632800052005
3510,0.014785238754057333
3512,0.006707135638700452
3514,0.00756188587742739
3517,0.00427272729575634
3519,0.011038496477143276
3520,0.0044545456767082214
3533,0.010900000702504978
3540,0.010545454919338226
3541,0.006969344933433671
3542,0.01775066652219945
3543,0.003165430147198494
3545,0.0031985251951327388
3546,0.007018389095065294
3548,0.018685636592916652
3554,0.006181818433105946
3557,0.003171005458905212
3558,0.01702685711454022
3565,0.0042207795195281506
3567,0.01935499183699456
3568,0.014340029163069505
3572,0.004009569529443979
3573,0.005057137526006296
3574,0.010184417370213998
3575,0.006307117482607708
3580,0.02061066574040473
3583,0.0038484849501401186
3585,0.008200680682164082
3586,0.0077433711695446385
3588,0.0031439396552741528
3589,0.0023737583546609314
3591,0.01830123910863463
3594,0.004500000271946192
3601,0.007992640906205682
3606,0.004166666883975267
3610,0.002754017930765708
3615,0.009666153828064539
3620,0.0072529645466436
3622,0.004442874433961353
3623,0.009081051843513337
3626,0.004325757420077551
3630,0.0034901862983829635
3632,0.008366563671579895
3633,0.007516327751676986
3636,0.02030303329229355
3637,0.007180177846284889
3638,0.003209838299460338
3640,0.004701952339937409
3644,0.007695037939020525
3649,0.0030490050305316384
3651,0.0075716435938149446
3656,0.002672766236156117
3658,0.006817101315781752
3659,0.003714750607053871
3661,0.0033564611108566995
3670,0.009063919375260032
3671,0.0021440179200056275
3672,0.00314213412489661
3673,0.014601502124807953
3679,0.02279320844570438
3684,0.030074113686029906
3687,0.006823130156313868
3692,0.007925210780529091
3695,0.008166667073965073
3698,0.006919198654122534
3706,0.0042045461013913155
3709,0.032375004049367266
3715,0.007530012354883523
3716,0.0037777778259603105
3717,0.006962790805427253
3718,0.005650643516745522
3720,0.004216701872101849
3723,0.030927710707883273
3724,0.00407475239121469
3725,0.04595787799725028
3727,0.010573210381018003
3731,0.05791420513117984
3732,0.004305124921418184
3734,0.004222222603857517
3735,0.005873442361064704
3736,0.004693142098713984
3737,0.003327338833389345
3738,0.0031488097738474607
3740,0.022328708896557393
3746,0.0042757668364052474
3748,0.012744014788578303
3751,0.009913671060755688
3753,0.007227847297429278
3757,0.004256061167661385
3758,0.004099173936992884
3760,0.0033737377124570945
3765,0.003020932380446317
3767,0.004709279854139386
3769,0.011338287704559257
3771,0.003980581495989134
3776,0.004211712875814512
3778,0.013375000096857548
3782,0.0026424749316305302
3783,0.0041809234801688236
3795,0.005272727459669113
3806,0.005967756793500074
3808,0.006417011142184128
3811,0.008030142758072362
3812,0.004379810560326981
3817,0.0023311983190675315
3818,0.007392921532166805
3820,0.0028711388688269003
3822,0.002944082615579865
3823,0.010748804546426861
3824,0.006141236718794344
3826,0.005471619568480107
3827,0.021824781973661153
3831,0.004474359098821878
3834,0.004892837659673121
3836,0.006702735233738938
3838,0.004416666924953461
3841,0.005943896448871744
3843,0.01120266217526927
3847,0.016006327770085864
3848,0.012131631935155521
3851,0.008781004244348472
3854,0.038199349167489134
3856,0.004126905458046589
3857,0.002846626215177712
3859,0.004968692619371232
3862,0.0035715638803703337
3864,0.0060655096708604785
3869,0.003922112403117506
3873,0.016791646140337617
3876,0.0557249165069058
3882,0.004104166757315397
3885,0.0075116956077383775
3886,0.004591666627675295
3887,0.003400220623727544
3892,0.00581818213686347
3894,0.02323241798180614
3895,0.010338657475760144
3897,0.0031837768636473413
3898,0.007136364001780748
3900,0.004623128694048276
3901,0.004868298090242593
3902,0.006568444511408573
3906,0.00650757578371368
3907,0.0032714889535019475
3909,0.010514279147207171
3910,0.0020700698684892613
3911,0.011805156762608066
3914,0.02032105187450194
3916,0.0032565470552712375
3919,0.004477272275835276
3926,0.004091834447878313
3929,0.004298611544072628
3930,0.004189036905678898
3931,0.01852747415935108
3935,0.009374709106575597
3936,0.0037692307960242033
3938,0.01002561428453042
3943,0.00270134573404112
3947,0.0053135085507210085
3950,0.0038365758007038757
3951,0.006529734225067556
3955,0.005403800184900655
3957,0.007110883521973886
3959,0.018564568524171803
3966,0.006974359508603811
3970,0.0033410697388615265
3972,0.0055149190874724165
3973,0.004083333197663459
3975,0.0041594257947149705
3977,0.0029117977558130973
3979,0.003537306568354078
3981,0.0037443023981961064
3989,0.006166667211800814
3991,0.012019891916697592
3995,0.007106060925945658
3999,0.004795454442501068
4001,0.011310206100886821
4002,0.014325522660238427
4005,0.00709316771322357
4007,0.006477947720419872
4008,0.013908236914238176
4009,0.004122647921438067
4010,0.005596571196817097
4011,0.006351835093926521
4012,0.037097212882951466
4018,0.007368423920576574
4019,0.008022164970647545
4024,0.028801202375342116
4026,0.006583333946764469
4031,0.007274498189789009
4033,0.008921718897000348
4038,0.004026170089891193
4040,0.009848113605628225
4043,0.01700753801755904
4045,0.005028980732067515
4046,0.014317699358012564
4048,0.003401739437926759
4049,0.007148792620079425
4051,0.004269990640352162
4053,0.003504719279047868
4056,0.005291915378503261
4058,0.008128343587384936
4060,0.004990429966448507
4062,0.020071581999554014
4072,0.0035416668211208915
4073,0.006243311090217394
4081,0.00847612058864471
4086,0.006469529695020791
4089,0.014428840709557219
4090,0.0029621481874836115
4091,0.004479167051613331
4092,0.005066869423868403
4101,0.014926012593085587
4102,0.03454414105346052
4105,0.0027947437384257348
4110,0.003863464734032862
4111,0.003534722220405068
4117,0.00370833370834589
4126,0.005801942467523698
4132,0.01221973995977855
4136,0.0044822544525543965
4140,0.00504257942466743
4144,0.00907024988919966
4147,0.002945144824549988
4154,0.004806421236019785
4156,0.005915448583791064
4158,0.003062500385567546
4159,0.0031313132494688034
4161,0.004132543513739994
4168,0.004219697322696447
4169,0.00473258025009417
4173,0.002166666788980365
4175,0.02901658866434328
4176,0.003019520269753889
4179,0.022948459747486587
4182,0.009866887942481918
4184,0.00511856528735438
4188,0.004149114359198146
4191,0.004100000020116568
4193,0.004673611372709274
4194,0.003925147710545499
4202,0.00721212150529027
4209,0.0053861389257093915
4210,0.002492681605914651
4216,0.00432500010356307
4217,0.0044478984519598945
4218,0.007043246620444843
4222,0.00497943635880444
4223,0.003362245430655649
4232,0.007003089724302804
4239,0.004376870797186434
4240,0.006348099553956184
4243,0.01678069850425696
4255,0.002970606310697839
4258,0.003528925629109554
4261,0.002089294514654446
4263,0.004549557281642682
4271,0.0032967586312154236
4272,0.021438942392149163
4273,0.0039818184450268745
4274,0.006874133308403424
4281,0.008509198835743281
4282,0.012193773203594861
4286,0.03319995117376796
4290,0.005946808897292323
4294,0.003680805282277889
4301,0.0034090913832187653
4306,0.008237910554768758
4308,0.005931818392127752
4313,0.007256129399318342
4315,0.003487248419255119
4319,0.0030303034000098705
4322,0.013654714979829416
4324,0.012022727957891059
4334,0.0077170693902678415
4338,0.036887331897167884
4340,0.003375228184838221
4341,0.010816786206735166
4343,0.020762764870427393
4344,0.003750000197685385
4350,0.024805288170316457
4351,0.003960425482360004
4352,0.006208499005890192
4355,0.00468104634753974
4358,0.016905305244794305
4359,0.003368266565768525
4360,0.004848484881222248
4361,0.0035845804787780072
4364,0.0402875502472015
4368,0.011289301484862348
4372,0.004500861343943751
4376,0.003924243152141571
4378,0.013789922975247787
4385,0.00530653994667378
4386,0.013499052233520778
4390,0.031681733832385546
4391,0.009024810523146852
4392,0.014117002606188828
4395,0.0037424243536781756
4396,0.00448484875091309
4403,0.00289618584766861
4405,0.004541667178273201
4408,0.004528195831983365
4410,0.006672293041390489
4414,0.004696969874203205
4416,0.005440860275466999
4418,0.015033871926149299
4419,0.005374999933464582
4421,0.009287370111263224
4422,0.0030694445595145226
4429,0.006115277249703268
4432,0.002460607152271976
4441,0.010689894577931264
4452,0.0039791010104065746
4454,0.004583333326546952
4455,0.009430625846236385
4461,0.005372507756174908
4470,0.005505782787048332
4474,0.0023452846287272517
4476,0.007289866174152715
4483,0.0077606454546577065
4485,0.005402022485383028
4489,0.00485496171620875
4490,0.0048784476454074195
4493,0.005727580403007807
4495,0.006363636613074736
4506,0.0033939394969576993
4508,0.006893939804285765
4509,0.00740458538220596
4510,0.0036347662698976817
4513,0.005791243035430108
4518,0.004400000135337682
4522,0.005864527607935165
4525,0.01341996643954022
4533,0.004328085716034092
4536,0.00710537837537401
4539,0.01438796807524859
4542,0.00800000037997961
4545,0.005779792586116529
4547,0.028484894913859027
4554,0.008625488801644828
4555,0.01218958655812422
4557,0.006247409997718927
4565,0.006493211061761033
4570,0.008480985406725653
4572,0.010934273404457937
4575,0.0033031430380839493
4577,0.007775843458911104
4578,0.021032897813260096
4580,0.005000000353902578
4585,0.005383271391420371
4589,0.003671328628225665
4591,0.010763117263829985
4593,0.0033543168054881974
4595,0.0063472225177762034
4596,0.0027277795403448674
4597,0.004954545758664608
4608,0.004872432238137977
4611,0.011736731365636048
4613,0.002397750507284232
4614,0.02423708690188319
4615,0.02356333217007663
4618,0.004208333463559198
4622,0.0033393470865282363
4625,0.005018557959021248
4628,0.0045885554918654635
4633,0.009145086581806416
4638,0.016550576304082992
4639,0.004743743375447704
4640,0.008589195231943167
4641,0.0060764776629417434
4644,0.008325282167797016
4648,0.009101010630082848
4651,0.004833333659917116
4652,0.0044132230545329615
4659,0.014816165860499194
4664,0.011033711055068706
4665,0.003113362076826194
4666,0.0027794118504971266
4674,0.004227272841416134
4675,0.009380245623887928
4682,0.003318181959912181
4683,0.0032880028868599457
4685,0.005077957429520918
4686,0.0024250287545840724
4700,0.0032414995585914094
4702,0.0033181819898384004
4703,0.004833333194255829
4704,0.002083333443152078
4707,0.009367398614686604
4711,0.003700000001117587
4712,0.01078674542431415
4713,0.01650374655214272
4714,0.0034959718167444608
4718,0.018708237512286348
4721,0.007645901676246892
4722,0.007666667161901114
4723,0.003943182062357664
4726,0.0060162999117376655
4729,0.004398303434334716
4732,0.003679487155750394
4733,0.004472400788632325
4735,0.007614537030081172
4738,0.002915397634875066
4744,0.009372536141204594
4749,0.013381740041766487
4752,0.0038712124805897474
4753,0.029867470712047216
4756,0.00409271023938375
4760,0.0047698709012199475
4766,0.00281681272530312
4768,0.00337890715953815
4770,0.00572916679084301
4774,0.008390428324419354
4783,0.008635178736543084
4784,0.005972727667540312
4787,0.01632444592386998
4788,0.046817774605634736
4790,0.004264901718439148
4791,0.008526798335601982
4794,0.009165973203439778
4799,0.0037424247711896896
4809,0.00794696994125843
4810,0.003383147697588352
4815,0.005298021637116612
4817,0.004679776368805708
4818,0.011596777597006768
4821,0.003694444521935575
4822,0.0038545938771358725
4824,0.004164177831588395
4829,0.0031127450056374073
4832,0.005309290893419657
4836,0.003517649428060529
4838,0.003544871735047231
4841,0.004232630132930178
4842,0.005698789967837431
4847,0.005904018359594597
4850,0.020181819673131096
4851,0.004931818228214979
4852,0.008655286357961884
4853,0.007086728892220865
4867,0.004727272500329895
4870,0.0065668667240427435
4873,0.004541186633407809
4874,0.007139304216958584
4878,0.007154960139293831
4879,0.006005822067111954
4880,0.08251975334213636
4881,0.0038462518532132806
4882,0.005882856027004488
4884,0.004880745368528758
4885,0.0058055559644127645
4886,0.0029581711454273654
4893,0.002973049693578115
4897,0.005303029902279377
4898,0.006215352127335502
4902,0.021245269582726323
4904,0.006231607196102197
4905,0.005389587920965829
4907,0.0033217605230055898
4909,0.023989572251929613
4913,0.00821366128224109
4915,0.0043429495336147405
4917,0.009118227977245099
4919,0.018936737976869518
4922,0.009246206218453608
4928,0.002257583953571073
4929,0.002728702851367831
4932,0.0069532174393245865
4933,0.007476915819041764
4934,0.016277301232124394
4936,0.03273173193856012
4944,0.004388585688546766
4953,0.004214705350671628
4954,0.004439801603013514
4955,0.0022750746994529684
4956,0.002843772822424628
4960,0.006510488768943096
4965,0.011807355274257436
4966,0.0037090906878119597
4967,0.0032136242009492538
4972,0.0062597403302788734
4973,0.008189395070075989
4980,0.003908511077476072
4987,0.0031539386015587536
4989,0.0033496506828311705
4991,0.009128789189913238
4992,0.003617646957187075
4993,0.006802662740810629
4995,0.004653969434120001
4997,0.002972222398966551
4998,0.007463810750345948
4999,0.004460668933181226
5001,0.003695543378938076
5006,0.004117211600135388
5007,0.004144370886463431
5008,0.0034259259700775146
5009,0.009358074817649048
5019,0.00584637580921994
5023,0.00353787889920462
5025,0.0067272731103003025
5028,0.004429777293268309
5031,0.005496166911275201
5040,0.006120619971224087
5042,0.01826941408403265
5044,0.004287878811200109
5052,0.010314686038485019
5054,0.006948192408259481
5056,0.004337651628994381
5057,0.0054513893433000915
5058,0.0045264177060462246
5061,0.009123638745981415
5063,0.008748009108998128
5064,0.007758735268506953
5068,0.010346984551536216
5070,0.004981560202440743
5075,0.00634252094361157
5078,0.007627272512763739
5080,0.006729818339091398
5083,0.026474734191172838
5088,0.0036360401112099988
5090,0.0040496949450664595
5092,0.004191821496831227
5096,0.00496969697996974
5098,0.011794733971396474
5100,0.0067727272398769855
5103,0.0060454544295245
5105,0.006256829351387037
5106,0.003555906392265019
5114,0.005953510319704629
5122,0.03408819525152125
5126,0.003818181809037924
5127,0.003983548623338532
5130,0.004876319418220438
5131,0.006180556025356054
5133,0.004770833533257246
5136,0.004343538213205445
5137,0.00615495181681831
5138,0.010100420926555257
5141,0.004001179227484825
5145,0.00472755961701885
5147,0.0035005737021313924
5148,0.006260740974786192
5157,0.0053778937793047795
5159,0.008221301945333005
5160,0.006333333905786276
5164,0.007381277037288404
5165,0.004707000382169131
5166,0.004041411829276267
5168,0.016059141125409834
5169,0.002651558041576763
5171,0.01364792614293064
5173,0.007181818597018719
5179,0.007988695568067635
5185,0.006829288430306077
5186,0.03788225198125922
5190,0.006270959597801969
5204,0.0032029964044228082
5205,0.02582230084445527
5206,0.0033000000113461592
5208,0.0026072031629340974
5210,0.003618518773861794
5212,0.005736641600149538
5216,0.003268795984846785
5218,0.0036833329115991712
5220,0.03589797798179925
5223,0.003006029017695798
5224,0.004681818549378973
5227,0.002047624169839777
5228,0.017515843249270545
5235,0.0024723668012625504
5237,0.022090816453460695
5242,0.009713812263565574
5243,0.0029455643010058603
5250,0.004412048076057985
5255,0.005590307586375744
5259,0.0030579348820792412
5263,0.004704773948774967
5266,0.007095602650389123
5267,0.003975448499159586
5271,0.004435596773347338
5276,0.031272800348160774
5281,0.007546797308117843
5284,0.03971133219876067
5285,0.005983612323019148
5286,0.004915543119594265
5291,0.0044090912415813465
5299,0.01159271933571544
5302,0.020565604517167893
5303,0.006523954599725922
5304,0.0025805571117322166
5306,0.011434005258526184
5308,0.006435897201299667
5309,0.010843798392420854
5316,0.009663895392712651
5319,0.0025909987833606144
5323,0.004630715023119783
5327,0.008436037147164746
5332,0.003281027828996466
5333,0.013681661279857621
5339,0.008138062820401179
5342,0.0034244222549368077
5344,0.01704138757162137
5348,0.0074122170226009875
5351,0.004405457356320072
5353,0.006227552876338478
5360,0.0245112677205612
5362,0.0030568354810483495
5365,0.010555361303710199
5367,0.01109090896575309
5371,0.009293615459840608
5377,0.009908602109761588
5379,0.009618828362391932
5386,0.0076502807220389605
5387,0.025013271786289305
5394,0.023337991674838
5396,0.006528243059201609
5399,0.003991286479221728
5402,0.004484448712701074
5404,0.006797417657713937
5407,0.004652892596643324
5408,0.007875718127691125
5417,0.00810696227533291
5418,0.004381944891065359
5420,0.018485995457153896
5422,0.007647727150470018
5424,0.006871212561919663
5425,0.00479166647575369
5426,0.0077647591741239995
5427,0.011294568021332035
5429,0.007306697978921073
5433,0.008575833997838005
5437,0.007309495609055222
5440,0.0037578276600050585
5444,0.009119832700304267
5451,0.024569456781572494
5459,0.006552790651071345
5460,0.023785201652396146
5461,0.003648148151114583
5462,0.005558082319085308
5463,0.012551128767173675
5464,0.0035454545102065194
5467,0.003564227643490553
5471,0.005295204648095485
5472,0.004078304987199554
5477,0.012443796881744938
5479,0.006295454949904425
5484,0.0020625223619916955
5488,0.00928118923191325
5490,0.004243946542707674
5495,0.004558110205704874
5496,0.0038484849501401186
5497,0.005125387878000929
5498,0.009606061295554262
5500,0.032482654725418704
5506,0.0038893834482710767
5507,0.006512611181477318
5509,0.002325052324839441
5512,0.036797772500515975
5515,0.011811597720366116
5516,0.004044871898980499
5517,0.027866262545709897
5518,0.017532286444498647
5521,0.03173640812485181
5522,0.005491258087445719
5532,0.004266368903156354
5539,0.004096562636349649
5540,0.003474264878315735
5542,0.0453127583665352
5543,0.018749265208426756
5553,0.009308612095688128
5556,0.0024667740995113286
5558,0.003444600924518808
5559,0.006379268247430162
5564,0.005702479742467403
5568,0.01166816224502672
5569,0.0039901503704806865
5575,0.004959864432896248
5579,0.0028000001448119736
5581,0.003479537815561229
5582,0.03153426906829417
5585,0.0053589835771827386
5586,0.0065869960587385075
5593,0.007090908940881491
5603,0.0064053007196118
5604,0.006847240988288108
5605,0.008145148937841245
5610,0.006954910703470115
5616,0.004352564457803965
5624,0.004863636568188667
5625,0.005482905880748577
5626,0.006285714451223612
5628,0.004488095341757532
5629,0.003541911650722915
5631,0.0033333334447892865
5632,0.009133334271609783
5634,0.003045636380769482
5638,0.0030432503071230973
5642,0.0022636676293586564
5643,0.009143835449953189
5644,0.030621041918034164
5651,0.00562226524689263
5652,0.007549547991699303
5654,0.002517580936825176
5656,0.0027482519028733956
5660,0.0033335848151333307
5661,0.004120679911776583
5663,0.0032032626355800497
5664,0.01443390572403082
5670,0.006320047188665747
5678,0.0029208423164222507
5679,0.004566732547649982
5681,0.007853875097858962
5684,0.006893940269947052
5685,0.011139779237070347
5686,0.006614200364696768
5687,0.0043787881731987
5688,0.004053030285549241
5689,0.005399999674409628
5693,0.010081772671075774
5695,0.00758995925406775
5696,0.00314948137410108
5698,0.005335591594770339
5699,0.00613513866648596
5702,0.006741190777738024
5707,0.024045526827647126
5709,0.004175277319942885
5710,0.017443533572730464
5714,0.0058559087864545984
5715,0.013478431411909143
5717,0.008715578670692418
5718,0.005247903603265793
5720,0.0025987331337423794
5721,0.004481022379277952
5726,0.013730587435187132
5727,0.005556164157073121
5738,0.004067325533958532
5742,0.015320602549409076
5745,0.028047488247787074
5751,0.010938845461904705
5752,0.011664215468799933
5754,0.003648869685885045
5755,0.006080732691802959
5756,0.007038935188694979
5759,0.0050696989660651785
5763,0.026021783299526154
5764,0.005965035408735275
5766,0.010604115004834533
5768,0.00903252841754313
5769,0.0043668945121529265
5770,0.00897648518755529
5774,0.02675751616903981
5776,0.0037640619854284177
5779,0.009887045111705597
5781,0.0069016175635464565
5785,0.009169540918336924
5787,0.03387836878036343
5800,0.005765682110336087
5801,0.009984849020838737
5803,0.005990331473863477
5809,0.004486492643667053
5820,0.005608701459093708
5822,0.0036177229069040123
5823,0.012826881130398525
5824,0.0035110899565355294
5839,0.040853854701962566
5842,0.0043392814254510715
5849,0.006558859056394212
5853,0.004494189793371161
5864,0.011963132177797455
5866,0.004318853975074549
5868,0.005833333823829889
5869,0.003992570047137528
5876,0.002606093836820187
5882,0.010790209285914898
5884,0.0031785715837031603
5886,0.034808409489946526
5889,0.006309334715145004
5892,0.0067500002746486345
5895,0.0038409094430066535
5897,0.017391149112528547
5903,0.004346594673463346
5904,0.003259848717753348
5907,0.003673611441627145
5909,0.005975544109156159
5912,0.005405257210423311
5913,0.0036666666144851215
5917,0.003009394418192498
5924,0.004833897321887182
5925,0.0072978165098024645
5927,0.007491491112469597
5934,0.004584853790414447
5936,0.013727880369012027
5938,0.009048257492832926
5940,0.006986772317241829
5941,0.005435297042191974
5942,0.003376703760541266
5948,0.006661210454596106
5949,0.004887568979344985
5950,0.002504154034813614
5951,0.005393044962649026
5953,0.004165881053828938
5960,0.003318181959912181
5963,0.0063861996198837385
5964,0.012175684379076965
5965,0.011800360476733685
5966,0.009895754804791407
5968,0.003250000327017422
5971,0.008629029744569512
5977,0.0038516690106734086
5980,0.0025953217367631148
5984,0.01246286926837184
5993,0.0033047020721903003
5994,0.0034320844573377035
5995,0.003453347181680557
5996,0.006955128628760576
6004,0.003416667226701975
6009,0.0053419399497437615
6014,0.018977647455826984
6015,0.018172622206275017
6016,0.005888281959134859
6018,0.045432481085674284
6019,0.0035963818533604566
6021,0.004416666924953461
6022,0.003562073787233216
6027,0.009332620584184482
6028,0.004621212370693684
6034,0.0076734583095232145
6035,0.004810606318223914
6043,0.006459752581552488
6044,0.051383251787744846
6045,0.006575757637619972
6050,0.0061311479808101735
6051,0.006400867250486445
6055,0.008406066997840751
6057,0.014978473118051542
6063,0.0051666670478880405
6064,0.008185185492038727
6069,0.04402914259859426
6075,0.009241180714740548
6076,0.01574573269340732
6081,0.03208318947683755
6082,0.0024870377479115965
6083,0.020033316644363683
6086,0.007070593595752554
6087,0.005354166962206364
6088,0.004521520656146244
6097,0.0037653810484602653
6099,0.009171837252392623
6102,0.028273857495123136
6103,0.007237844187072304
6104,0.0074215223806625855
6107,0.008802973653419699
6109,0.007143634902096768
6111,0.007887425452375762
6117,0.007469383653283126
6118,0.009273555120450909
6124,0.006856060874371021
6130,0.0034000000788448983
6131,0.008497100791312375
6139,0.007408711687801673
6140,0.009039777800325275
6141,0.0033721580300745623
6145,0.010098477675309105
6146,0.006461875970356835
6147,0.004219860098739025
6149,0.0025378952261524393
6152,0.019084205075438936
6153,0.005214734468958428
6161,0.0033852787646803857
6163,0.005708333564571483
6165,0.008638676571505806
6166,0.004812024652638392
6169,0.006759303778216194
6170,0.030015685274884022
6173,0.018190876636901
6177,0.0027210041378149877
6180,0.007173421892595309
6181,0.003642857163002429
6182,0.005226298030647495
6184,0.03888180540051567
6187,0.0026243405506735846
6191,0.004787493589939467
6192,0.0034455825184840105
6194,0.005196969909931152
6200,0.010333333164453506
6204,0.004948662760942079
6208,0.004590513263033737
6211,0.006826660421284048
6212,0.008890665064547906
6213,0.003552247009457376
6214,0.022592810233419098
6217,0.007203942512016009
6219,0.002559480282076767
6233,0.007341875086037086
6234,0.03263519064735906
6237,0.0203707210326469
6239,0.0034616307835098124
6251,0.024353606858814495
6256,0.008181819421404314
6259,0.004105483674567456
6263,0.004720182148620922
6270,0.008228951225312958
6271,0.0033242413236159447
6274,0.010277330960168274
6280,0.005956219865563929
6282,0.004209821860725865
6283,0.016072767233104822
6285,0.012756515122208564
6288,0.003783845062705074
6289,0.002929376440006745
6291,0.006430889026032004
6294,0.018774203575586762
6300,0.004005587709032206
6301,0.002868466425482598
6304,0.003651515580713749
6311,0.002363669546286101
6312,0.02382775169787227
6313,0.006686501895133653
6316,0.003437500214204192
6318,0.006393127067810589
6320,0.009075668994425818
6321,0.0355756453141313
6322,0.0053622833924485865
6324,0.004511576140996709
6326,0.008173801952744312
6328,0.007437466849624425
6330,0.020120536767376688
6332,0.01714924087868569
6333,0.002833333344609346
6336,0.004181818570941687
6338,0.02135514990231206
6340,0.012049735797637623
6341,0.004994105792549192
6344,0.0017464197143888095
6347,0.04621478375191836
6350,0.002648066706949844
6353,0.009929247520478347
6357,0.0027552979376360824
6361,0.0055012775075727405
6362,0.029110727372464416
6363,0.004551926048560556
6365,0.0045601035199060785
6366,0.004261755983611402
6367,0.0053397437847990505
6376,0.0236724102657701
6378,0.0047931957459643165
6383,0.007932232110149772
6384,0.007045765470263436
6386,0.004663308575855595
6388,0.008951997072125012
6391,0.016261911985705903
6392,0.002916121501154186
6396,0.006687248787658942
6399,0.006292345610832193
6402,0.018114658157828162
6407,0.00621755461730892
6408,0.027257823720891115
6409,0.003166666952893138
6417,0.006252525374293327
6418,0.004173794002548162
6419,0.003022727556526661
6421,0.006278048812314611
6425,0.0038836073833926447
6427,0.03748155213011202
6431,0.014067367963571133
6432,0.005548433217407019
6433,0.007916666567325592
6436,0.004097365416031192
6438,0.004691544827982079
6441,0.004505278208325858
6442,0.006896001593169979
6446,0.007950298474166773
6448,0.005280996495697141
6453,0.004765151999890804
6463,0.005740764355936715
6469,0.003621288299549834
6470,0.0040486212657956915
6471,0.005515151657164097
6472,0.009635239662791183
6473,0.007226436019547435
6474,0.004175000027670737
6475,0.004575609227176174
6478,0.006642254974686538
6481,0.01220630467050737
6487,0.003933776403602868
6489,0.011578109745559437
6493,0.019984617605749523
6498,0.005899967997660709
6499,0.008757271065424907
6502,0.006727272644639015
6504,0.011814367746881662
6506,0.003608498776286829
6512,0.004028572752036827
6514,0.007257356637123265
6516,0.0046222813120733635
6523,0.005746371865577141
6528,0.00309033536266747
6530,0.002508533477506531
6539,0.012545454315841198
6541,0.016393230558205588
6545,0.0031181349229602276
6549,0.007031048637230036
6552,0.004423253737980647
6554,0.005924538233431318
6559,0.007359421242701058
6560,0.005055944172716247
6561,0.017858025983300142
6569,0.005346830064562647
6572,0.0032667718244570737
6573,0.0031571576078814785
6575,0.0064166665886964055
6577,0.0042307693511247635
6585,0.002875061707571615
6586,0.003895274102098627
6589,0.024073519592834103
6593,0.005817970338529738
6595,0.006959625908969402
6596,0.002769230864942074
6597,0.03617178709075046
6598,0.006898230921256301
6599,0.012766455830906027
6604,0.004612868440168168
6608,0.004104166757315397
6611,0.008448191032057689
6614,0.006550361052883039
6617,0.004167933635335396
6621,0.005850604202232232
6622,0.004520661197602749
6623,0.00372087100411738
6624,0.003272727597504854
6631,0.009036462702309827
6633,0.006560927480747996
6634,0.012982591477328234
6643,0.006757575835986983
6644,0.01587503819271574
6648,0.00857144445120342
6649,0.02043052468328705
6650,0.0032653326714664295
6657,0.021237435753225054
6660,0.0027153345603806974
6666,0.00632283276843131
6668,0.006138889119029045
6669,0.005983333569020033
6671,0.006719008553773165
6672,0.012074665579349587
6673,0.0038789810729125723
6676,0.005731230883463886
6678,0.015709797688952004
6679,0.0055344757136301225
6681,0.007281818892806768
6682,0.00580255722729049
6683,0.010659502550892517
6685,0.005191780419269855
6689,0.0052386280694181366
6690,0.008704974772289832
6693,0.003952407818189798
6694,0.004318182356655598
6697,0.003340909086998294
6698,0.007471420773530668
6699,0.0029500724872838307
6700,0.004050222508097871
6704,0.004579489335588222
6706,0.012008101440440733
6712,0.004997358038401075
6715,0.005076269370441542
6716,0.006839678081082728
6718,0.04077075441093348
6721,0.007124079251976297
6728,0.004512396809570706
6729,0.011522594845389597
6741,0.003431818250459126
6744,0.006399026796967909
6748,0.006450608347536297
6751,0.015575399218258948
6752,0.005027862047954973
6753,0.0064887562137871235
6755,0.00907326419028484
6757,0.007166666744701206
6760,0.0046178015738690265
6761,0.012733444118060433
6762,0.011250000447034836
6765,0.011696969940522502
6768,0.006515152093440398
6770,0.006343363234170096
6778,0.003647491613355919
6779,0.008409091271460056
6780,0.011270007418077804
6789,0.011809855888877832
6790,0.011490537936371411
6791,0.01185460642462717
6794,0.004350393670642523
6795,0.004495443999473864
6798,0.009480788331934368
6799,0.0051924361443045994
6801,0.004094800354424276
6805,0.004401514772325754
6806,0.008394380190199422
6807,0.002445474700179211
6808,0.00460449591310237
6810,0.009639314369296888
6815,0.004608333110809326
6819,0.004329809883717009
6821,0.0073452425435246915
6823,0.0029882842442078995
6826,0.003148760204209249
6831,0.0031136367470026016
6833,0.00847107544541359
6835,0.03353803729203886
6836,0.003969829883980704
6837,0.004819444380700588
6845,0.010807513671331658
6846,0.011464527209838291
6847,0.002635447827064639
6848,0.00361052237978104
6850,0.006967456346793668
6851,0.003272727597504854
6854,0.004991137721766998
6856,0.0032913451772122633
6866,0.013295305827849132
6867,0.006891979333353315
6871,0.004090909380465746
6874,0.008814217364375938
6889,0.003430555807426572
6890,0.03308139654786082
6891,0.002317762534907514
6895,0.008789756583111843
6898,0.003856150882081535
6904,0.0053003217360537164
6911,0.0033707111192646847
6912,0.02204286423354603
6918,0.0061363643035292625
6926,0.0044626568426140755
6930,0.004653409123420715
6933,0.007335456291846624
6934,0.015086323587365023
6937,0.0027639268558387626
6938,0.010423700831491418
6939,0.01259284593522638
6941,0.008274070903189362
6943,0.003215348530897489
6946,0.011061642752137297
6948,0.007841741529492012
6955,0.006091171615226295
6957,0.0035909092985093594
6962,0.008627798868924058
6963,0.009577325566211367
6967,0.010114363196954992
6973,0.007443182015636431
6975,0.0034377902776941893
6977,0.004635128592939549
6986,0.0023722442852812473
6988,0.002222254772587426
6989,0.006332134577150151
6990,0.005159961107897517
6991,0.0062291671308402595
6997,0.0030714289750903845
6999,0.003446387941861736
7005,0.005640244411379583
7006,0.004645833457864599
7011,0.0028030304475746832
7019,0.005531756620258876
7022,0.005159372953704094
7025,0.003674242691148308
7028,0.002161799326504572
7030,0.0024293435211860484
7039,0.0033473932752760686
7048,0.006230561759962861
7049,0.00464172402856055
7052,0.013020602147350851
7054,0.0034515440292147794
7062,0.007197862433138736
7066,0.007219084763140693
7067,0.0032727273646742105
7071,0.003574311431596546
7072,0.0038155506089144345
7073,0.009466493710694789
7075,0.013543218538671844
7078,0.00802506178628656
7081,0.004200000315904617
7085,0.02592418714938579
7086,0.011174041099443931
7087,0.009153846425879266
7089,0.0032397298210783284
7092,0.012230043472765486
7096,0.003554381916013475
7099,0.019538742334775906
7102,0.005878787953406572
7107,0.005811149421422578
7109,0.0028590075174455094
7113,0.00296681582508271
7115,0.0032244315496095088
7117,0.006144809570986983
7119,0.0027112662967454684
7120,0.008446031286390269
7122,0.009296099609451075
7123,0.0033030303315173116
7124,0.024113032085134944
7127,0.006368776027739203
7128,0.005424242466688156
7129,0.0064334673560162755
7130,0.006742424331605434
7133,0.006313402563073608
7135,0.01025605545488446
7137,0.009197384961159953
7138,0.017976866557143374
7139,0.005234481607058192
7141,0.014282796381702345
7142,0.004234848544001579
7145,0.034294605158245166
7160,0.007936103798348432
7163,0.0039090909995138645
7171,0.002738129691248534
7174,0.006638741668450682
7178,0.003593314331405426
7180,0.007107926721499022
7183,0.0027126074698386854
7185,0.01635330613487346
7189,0.005406149602014219
7190,0.00896116682109601
7192,0.0099341168207384
7193,0.0065423286389294025
7194,0.004436760853554949
7195,0.004860140383243561
7196,0.005035934539869983
7200,0.007355271042358372
7202,0.007133166746230097
7203,0.004057439576501875
7207,0.03298801245369533
7208,0.002287046465776799
7215,0.006298133409292132
7216,0.003551672755003024
7217,0.011902346851448097
7219,0.005643334958882116
7225,0.0021948289909479463
7226,0.010375159770943398
7227,0.004109170519106163
7228,0.00695454515516758
7232,0.008988981179205527
7235,0.0066821023853969415
7237,0.0066080214318319334
7238,0.004529427262602984
7242,0.005014692665717958
7247,0.04138565658181571
7248,0.006007576141335028
7257,0.003460605861619115
7258,0.003120451308514389
7259,0.0030544630888077236
7260,0.006160468114253527
7268,0.009636785025738885
7270,0.0061515155248343945
7271,0.009160284338615394
7272,0.004314290177962964
7274,0.0029494949165502506
7275,0.005100000855098608
7286,0.005173003518775528
7288,0.007305555817398408
7289,0.010801308093185896
7290,0.00604166788328276
7293,0.009570453592645255
7295,0.006178643123138901
7300,0.005474621960094463
7303,0.009870674545432096
7306,0.0039237614507500705
7307,0.006699126826752481
7315,0.018075623280534327
7319,0.02263574673281622
7320,0.003083333373069763
7322,0.00422435919850856
7324,0.011564961319477686
7325,0.00293181836605072
7329,0.005010644880466481
7331,0.0038181819110432473
7343,0.05632861241303282
7346,0.05054536490615204
7350,0.009222577785722358
7353,0.006504325607428701
7355,0.012103409593015221
7356,0.002759554159470512
7358,0.004393939860165119
7365,0.005041036282198619
7373,0.0024825503463826834
7374,0.007786076518591233
7375,0.004225148375384336
7380,0.0063973044569968105
7382,0.010771959081988953
7385,0.004008524358914394
7386,0.00867261277606269
7396,0.005929232427930014
7397,0.0027777780778706074
7403,0.006643939575599146
7406,0.011148949519123963
7412,0.00772147166381317
7415,0.0033108474308646755
7416,0.002291878571414309
7420,0.0069090913155375345
7421,0.004109006615997918
7422,0.00620125159404652
7423,0.008523514600031434
7424,0.013090909458696842
7429,0.014320292282559837
7430,0.003965378031190498
7431,0.012284830634121925
7436,0.02315607234774142
7439,0.005735388356343631
7446,0.011299702384986338
7449,0.008047469650567785
7450,0.0024043839076912593
7453,0.012083960356105563
7459,0.010583333492933006
7460,0.018036138945894706
7461,0.0037590999713539705
7462,0.0026791156234676596
7464,0.004089929136207966
7469,0.0030972224194556475
7471,0.004773412783385425
7473,0.008725092650600064
7475,0.0031555845337787377
7479,0.004205555189400911
7480,0.0036484853344848117
7487,0.0043571429945683145
7489,0.005754222109667895
7492,0.0037945366930798776
7493,0.008101063612573711
7496,0.004445796588258308
7497,0.005071675412475161
7498,0.003508009982944396
7502,0.007965341110455972
7511,0.006000000052154064
7513,0.012319256132829534
7514,0.031022609349141778
7517,0.049261565311576876
7521,0.03222984887676317
7522,0.002811710880852716
7523,0.006083646226999431
7524,0.021308671776694373
7530,0.0041261244473024495
7531,0.004889190782124242
7532,0.004422210346023331
7536,0.032499710762573804
7537,0.006198357490980572
7539,0.00554068277830551
7541,0.006525000557303429
7542,0.005231439702587296
7547,0.009628788361041269
7548,0.015000001426993922
7551,0.0037348487427344983
7554,0.006222222257935575
7560,0.002342596399127621
7561,0.005958333409573696
7562,0.007091393253772288
7565,0.004745847594121503
7566,0.00431503833076635
7567,0.0030119220340062256
7568,0.005185051478942049
7569,0.0030702052159464507
7571,0.004121212288737297
7572,0.004283333197236061
7578,0.004060818583647008
7581,0.015257072106803037
7582,0.006532975957268035
7587,0.009103701239166245
7588,0.0075937096416348465
7590,0.007943628612970018
7592,0.004506493620732839
7593,0.005866667027528151
7601,0.006188219933551449
7605,0.013434948257134987
7607,0.008787459578569098
7616,0.047558417122239995
7617,0.0035597127727781323
7623,0.0036590910035996667
7633,0.004983470974306996
7634,0.007527853033073836
7636,0.006792509209301304
7638,0.00298932584059206
7642,0.002909091068431735
7647,0.003977115490297044
7649,0.0030185681551524396
7652,0.007067431849116615
7663,0.006518360526142835
7664,0.003645852545127701
7667,0.006044444628059864
7678,0.025078179366433886
7679,0.003346154000610113
7681,0.0043787881731987
7682,0.010231304574905932
7683,0.0028636364731937647
7684,0.0043030306696891785
7685,0.013864214832503947
7688,0.006507576443254948
7692,0.0037779132782002557
7700,0.005212337273762475
7704,0.011165651907316667
7705,0.00653591094292639
7706,0.009415308603000105
7708,0.004821876392199767
7711,0.02922885247118907
7712,0.00446174390975942
7715,0.008333333505251894
7717,0.009487421576247629
7719,0.002322742126152668
7721,0.009529993656969616
7729,0.0032756899375907256
7733,0.0031890209199370227
7735,0.005852564238011837
7738,0.003677122450006786
7741,0.01067538860655257
7747,0.0040230047564173855
7749,0.003394212918034674
7750,0.0039934023260366
7754,0.010318183716014865
7756,0.0040641027816184
7757,0.0036320545897865915
7761,0.0023818666332688487
7763,0.011607365248150515
7764,0.003294569440302468
7766,0.009597897304631406
7769,0.0056284892324579006
7770,0.004655726965578288
7772,0.0041728898277121965
7773,0.004110344208075489
7774,0.0048964669233712965
7783,0.02047538776421107
7785,0.004443929266817095
7787,0.0027863209648884574
7788,0.005492725325261587
7791,0.004400271722880616
7792,0.0054097226820886135
7793,0.00439244092233194
7795,0.006782656230771168
7797,0.004484698662772369
7799,0.009794018169150973
7803,0.012487385791353089
7805,0.0033183449412462944
7806,0.02312314183555801
7810,0.0027501447273338663
7812,0.0028654594039211434
7817,0.004217237584962678
7818,0.0033257578337873876
7820,0.017052829348968696
7823,0.004638889050621201
7829,0.00933565745266654
7831,0.007458968993036948
7832,0.008400596646351212
7838,0.006594798422857996
7841,0.0030378790106624365
7842,0.03842661412123968
7844,0.003800358594446223
7845,0.024970335986956155
7846,0.005976758518277906
7849,0.0078029854456719665
7854,0.003008269907025866
7858,0.006455744517593086
7860,0.004591192334362173
7861,0.006106695997505213
7862,0.04313278346452662
7864,0.004170095682759922
7866,0.0038584781716670636
7867,0.007295455157949637
7871,0.004256944637745619
7875,0.007543004078082099
7878,0.002878955863374275
7880,0.004312840768372001
7884,0.004033129108931369
7886,0.0032895478714796847
7888,0.010523067005714586
7889,0.01604023516116648
7890,0.02081119001869351
7892,0.005988775183420855
7894,0.0030985287117354233
7904,0.019594800740268026
7911,0.01740202852987101
7912,0.003113636514171958
7913,0.004455879276604853
7917,0.006467708548920792
7919,0.00636111106723547
7922,0.018151471219448243
7926,0.003326458890523429
7927,0.004248949047364341
7930,0.019148070447633163
7938,0.004417191336649183
7939,0.006723378220431937
7944,0.005397924665239609
7948,0.0063358631444278436
7949,0.007147582442431926
7950,0.003237891524110691
7956,0.006370961755652946
7957,0.031049328709217297
7958,0.008927009936173382
7959,0.004316072271278379
7963,0.03365043562001571
7965,0.004545454572696191
7967,0.00417833293970487
7975,0.0036301902894379685
7978,0.007410653295318211
7983,0.003310377797075538
7987,0.0034432386843570063
7990,0.003797834029825971
7992,0.004065080174850684
7994,0.002060607855577813
7996,0.006153359460507253
8003,0.006592980837512311
8006,0.00852083321660757
8009,0.00525694476008773
8010,0.0054197748770150635
8011,0.010218925398913488
8015,0.010440543667040905
8018,0.0023917630621658045
8023,0.0033498603368406705
8036,0.003613636828958988
8038,0.00676470622420311
8039,0.006083333399146795
8042,0.005644276175041532
8043,0.0056378721467038335
8045,0.003472454792282643
8047,0.008741258398335587
8048,0.0036283258854538
8050,0.004066666713248538
8051,0.00484551557915662
8055,0.004737710120740028
8056,0.004644346232711151
8057,0.0043787881731987
8060,0.00413059646279555
8061,0.008657289278363027
8063,0.005867915182828784
8066,0.0035734267439693213
8071,0.004835606828633772
8082,0.00778966975158719
8089,0.004077922087162733
8094,0.003123475913709217
8095,0.010055184760462809
8097,0.003896038076964005
8099,0.004441310219358625
8100,0.006714867112497167
8101,0.008556818589568138
8106,0.0037527974583413505
8110,0.011207677625169991
8117,0.0037878789007663727
8119,0.005254232030754076
8120,0.007467269422018318
8121,0.02147570801430733
8126,0.00893610219742938
8136,0.008711757894794503
8138,0.008657624491842784
8142,0.007732473177219118
8147,0.0020802290299122487
8150,0.004090909380465746
8153,0.004703075120681546
8154,0.003823170635491054
8157,0.004414359543930853
8161,0.004891060237642578
8162,0.004466304709591301
8163,0.008163480943282654
8169,0.00730154492500373
8170,0.004016564341173951
8171,0.00837154409080319
8172,0.004150433362086443
8175,0.0031736770212891577
8177,0.0032188563444494464
8178,0.008909091353416443
8179,0.0029101848591116257
8181,0.00784787506812489
8182,0.04991562777972263
8186,0.010942655371673913
8188,0.013365271850809308
8189,0.0068786324265711785
8197,0.006432492830228153
8198,0.003342124192807083
8200,0.0035537963520100185
8201,0.057635505079373574
8204,0.003599999938160181
8205,0.022075282843892013
8206,0.010710204467289177
8208,0.021648302079029597
8210,0.006083333648920104
8211,0.00695104908678335
8215,0.006063392436027966
8221,0.011683137516581244
8223,0.0053791801234887495
8227,0.004249999908416919
8228,0.0038888888040226337
8230,0.013518093886735603
8232,0.006774535929100884
8233,0.006896642342868426
8234,0.009812729333036691
8236,0.003295602914629209
8238,0.0046950035546162215
8240,0.0386758580166688
8241,0.006206521016707918
8244,0.02444685174366047
8245,0.0030000002589076757
8251,0.00387272733008891
8260,0.007971601044630135
8262,0.0029286189806731673
8265,0.01561267630791673
8267,0.003545454975984251
8268,0.0028579634682758133
8270,0.008018756748059968
8271,0.008810214301472039
8272,0.0028542486425474282
8276,0.003606060752645135
8277,0.002447382936118602
8279,0.0034846532808662867
8280,0.008464218442875333
8284,0.010515151545405388
8286,0.004318182356655598
8287,0.06562371691723799
8288,0.014288310861439966
8289,0.01089392321509856
8293,0.007025641389191151
8294,0.0038373604859685407
8298,0.004975969760526632
8300,0.003616254927977551
8304,0.004024800123117266
8305,0.00858214235566249
8308,0.0014909091405570507
8309,0.0030156250577419996
8312,0.009681817666525228
8315,0.002550849255240073
8317,0.004507576115429401
8318,0.008620021716188747
8322,0.011393547030624585
8325,0.008760077809664823
8326,0.004396558508219183
8329,0.011492950459846737
8330,0.005833333823829889
8332,0.00744613125630582
8333,0.003486195633900064
8334,0.006340403599787069
8342,0.004200411792103947
8348,0.004758333321660757
8349,0.0036792002463325296
8351,0.004883393767203882
8353,0.004654761869460344
8361,0.005431151276519072
8372,0.007038248249914876
8377,0.0026667359146254825
8379,0.005528328290861728
8380,0.0025980983401766777
8384,0.007333333445556887
8394,0.006677083671092987
8401,0.004188115486237527
8403,0.0025833971377706216
8407,0.018992976411975872
8408,0.0059090908616781235
8409,0.005563472202930355
8410,0.005090908818114592
8411,0.006727272644639015
8412,0.003493200330597948
8413,0.0037499999161809683
8414,0.01578915843408939
8419,0.0031752768720803627
8422,0.003422258044265827
8424,0.002848511207760289
8438,0.006834181718817984
8440,0.008453672594351449
8444,0.005447866009568335
8448,0.00579860096282197
8451,0.0029469698201864958
8452,0.013087178796350924
8453,0.002895833254333238
8457,0.004355723463803731
8462,0.00347771834957973
8463,0.010517483218017595
8467,0.003898989983512241
8471,0.010304975932616313
8472,0.0031604392928073414
8474,0.005375000182539225
8476,0.006573514542657678
8479,0.00677742073640775
8483,0.008123170336180702
8485,0.014913935735486373
8487,0.010698718775019971
8490,0.003540094497560743
8499,0.005902907790261698
8500,0.003625834008881873
8501,0.014946489503351427
8503,0.005932449336972057
8504,0.00409999955445528
8509,0.00392624629017736
8512,0.004961825845747716
8514,0.004910627798980535
8517,0.006711121453272721
8518,0.007545454427599907
8520,0.0031288934710977504
8521,0.019504030406285035
8525,0.007708131718195678
8529,0.009860519055443858
8533,0.004312292965435034
8534,0.004787879064679146
8536,0.0037060406116783155
8537,0.004500000271946192
8538,0.003666666802018881
8539,0.004195444054378066
8545,0.007777777966111898
8547,0.00617232686770364
8548,0.005718221400509734
8549,0.0027833705822485153
8558,0.003622725195148701
8559,0.0032628606787712035
8560,0.007796037229531167
8562,0.0032479487811677508
8566,0.004497930850129399
8568,0.0028825947376972783
8570,0.007281211157201057
8576,0.0064574978740526735
8579,0.007000000216066837
8582,0.016690343445123643
8583,0.004280780127426182
8584,0.008884751650840825
8592,0.00527405979299965
8593,0.007669252883894434
8600,0.004677660930012131
8602,0.0025227272474454077
8603,0.006630056654248654
8605,0.004222222603857517
8608,0.0038975039334577877
8611,0.00622024251929214
8612,0.015433789293763118
8622,0.0030625001728817893
8624,0.005674242507666349
8633,0.006102680610471866
8640,0.004875000100582838
8642,0.007722222246229649
8643,0.011764912160402702
8644,0.004242781166822859
8647,0.0026875000912696123
8650,0.006366114792346239
8654,0.002255556940933199
8660,0.036330621880526846
8664,0.015222821003895055
8665,0.007960248572710427
8667,0.005006378728949478
8670,0.028763751286261515
8676,0.00900378941285123
8679,0.009387550773539225
8684,0.0038452865524442456
8685,0.0031104579021319074
8686,0.004000000189989805
8687,0.00415740053712759
8689,0.006111111528365671
8691,0.011151335670962784
8693,0.004016427977756318
8694,0.012122865883662836
8695,0.004113636910915375
8696,0.006015622649955718
8708,0.003733524873808015
8710,0.004899746370875604
8714,0.02113454394735569
8717,0.004276478456281579
8718,0.007194880690382784
8724,0.016091726337463794
8727,0.015726737883458974
8728,0.006615862603154696
8729,0.0076363642522322295
8730,0.013641587322078055
8732,0.00448251748457551
8735,0.0038914759756909197
8739,0.00732499927412285
8740,0.008772727790460733
8744,0.008096062643236895
8755,0.00619599463652878
8758,0.0034135721752452204
8759,0.004066666588187218
8763,0.0867286110615887
8764,0.022385108705948186
8775,0.005840257756881533
8776,0.002350000198930502
8781,0.004288461524993181
8783,0.005272726994007826
8785,0.007282949891966093
8789,0.005352858074380178
8791,0.0031747122791952772
8792,0.00390740716829896
8795,0.007159228400667516
8796,0.003691060075030536
8797,0.006556444432144874
8803,0.005060606170445681
8804,0.05407196006947933
8805,0.013068183073245324
8814,0.007098094684685035
8815,0.004215980009889641
8816,0.00630971290232629
8819,0.003336434657088099
8822,0.004531921353191137
8823,0.009054497057615324
8829,0.004113636575206074
8831,0.004421945551965059
8834,0.008660735410367304
8835,0.003099173540249467
8841,0.00372325150356876
8843,0.003202059499327411
8846,0.007027778308838606
8849,0.006158151090933208
8853,0.005316894184020153
8859,0.005760592215879167
8867,0.005859567944699152
8869,0.002533394331741304
8870,0.002380221002407057
8872,0.007675222557147061
8875,0.004656371704895896
8877,0.005810331748614507
8881,0.00322227924153913
8882,0.0144857780718638
8884,0.004426151116279161
8887,0.008777538621176344
8895,0.00587172815485369
8899,0.003768014023255135
8900,0.0029689683749499537
8908,0.010829063808947437
8910,0.01449408525823205
8913,0.004302648686070044
8917,0.010392943954933181
8924,0.005408512301594913
8927,0.004064375911700738
8937,0.004659091122448444
8941,0.003364723646199593
8943,0.005881751865142955
8944,0.013210697726969065
8945,0.0037955841577394576
8948,0.004759740550071001
8951,0.027991215050291285
8952,0.004716341789098277
8955,0.009422508890014662
8956,0.008914159629032832
8957,0.003591639137223445
8960,0.01917135175182451
8962,0.006265219676867966
8963,0.005041793557608216
8967,0.004058956116657759
8969,0.007800000110605257
8970,0.004689269146161672
8973,0.0033333336776781527
8975,0.004189818612411414
8978,0.008295289400539254
8979,0.0036696227783000477
8981,0.0038654796926341495
8984,0.007901514880359173
8986,0.01988822411886453
8997,0.018326956420581648
9008,0.008311588530947815
9015,0.005150674730744265
9016,0.009138199128816056
9017,0.005108116806637766
9019,0.028462661140991708
9020,0.008387189819359889
9025,0.004515582096729653
9031,0.0038507709030581767
9034,0.004924561427107347
9035,0.008217517101625318
9036,0.007576856956516552
9047,0.004371830810580582
9050,0.009152055393823404
9051,0.0035820889227776032
9052,0.013313992290843067
9054,0.005537663235357738
9056,0.044681303886867633
9059,0.0035251064614839267
9061,0.005242711241667003
9077,0.003984848503023386
9080,0.00565848072988912
9081,0.011120584122436019
9084,0.011743581695908322
9085,0.008845377573242753
9087,0.003687500022351742
9090,0.0037397810038589975
9092,0.0037361285922884436
9095,0.004356061108410358
9101,0.014499599169487952
9105,0.006992167358643697
9106,0.004886363827322767
9108,0.004295056943613295
9112,0.005875528434318962
9113,0.04699984240543846
9114,0.008250000619495563
9116,0.014516179480364726
9119,0.002368061596126661
9121,0.004894732443485843
9129,0.004160602215237805
9130,0.02224266922479124
9134,0.008897999421723427
9139,0.005134679039273709
9140,0.0033906657866706034
9141,0.004194444511085749
9142,0.002919230146101152
9145,0.004626959619242962
9148,0.004258333383746134
9150,0.0070492310909902305
9151,0.004041666630655527
9152,0.0027368422597646713
9155,0.0056601552190000595
9158,0.007453397179670328
9163,0.016235136102105273
9174,0.008413955565773939
9178,0.004013913563073285
9185,0.006327421630090641
9191,0.006425984369399444
9193,0.01738665490610342
9194,0.003126327956463768
9195,0.011608862924541151
9196,0.012685319389910379
9199,0.008965583941073649
9200,0.004076389130204916
9202,0.02638834832032626
9203,0.003298291266262606
9205,0.006131655536242673
9209,0.0036707358086278145
9211,0.007896689376713454
9216,0.015522098054149412
9218,0.014134559066554895
9219,0.0035833336878567934
9220,0.004242424529663441
9222,0.003359179593418674
9225,0.015273696856368748
9226,0.006454190299395592
9228,0.00412121182307601
9232,0.006733963786754556
9237,0.004781912233252903
9240,0.0043229167349636555
9246,0.00456060626071061
9250,0.006526436711442369
9255,0.010287879034876823
9257,0.003561983350664377
9265,0.0033637681739811425
9266,0.005884259473532438
9267,0.004233766630362737
9268,0.003879871389289019
9270,0.04485414300424126
9278,0.007370701433136355
9279,0.0050958892544552175
9282,0.004011959499379312
9283,0.003733333433046937
9293,0.0378177066597455
9294,0.004474586441905185
9295,0.0026601357253933956
9296,0.0023958567094647474
9299,0.010624389467371065
9301,0.011367571483817757
9302,0.0032013889867812395
9308,0.007624343609114565
9310,0.0037114611361874442
9314,0.0036363638937473297
9315,0.003892881292724019
9316,0.006414214214093465
9320,0.0051522263202086836
9323,0.004042454962377609
9324,0.006877501086811888
9329,0.002399187107347129
9331,0.007584704298462702
9341,0.00426793926625803
9342,0.0056277270102559045
9344,0.00357575761154294
9345,0.0031228251040850983
9347,0.005961008612709281
9349,0.012618104300072087
9352,0.006517382581080384
9354,0.010194207890279205
9356,0.0055909093861100405
9358,0.01976390101367692
9362,0.0035259855127930417
9365,0.013172240559618142
9373,0.005679994064543203
9374,0.0025521095074870666
9380,0.005299711217309615
9381,0.005122326525563067
9382,0.003741343196462369
9383,0.0035697950879202715
9386,0.006199999712407589
9388,0.004937062505632639
9391,0.006223340589570817
9393,0.009662270528492807
9396,0.006732040701937522
9397,0.006431818474084139
9398,0.014991601159603752
9400,0.006136363372206688
9406,0.0046363635919988155
9419,0.005129748572616144
9420,0.003972346390355085
9423,0.004750000312924385
9427,0.049053438111234395
9439,0.05284679068285477
9444,0.0029772727455171562
9446,0.006113636307418346
9447,0.0051818182691931725
9451,0.006181616954427193
9454,0.004090909041496001
9460,0.0054166666232049465
9463,0.010441801252943273
9464,0.004507172368578641
9469,0.0042708334513008595
9474,0.003598485141992569
9477,0.015029495191429891
9478,0.005394175600597719
9479,0.0031439396784465946
9480,0.006721642065726204
9485,0.021664279183523302
9486,0.003796421394667817
9488,0.0037272726661295337
9491,0.004761569936244853
9495,0.006192851741780756
9504,0.0035000001080334187
9505,0.006859893738714852
9506,0.00658271415333773
9512,0.010905890085108654
9516,0.040440639398505764
9517,0.009767459062931612
9523,0.013802017588294144
9528,0.0027500002179294825
9532,0.0041290946655528765
9535,0.003650200355166411
9536,0.0039015153888612986
9537,0.008641629915094786
9545,0.005823550399306208
9548,0.014000001250738038
9551,0.006054091170289518
9555,0.007741249643152552
9556,0.007694372146432997
9562,0.005885358595446024
9566,0.0037520660553127527
9569,0.0030655300342618754
9570,0.05896943538941244
9574,0.03189603997677173
9576,0.030387382482060434
9578,0.008055830234626766
9580,0.005685248716926949
9584,0.003423705947065829
9587,0.01694082239305983
9589,0.003367635640545107
9600,0.0033864413446761435
9601,0.0032993616783936956
9602,0.006363637078852468
9603,0.005744367037001074
9604,0.004183333832770586
9607,0.011832029826773288
9610,0.015000000495438457
9611,0.005190074682761115
9614,0.00972703788671703
9616,0.007222222164273262
9617,0.0060771102483716645
9619,0.004030303563922644
9620,0.005825757514685392
9627,0.02197253984655552
9628,0.012041337896631227
9635,0.015101453867186887
9636,0.009444445371627808
9639,0.00999210838756656
9641,0.004872727594667895
9650,0.004675884521513931
9651,0.006902799982937142
9652,0.0028241229787721363
9659,0.0031894681442279304
9661,0.007811218551139991
9662,0.002906862675219543
9666,0.007791432946436918
9667,0.007499999832361937
9668,0.0069278692776557575
9669,0.004151592993418047
9671,0.005037879571318626
9680,0.02989780408625798
9681,0.004116883501410484
9683,0.003621654027293241
9685,0.005767804090162797
9686,0.0022060688847392257
9687,0.005813304480085128
9689,0.013283947738417099
9691,0.003787878718006835
9692,0.003917550618049278
9694,0.009183341131884924
9695,0.01718070266093424
9697,0.029595156995545557
9698,0.0033560607116669416
9707,0.006770833861082792
9708,0.009688913639822086
9709,0.0030265729178034773
9714,0.002924291998584398
9724,0.004166666883975267
9726,0.0039423076623632
9728,0.008818728341826962
9729,0.006601851899176836
9734,0.004100834380343433
9740,0.008291666395962238
9741,0.002982982784073225
9742,0.015590556590508361
9744,0.0037024008183758478
9751,0.012722222934444194
9755,0.005687305150298803
9757,0.004339785151957727
9760,0.005782632941110458
9762,0.004228751935953496
9765,0.003546693513848057
9768,0.039049003452107336
9769,0.004601407907348919
9779,0.008999999612569809
9782,0.011221529584295092
9784,0.005824927441476769
9789,0.012805445495388321
9795,0.011515151709318161
9797,0.0045236442430225746
9798,0.00434722239151597
9800,0.006474894543429201
9803,0.013403140759516147
9804,0.005289930601192767
9805,0.007563328379185259
9811,0.00656516024694741
9812,0.009270785162637577
9818,0.005346356038023723
9822,0.02635654263295258
9824,0.0039090909995138645
9831,0.004336364101618528
9833,0.0027745331201011144
9834,0.041726627673326855
9835,0.00917260650550948
9838,0.009678500685603301
9841,0.006166667211800814
9842,0.005879630346203311
9843,0.0026923233422977747
9848,0.009012168496903044
9849,0.009234952395229926
9852,0.004281891702838982
9854,0.0040380301492656204
9859,0.003700477087001099
9861,0.008198714550052636
9864,0.004615950444142657
9865,0.00310609098140753
9867,0.002693796965809901
9872,0.06386091178560235
9874,0.005586777107497138
9875,0.008992250146827316
9877,0.003441722469546868
9878,0.004258742090314627
9879,0.005611683101358117
9880,0.011893946741025032
9885,0.006445814873212746
9886,0.013349185515149485
9904,0.00519816770825454
9906,0.009586861710385268
9917,0.04845246902258736
9918,0.0026860010807751066
9919,0.0065771936683278135
9921,0.013130810119679315
9923,0.0029930556192994118
9924,0.004919988461277557
9928,0.01200587707882592
9929,0.006263737922273978
9930,0.014726318366579649
9933,0.005307987868104891
9939,0.003458333434537053
9946,0.004780587957877126
9948,0.0026365043944766536
9961,0.0027980818989597938
9962,0.017339287647592298
9965,0.041083057388890606
9967,0.004300771893853767
9976,0.011997248623198743
9977,0.005922941761275334
9980,0.0030239492372539107
9981,0.004632781766947507
9988,0.0030992795868349855
9989,0.002305585936771039
9993,0.004307946445367751
9995,0.010878205399519654
9997,0.006190226363354912
9998,0.0032770275268736303
9999,0.004825758282095194
10004,0.004795794473287015
10006,0.006500000405542424
10008,0.0071666669100522995
10009,0.004357575438916683
10014,0.004047879328446803
10015,0.005245072730109152
10020,0.003159209524664891
10021,0.005452381202074946
10027,0.004348641667500135
10029,0.004757575690746307
10030,0.003330043697949554
10033,0.0031347873024027643
10034,0.009272608246722276
10035,0.0037575753918162144
10037,0.006008733686098838
10039,0.005054986280433146
10047,0.005669812156224243
10050,0.01468664214618655
10051,0.0035945204860724327
10056,0.0037045458334731694
10057,0.010267231343013626
10062,0.008646408019568301
10064,0.0036499998532235622
10065,0.016590852557282564
10068,0.003942148294299841
10072,0.00859848503023386
10074,0.004046423760692003
10081,0.005432298641361223
10083,0.006129925038407492
10085,0.007857815604950375
10089,0.015444180454474727
10093,0.004609219952775005
10099,0.01132181150781442
10100,0.0037694659316854073
10102,0.02282805886714868
10104,0.004545454401522875
10106,0.004295454826205969
10108,0.021067902875240217
10111,0.004176084132444474
10112,0.0058263891863758474
10115,0.001994051592853959
10117,0.023433346318085205
10119,0.006388119792192616
10120,0.014805171594944082
10123,0.005854166815232995
10127,0.005124424964983215
10131,0.019666092340336287
10132,0.0059090908616781235
10134,0.0030984850600361824
10136,0.007235292646760051
10142,0.004249999765306711
10145,0.0057002864740779615
10152,0.0045924914839404335
10155,0.028981416837632914
10156,0.002993947674715242
10158,0.011758187201193614
10160,0.00483756085122286
10162,0.002935151870146573
10164,0.00702310008213211
10165,0.0030641644523777376
10168,0.00995324327298129
10171,0.004565380046725884
10173,0.005059523973613977
10179,0.0035070485700220877
10180,0.006237263634761786
10185,0.009769526774179685
10193,0.005057583984325724
10195,0.005600000491655039
10197,0.007310938458981947
10207,0.005011597022723484
10208,0.01602351973375907
10215,0.014200174379660648
10216,0.003833530647083968
10218,0.0028612253110703043
10219,0.026069011903924768
10224,0.006177352859551764
10229,0.011104768526603666
10230,0.009854203134320562
10233,0.009724393501648623
10234,0.011511205705350847
10236,0.0069381035410219895
10239,0.00786865420782043
10241,0.011376297726219268
10249,0.010612190926736756
10251,0.01044525724569502
10253,0.005876818693481212
10255,0.007169831027613342
10258,0.0025227544811782716
10259,0.005928481901057528
10261,0.008475380945484038
10266,0.018822483915419224
10268,0.008597678435017584
10270,0.03074471594518453
10272,0.01764994031030273
10273,0.012428630420541762
10276,0.011617971042501358
10277,0.0042593694887272816
10278,0.0019750473114318826
10281,0.004945511997927275
10282,0.0029657448686321182
10284,0.006020518374485161
10293,0.0033895990249560412
10294,0.00435374504971572
10296,0.012769632258040961
10298,0.005942046627980801
10300,0.004879435232651139
10304,0.007210784428246426
10310,0.008249999955296516
10313,0.004530303180217743
10317,0.012915626474965674
10320,0.013769124745651905
10324,0.01051047300138781
10325,0.006321985235777303
10330,0.007672006250472069
10331,0.00572916679084301
10334,0.007727272662414025
10337,0.0035213703508194232
10346,0.00603080598896434
10348,0.005199192633405682
10353,0.0034791668877005577
10354,0.002765151915667012
10358,0.0031667872674150236
10360,0.0030848829486859377
10370,0.004965067705338404
10384,0.009745454213298553
10388,0.0093204101957949
10389,0.002109115293203376
10391,0.0034306794099899104
10392,0.0040606060065329075
10395,0.006052631884813309
10400,0.0036464646414609797
10402,0.003947199136321509
10408,0.009560039857782986
10414,0.008816335951128313
10415,0.010439394041895866
10416,0.004198041886243076
10421,0.004249999765306711
10424,0.01063034930840511
10428,0.003166666952893138
10434,0.0073566436767578125
10435,0.02746068599425897
10436,0.01939980454405684
10440,0.00775694492079502
10442,0.008677977163351143
10448,0.014083984108824797
10450,0.005153846461325884
10451,0.011472222860553214
10452,0.0018585922942799824
10453,0.007456281266069713
10455,0.00512110478579849
10462,0.01418298593214352
10464,0.004204545774066015
10467,0.004010487315003933
10471,0.007035438941568546
10472,0.009826812786256248
10476,0.007524781159532125
10477,0.0047848837499752
10484,0.005840909201651812
10489,0.006214285735040903
10494,0.006471740648990707
10495,0.004039027381485277
10503,0.009740649202009923
10504,0.004297080699183936
10506,0.003946969751268625
10508,0.018727115086445395
10509,0.0019091250038738138
10513,0.01370714405525002
10514,0.0027662752477755383
10517,0.010396536889365612
10519,0.0032638891134411097
10521,0.003416666993871331
10522,0.005510031462584839
10524,0.00870285833603324
10527,0.008972589871383854
10530,0.009289986108809106
10532,0.04376129009748125
10534,0.004152719323737833
10535,0.002619066587669081
10536,0.0034425107474133996
10538,0.003104343019469186
10539,0.006597707021742068
10543,0.006336536429283075
10545,0.02941338523009491
10546,0.0025256168188433604
10547,0.0047727268187794485
10550,0.007008734169302247
10557,0.009189272902358187
10559,0.0038319665445007843
10563,0.007182798700844513
10574,0.0058188180712352815
10583,0.012412028195055597
10584,0.0030000002589076757
10588,0.002850000048056245
10590,0.002669929160295643
10593,0.0056490972144405795
10596,0.007388841589504283
10598,0.007427215164191471
10606,0.015231858688344
10610,0.004977273289114237
10612,0.0067555104082142395
10613,0.003565834376729967
10617,0.0067194234986192635
10619,0.0073636369779706
10624,0.01311033992662702
10627,0.004570585264255848
10634,0.0040209791623055935
10637,0.004326562650099296
10642,0.003518636646175398
10654,0.031582767339937985
10656,0.012716624874385945
10657,0.018860903605595173
10659,0.00284097489582295
10661,0.002688350561176219
10664,0.003929429523023621
10672,0.003710331791703512
10676,0.004111111164093018
10683,0.01513771709496266
10684,0.0035341973583022782
10686,0.014627071272858488
10693,0.009217488721514245
10696,0.003250000299885869
10699,0.025616410504872882
10704,0.017106235143757666
10706,0.004063329939451231
10707,0.03546244643254112
10709,0.0031328671839494357
10712,0.017569832547112946
10715,0.003958901531098187
10716,0.004508333280682564
10717,0.006079243926788327
10725,0.0023382562433308207
10727,0.004334096038408036
10731,0.0038682000288750512
10734,0.019584322126526842
10742,0.006090617130125544
10744,0.026805042560512977
10747,0.009492254470388616
10754,0.0047482517547905445
10757,0.023393210918866387
10761,0.0047410774737769775
10762,0.0030167870026498204
10763,0.008750000724275057
10765,0.0020167405332109575
10772,0.0039280878195260115
10773,0.0030707710725447444
10781,0.006922374128509116
10784,0.02834839026636259
10785,0.00680515105843313
10792,0.007627907684191625
10793,0.004725490231066942
10805,0.013027400905781089
10807,0.008254545740783215
10808,0.007429357959042791
10809,0.008742225230174247
10811,0.010965164489746021
10815,0.005109273016366155
10816,0.007163737582428943
10819,0.0034346139307894702
10823,0.015833566124125044
10825,0.003190522672348591
10829,0.004027778282761574
10834,0.003298611380159855
10836,0.0058049530579905775
10839,0.004014169279472899
10841,0.003590391390933882
10842,0.007909090907242363
10849,0.002664418195200342
10855,0.00860531778089007
10858,0.006876751751398841
10859,0.0036747536844862465
10862,0.012264468592562944
10864,0.0025909091345965862
10865,0.004012862887633133
10866,0.03149846208471155
10869,0.0169826653190041
10871,0.005818181671202183
10875,0.006410985915970768
10876,0.004027402920056452
10878,0.004318182507101805
10884,0.003958333396846785
10885,0.012740535905878599
10891,0.0200222141888886
10894,0.004401515397515914
10904,0.0030277937346877017
10907,0.004567883858793965
10918,0.004066115710884333
10926,0.003756445857411412
10929,0.003390926115201317
10931,0.006833333522081375
10935,0.004034608198345177
10936,0.00776287623410744
10940,0.026670127969666488
10941,0.003535714272594126
10946,0.0027546575210851583
10949,0.003342384943739977
10950,0.00706050057622303
10952,0.007279010071896835
10953,0.007968561083151042
10965,0.003319556802330959
10966,0.012852380055702235
10971,0.005149023070098624
10972,0.010636365041136742
10974,0.0030833338387310505
10975,0.002293720104547404
10978,0.0028875940606262604
10981,0.025584619131780444
10984,0.010951718405377245
10987,0.023702361519655966
10989,0.0038017463715126114
10990,0.0021667712139607103
10991,0.025838028368938115
10994,0.006983662060005242
10995,0.003235387206091549
10996,0.007567980171258815
10998,0.010106666407646403
11003,0.003654970899543339
11006,0.0033223142381757498
11009,0.0061662617829102186
11010,0.003056019070032154
11011,0.006482835220129685
11012,0.022673832861858922
11014,0.01669674057855356
11019,0.009484055699376754
11020,0.003859867619885731
11021,0.0023541667067337986
11024,0.01361158252028815
11027,0.003526331491793512
11035,0.005916666705161333
11036,0.008984503380965445
11039,0.009754259016566954
11040,0.004382852242039677
11043,0.005663858530528248
11045,0.0042060072640682285
11047,0.004856244712149494
11051,0.005187500011460927
11059,0.005416667088866234
11065,0.004128370199293815
11067,0.02767751058533313
11071,0.005455595819606993
11076,0.004590909170612383
11077,0.0042597404681146145
11079,0.003824447588722619
11080,0.005857877438190684
11084,0.0031818689205656988
11086,0.01646341015259887
11089,0.003838383825495839
11093,0.0038052733118777897
11094,0.0052404788105694326
11097,0.007041851391516966
11102,0.004485585640162923
11103,0.013674906417252379
11105,0.007177307898335664
11107,0.00922440276412509
11109,0.003851190907880664
11113,0.003381944727152586
11116,0.0025651411594816947
11118,0.003537978091055705
11121,0.014679059774013306
11123,0.002018881906508639
11126,0.0036896955197787407
11129,0.004491180386561942
11136,0.003608024032391975
11138,0.011113064772318784
11140,0.008980949452623378
11146,0.009211989225380478
11150,0.012184345201365826
11157,0.009363636374473572
11161,0.012139860540628433
11169,0.0027693717291117064
11171,0.005181170659403848
11174,0.004297619219869375
11177,0.004500000271946192
11180,0.004416666924953461
11182,0.007906136478624154
11184,0.015109625004770366
11187,0.006970900208364392
11189,0.008601870895723203
11193,0.0034699161166931187
11194,0.004007103600709043
11195,0.004000000189989805
11197,0.008067539258701451
11198,0.002536390748824696
11199,0.009470497467607504
11200,0.0031080503779654205
11203,0.021197802943549456
11206,0.013927220134937888
11207,0.004583333618938923
11211,0.010867566190973003
11212,0.0017020295160245238
11213,0.006407985728067305
11216,0.007268974654633614
11217,0.00410755047824762
11219,0.0030539507543792515
11223,0.007291666537483213
11225,0.010244286010588192
11226,0.004669839290962104
11228,0.00712737115728826
11231,0.009705883585648792
11232,0.0039037841668077213
11233,0.0073487895004550035
11241,0.004386363551020622
11249,0.0056606592603724625
11250,0.01487653703359171
11252,0.006085561588406563
11256,0.0034108239771119615
11263,0.0032046092430185074
11267,0.015297890773774773
11268,0.003146940715462864
11271,0.00760365133323977
11275,0.006226030689093373
11276,0.008738259106239144
11278,0.004383768030111828
11287,0.0019405168689839555
11288,0.0035735417456557324
11291,0.0028565441249867665
11294,0.004666666965931654
11300,0.0027847421695796153
11306,0.0030913036579797645
11310,0.008753765751702036
11311,0.006034015176459591
11312,0.00860327034308355
11313,0.00442148761187521
11316,0.002744530944307839
11318,0.0071879167749706475
11323,0.017874558912471375
11328,0.013199722895058252
11334,0.02212724816701536
11350,0.006725915391501165
11351,0.005428061334527593
11352,0.010977163718033802
11360,0.005604898411627821
11364,0.012702809485100773
11367,0.0022273051904602463
11369,0.009433342989279826
11371,0.003979944592217418
11374,0.008113683067694414
11376,0.007983942339851217
11379,0.006650360930635575
11380,0.005083333235234022
11383,0.0033968428985191737
11388,0.01088179300033128
11392,0.005582550575499775
11393,0.010019280527147553
11394,0.006836104717116806
11397,0.005269714499441579
11402,0.00348307844717172
11406,0.0022129743148286986
11408,0.0036004138985268217
11414,0.005033662099047478
11416,0.004018181934952736
11417,0.00549390893820771
11419,0.012248238216071137
11421,0.01357575785368681
11423,0.004546855193234198
11424,0.005422146009035813
11425,0.006659788345053111
11426,0.009440769906039087
11428,0.0038809524849057198
11431,0.004294580058014208
11432,0.004000000189989805
11433,0.024845741412998973
11434,0.004870719364284164
11437,0.0031768734622527792
11440,0.005480519495904446
11442,0.003208333160728216
11443,0.007055944297462702
11445,0.0069230771623551846
11447,0.0034090911845063403
11450,0.0050314603013362135
11454,0.003603198860729335
11463,0.004156472287754448
11465,0.012505856583187902
11469,0.014549811452414785
11472,0.004649351063578255
11476,0.00389814824629766
11479,0.002842975314706564
11483,0.004119136155063389
11486,0.005082947115042853
11487,0.009407162916909226
11489,0.003171892590759307
11494,0.0059264770786530176
11495,0.00601858410063901
11496,0.0042793778517470045
11497,0.004637325333236203
11498,0.0066727278754115105
11500,0.006251406973257203
11501,0.007211766850131546
11502,0.010197555893162511
11504,0.006820176205816502
11507,0.004553284099226327
11511,0.003059697688528562
11514,0.0064792670420165815
11523,0.010133376024583323
11524,0.006477272874044796
11526,0.005488202396070407
11527,0.005210011521534574
11530,0.01006872855568415
11532,0.011191677689649184
11533,0.003915840108483232
11535,0.047242152007871
11536,0.006183664915302105
11537,0.0029375326032437072
11538,0.011978557465398169
11539,0.015244215323023124
11545,0.012900635460356701
11547,0.006868446327300631
11549,0.01599168470378562
11551,0.008033650596776316
11554,0.004263889044523239
11555,0.003397556595938854
11557,0.008763610151305024
11558,0.005878787953406572
11559,0.007112280872752217
11560,0.012553620045978105
11569,0.00866604634523615
11571,0.0035578230025969156
11575,0.0033235730898291036
11576,0.02209675073657193
11578,0.004903307590152948
11579,0.003391444761616721
11580,0.007199999876320362
11583,0.011090008912700719
11584,0.002127318909167256
11588,0.0033839485604780844
11592,0.003850000264194346
11597,0.02431735375005996
11600,0.00426037682867305
11601,0.010381945225131394
11602,0.0043405846956484796
11604,0.011142537181311531
11606,0.020201295155917263
11607,0.0031000443582967292
11608,0.018417587359865567
11611,0.003313248711222446
11612,0.01342708890511002
11616,0.008750000037252903
11621,0.0037327666514722904
11625,0.03234037036827488
11626,0.007037323106580538
11627,0.004363636486232281
11628,0.020165083528395945
11629,0.015073967449204955
11633,0.011404840132418603
11636,0.004072222393006086
11638,0.0033536216431693504
11641,0.0035625000426764185
11642,0.003937500063329935
11645,0.004852024326671523
11647,0.003458333434537053
11650,0.00704984973231575
11651,0.004785933602851879
11654,0.004833333194255829
11656,0.006590247726094451
11660,0.007264621350280782
11662,0.004227273166179657
11663,0.005043616741602235
11665,0.0020357365950534017
11667,0.009539371941152005
11678,0.0036093295118313864
11679,0.003338889017068623
11681,0.014683163373410388
11682,0.01253506215394035
11683,0.009732775342405945
11685,0.0046578938838734455
11686,0.00433333357796073
11691,0.017822211854687103
11700,0.004797516792065228
11701,0.0059791672974824905
11705,0.00341574473492382
11709,0.004831935948743265
11711,0.007293154696171681
11713,0.012045047446669906
11719,0.04345073170305989
11722,0.007977681445476264
11727,0.00434568528017012
11729,0.0034094890039861312
11730,0.010250000283122063
11731,0.009653188011074072
11732,0.002696036911998284
11734,0.008774956576498218
11741,0.01391642634687229
11743,0.008347570379834066
11747,0.004319681179907456
11749,0.0029510490291908657
11754,0.007258337407709882
11755,0.004871631149462489
11757,0.005326810925309327
11763,0.005965491879063491
11764,0.00381136953321391
11765,0.006272727157920599
11767,0.004301379662296807
11774,0.0029899624692055807
11781,0.0031818184070289135
11782,0.010364850321386367
11785,0.007303667355353951
11787,0.004545454401522875
11789,0.0027727608559185058
11792,0.00329874148422344
11798,0.005854166578501463
11802,0.004375000175244214
11809,0.00243231296100544
11811,0.004295454826205969
11813,0.002505085021096707
11815,0.00836965040762325
11817,0.023811476215232046
11818,0.006301703326619284
11820,0.004527777899056673
11825,0.03029518951057549
11827,0.002386379294157043
11832,0.004291021078894864
11839,0.01698599986696607
11842,0.009784752162786821
11845,0.0034181997200945042
11848,0.005908276555278608
11850,0.007631420064927131
11853,0.021931772760974227
11860,0.007371212355792522
11879,0.01309720241371752
11883,0.006843242218923341
11886,0.00800000037997961
11890,0.0029786045128113036
11894,0.011915606251636207
11901,0.006664691379032497
11902,0.007998725388662073
11903,0.003229223413098996
11904,0.0029597458623863886
11905,0.005499999970197678
11906,0.0036617747411224083
11909,0.005154255079745941
11915,0.005891551187359286
11916,0.0044510983200578445
11917,0.004433414487298145
11920,0.013189142602504
11921,0.009020943761479262
11923,0.008343661635057736
11924,0.003936091492431824
11925,0.011946578996843342
11926,0.0028089153314059144
11927,0.004386363709268606
11932,0.004699219559920403
11934,0.0034393942914903164
11936,0.005116768470571976
11940,0.005837255534810268
11941,0.004402659217556638
11943,0.018354038924265712
11948,0.007754384999161819
11949,0.010041430593235584
11952,0.01595177681602875
11957,0.004597807050153714
11958,0.0040626166411448445
11959,0.003230331936212097
11960,0.006452381610870361
11961,0.0060947985435149225
11962,0.007852563324772617
11965,0.005981140856769202
11966,0.005806878824057124
11968,0.017613433984278976
11972,0.006098883087362765
11978,0.003428709634215713
11980,0.00433333357796073
11983,0.0077676771623884765
11985,0.004519480449306119
11986,0.013048433201961819
11991,0.004360920665881155
11996,0.004984478161827002
11998,0.020295914101374095
