tile_uid,rock_abundance
2,0.007932232110149772
7,0.003541666781529784
9,0.0030490050305316384
17,0.0044536246341392565
24,0.004583333326546952
27,0.007489559417168969
28,0.035293808946104954
31,0.004970503959452645
32,0.005452734123434286
33,0.0032143960344456334
35,0.023700604431850972
38,0.004880745368528758
39,0.005984741215407569
41,0.004479167051613331
46,0.04621478375191836
48,0.0043545671566113525
51,0.0031818184070289135
53,0.006430889026032004
58,0.003651515580713749
61,0.02002986465334132
64,0.012756515122208564
65,0.0030303034000098705
66,0.004176924019240571
67,0.017874558912471375
73,0.004916666736991652
75,0.009145086581806416
78,0.00309033536266747
83,0.0019091250038738138
84,0.00432380597824643
85,0.004511576140996709
87,0.0064166665886964055
88,0.00504257942466743
90,0.004435596773347338
92,0.004704773948774967
94,0.010583333492933006
97,0.005867709021977605
103,0.004122647921438067
104,0.0044094922907639295
105,0.003333333211900421
106,0.06696809094774632
108,0.002397750507284232
110,0.0037376341450387467
113,0.007672727278476359
115,0.009990301277329174
121,0.00784787506812489
125,0.002448210722475007
127,0.020295914101374095
130,0.027893011257467903
132,0.008390428324419354
135,0.002935151870146573
137,0.021117944452025687
138,0.0058559087864545984
139,0.005482905880748577
146,0.0036320545897865915
148,0.00786865420782043
159,0.004956153087517297
161,0.014019115941161649
162,0.0026860010807751066
163,0.010100000537931919
165,0.003961886263040956
166,0.0032272727958109044
167,0.0028875940606262604
169,0.01246286926837184
175,0.003545454975984251
178,0.0034436866030934012
180,0.004356061108410358
186,0.005735388356343631
188,0.004363636486232281
192,0.05770609907761201
193,0.015066609359373102
197,0.003977335947671699
204,0.0032397298210783284
205,0.004194444511085749
206,0.003166666952893138
209,0.013789922975247787
210,0.02575160950682199
215,0.006635139762324023
216,0.006198357490980572
224,0.0036093295118313864
226,0.004579489335588222
227,0.003710331791703512
229,0.0020909092854708433
230,0.003922551757627858
237,0.014318576194141008
239,0.007906136478624154
242,0.0033737377124570945
243,0.0078019963323075064
249,0.0032438665973574528
251,0.01138732647446431
252,0.004067325533958532
253,0.005399014925673627
257,0.009367398614686604
258,0.006753654585078556
266,0.003618518773861794
268,0.01286299143519386
278,0.013543218538671844
279,0.01063034930840511
284,0.01699877658401967
286,0.008816335951128313
293,0.00907024988919966
294,0.003298611380159855
301,0.004134270501939967
302,0.0036363638937473297
303,0.041324313150108136
308,0.01476723983977945
311,0.007169831027613342
314,0.005399014925673627
315,0.008126861639842522
321,0.017433100798504745
322,0.004590909170612383
326,0.013730587435187132
328,0.0030000002589076757
329,0.006615862603154696
336,0.0032578375369879094
337,0.011207677625169991
340,0.003756445857411412
341,0.0034244222549368077
342,0.012332219633274483
343,0.005117883374199558
344,0.007154960139293831
345,0.0040980616802637065
352,0.015433789293763118
353,0.00810696227533291
355,0.012487385791353089
362,0.002166666788980365
367,0.006732040701937522
368,0.00477272756402382
370,0.005159961107897517
375,0.003727272618561983
379,0.002925727840244703
382,0.003956782479907187
384,0.003358974386334734
387,0.003132913295886656
389,0.004007749546449198
390,0.007853191258946108
393,0.004185897434164313
397,0.006425984369399444
398,0.007629632823778002
399,0.008316411245749366
407,0.007875718127691125
408,0.0035735417456557324
410,0.0038257576525211334
416,0.004632781766947507
428,0.0032362335883910046
430,0.004000000189989805
431,0.003979944592217418
434,0.0066868688914809345
435,0.038199349167489134
436,0.011393547030624585
437,0.026474734191172838
438,0.0031539386015587536
440,0.002858157865269933
447,0.003984848503023386
451,0.0026875000912696123
452,0.006725915391501165
453,0.003295602914629209
454,0.008620021716188747
456,0.003603198860729335
464,0.008934514440556979
469,0.005440860275466999
470,0.007210784428246426
471,0.0032481481949955962
474,0.005071675412475161
475,0.006556444432144874
482,0.006077330892581411
484,0.006528779092692183
486,0.017515843249270545
488,0.0029473684422013187
492,0.006720610543066382
494,0.006454882478175177
495,0.007322314036446483
500,0.007102017179452895
504,0.005163122664030367
505,0.0039090909995138645
506,0.004166666883975267
507,0.002559480282076767
509,0.005850604202232232
511,0.008725092650600064
513,0.00348307844717172
517,0.006010888389256536
518,0.08251975334213636
524,0.0037760980044512314
525,0.007043246620444843
526,0.0020082890132985215
528,0.00314948137410108
532,0.007047766251172791
534,0.007971601044630135
535,0.008750000724275057
544,0.0101438258010936
545,0.0035587120333103782
548,0.005254232030754076
557,0.01115028648542915
563,0.034294605158245166
565,0.009586861710385268
568,0.0056490972144405795
569,0.003062500385567546
570,0.03185614952773309
571,0.00706050057622303
572,0.003318181959912181
575,0.002895850233037782
576,0.005059523973613977
582,0.004756597613752313
583,0.0045885554918654635
591,0.007370701433136355
596,0.00463611635514103
598,0.005452734123434286
599,0.006181616954427193
601,0.004864144491003353
602,0.004961825845747716
605,0.006884026453683814
608,0.0023627592743905163
610,0.009036462702309827
612,0.012264468592562944
615,0.0043545671566113525
617,0.008624999783933163
618,0.011174041099443931
620,0.004945511997927275
622,0.01109090896575309
633,0.00744613125630582
635,0.0037272728990184
637,0.003441722469546868
638,0.011338287704559257
641,0.0036499998532235622
643,0.004572592319831695
644,0.011103132719401792
646,0.004761569936244853
649,0.009957953521441068
658,0.0035506391682491828
659,0.004013913563073285
660,0.0061250003054738045
663,0.011976257264572186
664,0.0043545671566113525
666,0.0028128639476876368
667,0.003991286479221728
671,0.010461177807566772
676,0.0076640190925890694
678,0.00402572670768435
679,0.009769526774179685
683,0.006803744108907303
686,0.003471256999927031
687,0.003336434657088099
693,0.004168484824767583
698,0.016076810338920312
705,0.006448912287385267
706,0.006955128628760576
707,0.009120915474933246
708,0.006036975947107396
710,0.008750000037252903
714,0.005961008612709281
716,0.005041036282198619
719,0.004249999765306711
725,0.004016813311248898
727,0.008250000619495563
731,0.007694372146432997
737,0.010314686038485019
740,0.006431818474084139
743,0.006672293041390489
745,0.007893248511956658
748,0.03273173193856012
751,0.006227552876338478
755,0.003954545594751835
756,0.003574311431596546
757,0.014282796381702345
758,0.00504257942466743
772,0.003137636859767338
773,0.003354166867211461
777,0.006057920424855926
796,0.004787879064679146
799,0.04382943541694654
805,0.004064375911700738
811,0.010767720968311849
812,0.0097615638599694
817,0.004529427262602984
820,0.002962573460747133
825,0.00554068277830551
833,0.00704984973231575
838,0.004429487207828537
840,0.004484848584979773
843,0.0028636364731937647
849,0.002872726934975715
857,0.009984849020838737
862,0.00599641410811383
880,0.00284097489582295
883,0.0029208423164222507
884,0.00879631090418313
890,0.004144370886463431
895,0.006445027230841708
906,0.028179249217373664
907,0.005364583555779462
912,0.00922663596829725
916,0.053116371644142416
919,0.018510949218966607
921,0.004472400788632325
930,0.0053135085507210085
931,0.003863464734032862
932,0.0036590910035996667
938,0.011696969940522502
939,0.004014818938043799
943,0.0030668390019107203
950,0.004937247434529916
952,0.00907024988919966
953,0.0041728898277121965
962,0.044681303886867633
964,0.03313760478287065
966,0.005354166962206364
967,0.002945910813583834
968,0.00293341259612737
970,0.0032727273646742105
971,0.0066437044015695
975,0.003654970899543339
976,0.003554381916013475
978,0.008018756748059968
979,0.007180177846284889
981,0.0050958892544552175
984,0.010423700831491418
986,0.008064217594500876
989,0.010869034585198535
992,0.006432492830228153
998,0.002813809645676831
1001,0.0043442041840693986
1004,0.007427215164191471
1008,0.0035520836245268583
1009,0.00442148761187521
1010,0.01989726107763175
1012,0.004892837659673121
1013,0.015273696856368748
1015,0.0043155988372669506
1018,0.01775066652219945
1019,0.0378177066597455
1022,0.003260607141072164
1032,0.0035488497995438202
1033,0.0027483292793257477
1036,0.0030833338387310505
1037,0.012128979992144746
1044,0.009652209256606366
1045,0.0034756307130007374
1047,0.006406098410147623
1053,0.01989726107763175
1054,0.005936861732682605
1058,0.005727580403007807
1064,0.003981898754598048
1065,0.006561379733167739
1066,0.010277330960168274
1067,0.010396536889365612
1068,0.02878718356229039
1072,0.006370961755652946
1073,0.006906877166274155
1076,0.015742147841615862
1078,0.012792225608988295
1081,0.012363012502806935
1082,0.009272608246722276
1083,0.0028541667852550745
1090,0.008366563671579895
1092,0.008603010097228383
1093,0.0029657448686321182
1097,0.003250000327017422
1102,0.0035537963520100185
1107,0.008980949452623378
1111,0.006057920424855926
1112,0.006000000763280216
1113,0.009612623846685181
1117,0.006285333800194568
1121,0.005352858074380178
1122,0.006959625908969402
1123,0.01066666655242443
1124,0.007259079965532933
1127,0.005125387878000929
1128,0.008711757894794503
1129,0.011442349077497915
1131,0.0035488497995438202
1135,0.003823170635491054
1137,0.006699126826752481
1139,0.012412519914161663
1140,0.013068183073245324
1141,0.004500000271946192
1143,0.004647728631766171
1144,0.02313815724574148
1145,0.003833530647083968
1151,0.01678069850425696
1152,0.004201576323766624
1155,0.003086560310364593
1157,0.006044444628059864
1159,0.0038888888040226337
1162,0.006285333800194568
1163,0.023467757170644955
1169,0.004680416529469991
1175,0.009293615459840608
1180,0.004680416529469991
1183,0.006388119792192616
1184,0.004685950181026605
1185,0.008776375000458466
1187,0.0061662617829102186
1189,0.004059811546806098
1196,0.004889190782124242
1197,0.003824447588722619
1201,0.0026601357253933956
1202,0.024113032085134944
1205,0.004276088152591267
1206,0.009333333931863308
1207,0.004289255943149328
1209,0.004556993021513073
1210,0.004208333463559198
1211,0.00392624629017736
1214,0.0370270276526476
1215,0.0024866399155646954
1217,0.00496969697996974
1219,0.009300729058166837
1222,0.008894064717989663
1223,0.003936091492431824
1231,0.004422552813758371
1233,0.017976866557143374
1235,0.003159209524664891
1238,0.0031923368843572754
1240,0.01254545511290334
1244,0.007016285826810957
1246,0.002651558041576763
1249,0.003965378031190498
1250,0.021450488156005348
1252,0.017376980641365388
1255,0.015444180454474727
1257,0.03935004357704074
1259,0.0033658666184957337
1261,0.007264010869439343
1265,0.0031747122791952772
1279,0.0033484851010143757
1280,0.0031667872674150236
1283,0.008037630728743812
1284,0.0034261285295934937
1286,0.026693034020028244
1293,0.0053791801234887495
1296,0.015742147841615862
1297,0.004745847594121503
1302,0.027186700283352003
1306,0.003985473019436326
1307,0.010287879034876823
1312,0.012008101440440733
1315,0.0020677187174016477
1319,0.04485414300424126
1322,0.007558835531433774
1323,0.006079243926788327
1326,0.004156472287754448
1327,0.004009569529443979
1333,0.004094800354424276
1334,0.0068750000737186415
1336,0.0030207016048431267
1337,0.002504154034813614
1341,0.002916121501154186
1343,0.002648066706949844
1348,0.003056019070032154
1349,0.026069011903924768
1351,0.006797417657713937
1352,0.02592418714938579
1354,0.005545454565435648
1361,0.013624254918733399
1365,0.010517483218017595
1367,0.009020943761479262
1376,0.0029208423164222507
1384,0.0028654594039211434
1385,0.010942655371673913
1387,0.006113636307418346
1389,0.008474234727735994
1391,0.004208333463559198
1393,0.009140957508326532
1394,0.045148460304857814
1397,0.0076471559297424775
1400,0.019948987079265866
1402,0.004860479601305588
1403,0.014991601159603752
1405,0.005932449336972057
1407,0.006115277249703268
1409,0.004107438027858734
1412,0.02224266922479124
1416,0.005744367037001074
1424,0.00897648518755529
1428,0.0402875502472015
1433,0.007307336229780211
1439,0.004497930850129399
1443,0.03298801245369533
1447,0.010806187302634308
1449,0.0066821023853969415
1450,0.006967456346793668
1453,0.007106060925945658
1454,0.003960425482360004
1459,0.008351415646558004
1461,0.00617232686770364
1463,0.00409271023938375
1469,0.004006544846406048
1471,0.005154255079745941
1473,0.0026280832632716578
1474,0.0025540263278847203
1475,0.006280834006532658
1478,0.007954953369251578
1479,0.0028541667852550745
1480,0.0074215223806625855
1481,0.012045455165207386
1484,0.005965491879063491
1486,0.003330043697949554
1489,0.0040362760780701026
1490,0.031022609349141778
1492,0.006298133409292132
1493,0.004529427262602984
1494,0.0055849976462916855
1495,0.017433100798504745
1498,0.04595787799725028
1499,0.0056842431405321175
1500,0.011598704082816356
1503,0.004500000271946192
1504,0.0033498603368406705
1508,0.006808797824253575
1511,0.002765151915667012
1513,0.002342596399127621
1516,0.002635447827064639
1518,0.006971987328000941
1519,0.009870674545432096
1526,0.0034473972260802015
1527,0.008198714550052636
1532,0.004219697322696447
1537,0.0037955841577394576
1538,0.03237418600533432
1540,0.006782656230771168
1544,0.012878266878837823
1545,0.007191271703852381
1549,0.004743743375447704
1553,0.006970900208364392
1557,0.008186237520912522
1561,0.012319256132829534
1562,0.005548433217407019
1566,0.00341574473492382
1570,0.005975544109156159
1575,0.0042129890096848244
1580,0.003651515580713749
1581,0.0077170693902678415
1582,0.005817970338529738
1583,0.004875000100582838
1589,0.00656516024694741
1591,0.004927820729026089
1595,0.004545454401522875
1596,0.007456281266069713
1597,0.00431936568926175
1604,0.006252525374293327
1605,0.003230331936212097
1606,0.003545454703271389
1613,0.009678500685603301
1617,0.007008734169302247
1618,0.021237435753225054
1621,0.0053589835771827386
1622,0.002692750177226698
1625,0.004249999765306711
1629,0.0038836073833926447
1633,0.0033473932752760686
1634,0.004441891058745661
1639,0.01070479005454078
1640,0.003178667848665201
1641,0.007437466849624425
1642,0.002754187509113614
1644,0.006309523974901853
1645,0.0050696989660651785
1648,0.004371407904894382
1651,0.0033254105711908216
1652,0.015251913232876491
1654,0.004978081727296553
1655,0.0026826021111532802
1662,0.0144857780718638
1663,0.015968934514297338
1666,0.003273081329317447
1667,0.006650360930635575
1674,0.005269714499441579
1677,0.008984503380965445
1679,0.005824927441476769
1682,0.004191079691064547
1688,0.004531921353191137
1691,0.005852564238011837
1693,0.003181818198797156
1694,0.0037272726661295337
1696,0.005027862047954973
1697,0.0058559087864545984
1701,0.003209838299460338
1702,0.0036168480516118157
1703,0.008181819421404314
1708,0.004030303563922644
1709,0.011805556567465441
1710,0.004325757420077551
1712,0.006138889119029045
1717,0.0028939396142959595
1718,0.005030302998136378
1719,0.005214734468958428
1722,0.003568771438650781
1729,0.008133045764498843
1732,0.003879871389289019
1739,0.01220630467050737
1740,0.0044651736031866545
1742,0.016091726337463794
1744,0.004340003736731234
1748,0.004653409123420715
1749,0.008836549860696609
1751,0.004096562636349649
1759,0.003908511077476072
1766,0.004925749112464624
1776,0.014000001250738038
1777,0.006614200364696768
1778,0.004795454442501068
1780,0.00870285833603324
1784,0.005182605586102022
1786,0.004601094070912828
1788,0.0028258927748567664
1791,0.0497246538984065
1794,0.007035438941568546
1796,0.02901658866434328
1797,0.015522098054149412
1799,0.009504608689777313
1800,0.0066000002406762966
1802,0.012915626474965674
1803,0.014601502124807953
1809,0.011893946741025032
1810,0.00485496171620875
1812,0.0033636363868297238
1813,0.007166666744701206
1815,0.003032843731846786
1817,0.0076471559297424775
1819,0.011598704082816356
1820,0.003937954337749036
1821,0.01587503819271574
1824,0.00604545489524401
1827,0.004063329939451231
1829,0.004277778323739767
1831,0.003342384943739977
1833,0.005829894379578733
1834,0.006906877166274155
1836,0.009725931052455762
1837,0.0020802290299122487
1838,0.0042045461013913155
1839,0.004377839945803533
1842,0.008450691178455021
1843,0.004089929136207966
1844,0.004442874433961353
1846,0.005837255534810268
1847,0.002868466425482598
1848,0.012528009256466792
1856,0.008004912433511889
1859,0.00847612058864471
1860,0.0038461543153971434
1861,0.007675222557147061
1864,0.004227273166179657
1866,0.004765340573789944
1872,0.0038658784917609545
1874,0.006231607196102197
1876,0.003750000197685385
1887,0.015933250139250132
1888,0.0037433726436040026
1891,0.00488136610923096
1894,0.006278048812314611
1898,0.004090909380465746
1900,0.009237015234559371
1906,0.007041851391516966
1910,0.014231443385122928
1911,0.02575160950682199
1913,0.009263292059794192
1918,0.003598485141992569
1920,0.003719060888914957
1925,0.003594405483454466
1929,0.00565848072988912
1932,0.002545528523959303
1935,0.004299278573882254
1937,0.024805288170316457
1940,0.005024130702429554
1950,0.011736731365636048
1954,0.009597897304631406
1955,0.007322314036446483
1961,0.0029494949165502506
1967,0.010743372583522868
1971,0.003537306568354078
1973,0.008186237520912522
1975,0.004777475566214086
1977,0.0020357365950534017
1980,0.010482812883012387
1981,0.006150824139390731
1982,0.00295833358541131
1983,0.010272026624671216
1989,0.09442458450831608
1992,0.011035601910046261
1994,0.004066263451796397
1996,0.008208592581602525
1997,0.003719060888914957
1998,0.006120619971224087
1999,0.021032897813260096
2003,0.004030303563922644
2005,0.004293176022044537
2008,0.004033129108931369
2012,0.004122647921438067
2019,0.0037424247711896896
2021,0.018536467949838143
2022,0.005878787953406572
2023,0.006963636726140976
2025,0.01259284593522638
2030,0.00800000037997961
2034,0.025021056275023882
2037,0.003687500022351742
2044,0.004541667178273201
2045,0.0041299663184485
2054,0.0033906657866706034
2058,0.004280780127426182
2068,0.003391444761616721
2070,0.0044132230545329615
2074,0.004727272500329895
2076,0.008776375000458466
2078,0.009372536141204594
2079,0.004685950181026605
2081,0.0040636602834576915
2082,0.00730154492500373
2083,0.005291667049105584
2085,0.004653969434120001
2087,0.0078019963323075064
2089,0.006210585776763047
2090,0.0056842431405321175
2095,0.005650643516745522
2098,0.007562499959021807
2099,0.0031181349229602276
2102,0.0068581076136856114
2109,0.006652270084040653
2111,0.0027934557172090415
2117,0.011893946741025032
2120,0.003526331491793512
2122,0.004085904061696468
2124,0.011088228332580705
2125,0.00293181836605072
2131,0.0060655096708604785
2132,0.002970606310697839
2134,0.028558097373126885
2135,0.0038181823767627567
2136,0.007075258574575916
2139,0.003252999827200065
2149,0.003453347181680557
2158,0.02209675073657193
2160,0.030608675813628014
2161,0.009218614923162933
2162,0.007289866174152715
2164,0.007159228400667516
2167,0.004312292965435034
2168,0.013769124745651905
2170,0.009662338121924349
2173,0.0018321741847731274
2177,0.009397337196274167
2178,0.0018585922942799824
2179,0.00428507006236928
2183,0.009652209256606366
2185,0.0065668667240427435
2186,0.004065080174850684
2189,0.004781912233252903
2194,0.004116883501410484
2196,0.005875528434318962
2198,0.004075928642834875
2199,0.017433100798504745
2204,0.04189757988365494
2211,0.007470293517070086
2213,0.0053622833924485865
2219,0.0023627592743905163
2225,0.014288310861439966
2229,0.002754187509113614
2231,0.003057089287177041
2232,0.0027722462994391414
2239,0.005231439702587296
2241,0.0052337160897116325
2242,0.003944444470107555
2243,0.02455112913767378
2244,0.004400000135337682
2248,0.004312840768372001
2254,0.006601851899176836
2255,0.008597678435017584
2257,0.009433342989279826
2258,0.018151471219448243
2259,0.0034000000788448983
2260,0.01492800125544814
2262,0.006955128628760576
2266,0.004015272314035876
2271,0.0043405846956484796
2276,0.007173421892595309
2278,0.008026887105172815
2279,0.031582767339937985
2280,0.00394218654524806
2282,0.006558859056394212
2283,0.003621288299549834
2285,0.016316632800052005
2288,0.006532975957268035
2289,0.006448912287385267
2292,0.006898230921256301
2294,0.00467254803288904
2299,0.015833566124125044
2309,0.0025166868071555513
2313,0.00850226722597595
2316,0.00394218654524806
2317,0.0022153458821769613
2318,0.004959864432896248
2321,0.004239669211593553
2322,0.003863636404275894
2323,0.005024130702429554
2324,0.007708131718195678
2325,0.004348641667500135
2329,0.0027319828533223047
2331,0.005969106877503521
2336,0.0042880633578103134
2341,0.004506493620732839
2343,0.01699877658401967
2344,0.003925147710545499
2348,0.008197602703440752
2349,0.005983333569020033
2350,0.007954953369251578
2362,0.011250000286225074
2365,0.0038982061766461564
2369,0.007499999832361937
2371,0.004282454991546418
2373,0.002968761788639928
2375,0.001890922799274683
2379,0.003466961845100228
2382,0.009333333931863308
2383,0.006932763646422669
2386,0.004242424853146076
2392,0.012505856583187902
2393,0.003354166867211461
2394,0.02827766764523365
2395,0.004108333494514227
2397,0.004287036748406894
2403,0.021292425793155184
2410,0.02362581802600544
2411,0.011026012587213623
2414,0.007474673609231829
2415,0.006419690672569506
2416,0.00562226524689263
2418,0.0043220796617561685
2423,0.002490208678287073
2424,0.01185460642462717
2425,0.0031030550636942647
2426,0.006597707021742068
2427,0.008641629915094786
2443,0.00446174390975942
2449,0.0034181997200945042
2454,0.010100000537931919
2455,0.006494594003763455
2460,0.0031736770212891577
2465,0.006872149488324392
2469,0.003381944727152586
2470,0.0028089153314059144
2473,0.008548313519044335
2474,0.0041888115429660625
2475,0.0030125894344584826
2477,0.005202984391234464
2480,0.007965341110455972
2483,0.011588883858591418
2484,0.004188115486237527
2485,0.0038545938771358725
2487,0.005782632941110458
2489,0.004258333383746134
2490,0.002611587676258069
2491,0.007181818597018719
2493,0.003916666953037063
2497,0.003564935177564621
2502,0.004831416343349734
2503,0.01595177681602875
2504,0.020120536767376688
2509,0.003375228184838221
2511,0.011607646300180513
2522,0.005636363744150701
2525,0.0035909092985093594
2527,0.004535084718812251
2529,0.004826606958815757
2533,0.00653591094292639
2534,0.004090909380465746
2535,0.003416666993871331
2541,0.006507576443254948
2544,0.011488945608007018
2548,0.011132915965163815
2559,0.00417833293970487
2565,0.00434568528017012
2567,0.0066565528144502395
2568,0.006736264436066274
2570,0.004689269146161672
2575,0.0066868688914809345
2576,0.002305585936771039
2578,0.00934336543030558
2579,0.0063165814845647355
2585,0.004295454826205969
2587,0.0027794118504971266
2589,0.003422258044265827
2590,0.004340003736731234
2592,0.00852083321660757
2598,0.011511205705350847
2604,0.006166667211800814
2606,0.009113401252795948
2608,0.00778966975158719
2615,0.0031404560674042456
2617,0.004659090836402695
2619,0.0029117977558130973
2622,0.012557385236660178
2628,0.013481208902629289
2631,0.004151515330163057
2634,0.024490113868269815
2636,0.012647764096919202
2637,0.0017926928065703247
2643,0.0034436866030934012
2648,0.005969106877503521
2652,0.011294568021332035
2654,0.005784522120045066
2660,0.00903019301183885
2665,0.017291905632776806
2666,0.003383147697588352
2669,0.00350757598991418
2672,0.008646408019568301
2673,0.005950104060603078
2681,0.005861818773318459
2682,0.005590307586375744
2687,0.0029848488047719
2688,0.003166666952893138
2689,0.0035318321780184953
2694,0.0030999998777169035
2695,0.010869034585198535
2700,0.0035714286325194797
2701,0.004985712886252074
2703,0.00623942823010695
2705,0.004833333194255829
2708,0.0035110899565355294
2711,0.003872946768545665
2713,0.00422435919850856
2718,0.017391149112528547
2719,0.0036833329115991712
2722,0.0023958567094647474
2734,0.007529253223582554
2740,0.007786076518591233
2744,0.006199999712407589
2745,0.007857815604950375
2746,0.0021041945451146277
2750,0.0027934557172090415
2752,0.013515264454229478
2756,0.010209791173994965
2758,0.005852213670285598
2763,0.005195817145094868
2769,0.011760279025987749
2771,0.004703075120681546
2773,0.005422146009035813
2782,0.009263292059794192
2784,0.004750474722914828
2787,0.006939393933862448
2789,0.004649712243700779
2802,0.007143634902096768
2804,0.0034868696419916682
2816,0.0045552203514633936
2817,0.004401514772325754
2820,0.004001179227484825
2821,0.02194712262052906
2823,0.006397602313646927
2824,0.04189757988365494
2827,0.004099173936992884
2828,0.010406489537110788
2830,0.0038992260583851296
2831,0.002460607152271976
2832,0.008394380190199422
2833,0.0032029964044228082
2837,0.004629079684024529
2843,0.004219860098739025
2848,0.00347771834957973
2851,0.009633321143993253
2852,0.003528925629109554
2856,0.038199349167489134
2860,0.006321985235777303
2869,0.004430518809612352
2879,0.005319581370219443
2880,0.004414359543930853
2883,0.009794018169150973
2884,0.0052386280694181366
2888,0.004334096038408036
2889,0.0035000001080334187
2892,0.004314290177962964
2893,0.007257356637123265
2895,0.003613636828958988
2896,0.013130810119679315
2897,0.008406250478052837
2898,0.0069230771623551846
2899,0.00615384615957737
2901,0.004273553833362646
2905,0.007343643115252111
2915,0.006500000405542424
2916,0.007410653295318211
2917,0.007249999932747285
2918,0.006985801384754239
2925,0.0037060406116783155
2928,0.0038155506089144345
2929,0.013515264454229478
2933,0.006767433959439725
2937,0.002780626398362415
2938,0.002692750177226698
2947,0.003680805282277889
2948,0.005749120732159667
2952,0.00401851400565547
2956,0.002305585936771039
2957,0.007722023846574591
2960,0.003083333373069763
2962,0.01704138757162137
2963,0.009818182326853275
2966,0.006814319527679814
2967,0.009300729058166837
2974,0.0041969697922468185
2981,0.006598303583339994
2982,0.0033637681739811425
2987,0.006013463938664193
2988,0.008597678435017584
2993,0.005054986280433146
2998,0.007147582442431926
3002,0.010446850637779307
3003,0.005601426426746988
3006,0.0031818689205656988
3009,0.007486111484467983
3014,0.01633251952713067
3016,0.004675884521513931
3017,0.002575893348763401
3019,0.005037074947564822
3021,0.0039090909995138645
3027,0.004610661757962276
3029,0.0025166868071555513
3031,0.0030207016048431267
3033,0.008559132559948314
3035,0.006208499005890192
3036,0.0032643070525975788
3037,0.011788024146470337
3038,0.014913935735486373
3041,0.0025521095074870666
3044,0.01008896937230045
3045,0.0028374287527227816
3048,0.006954349680189122
3050,0.004854322705957242
3052,0.004416666924953461
3053,0.007529253223582554
3054,0.005285142572626012
3057,0.01487653703359171
3059,0.004483178396976853
3060,0.007443182015636431
3063,0.012740535905878599
3064,0.005335591594770339
3067,0.007992640906205682
3071,0.011464527209838291
3077,0.0038288439616500853
3083,0.007102017179452895
3087,0.0099341168207384
3088,0.007722023846574591
3089,0.006181818433105946
3091,0.006573514542657678
3094,0.0030151517314416718
3097,0.0024125798059898497
3111,0.030074113686029906
3113,0.009039777800325275
3119,0.004255240471140724
3122,0.00270134573404112
3125,0.00337890715953815
3127,0.006814319527679814
3130,0.006878064288069556
3134,0.05896943538941244
3136,0.0041809234801688236
3142,0.004326562650099296
3146,0.010878205399519654
3149,0.004521520656146244
3150,0.0035759652770890812
3154,0.015000000495438457
3158,0.008965583941073649
3162,0.003659893679179887
3165,0.0069016175635464565
3177,0.021292425793155184
3178,0.00594077843783326
3182,0.004841537693052902
3184,0.006221601313688504
3186,0.005136604375776744
3192,0.006802662740810629
3199,0.0036617747411224083
3204,0.0042207795195281506
3206,0.02076751872930684
3210,0.003327931434479217
3212,0.003851190907880664
3213,0.01412509313790828
3216,0.003838383825495839
3217,0.046817774605634736
3218,0.0038424622497520646
3225,0.008814217364375938
3227,0.02675751616903981
3232,0.01131732076398095
3242,0.011805556567465441
3244,0.021197802943549456
3248,0.04000358697130367
3252,0.01438796807524859
3257,0.012618104300072087
3259,0.005007871952388556
3260,0.006019638075066391
3264,0.005102670917445368
3266,0.007075258574575916
3268,0.0034868696419916682
3269,0.009211989225380478
3280,0.00603080598896434
3285,0.003679487155750394
3289,0.0035334609692395068
3290,0.005690369257579061
3291,0.003493200330597948
3292,0.006727272644639015
3293,0.019666092340336287
3294,0.00433673601005777
3295,0.009416666813194752
3296,0.004590909170612383
3300,0.011764912160402702
3303,0.004011959499379312
3309,0.005086716219305872
3316,0.0025833971377706216
3319,0.018977647455826984
3320,0.005254232030754076
3321,0.005927535186683101
3322,0.004330429169038466
3326,0.01761795151894891
3331,0.008698334899959442
3335,0.021374168746391368
3343,0.002681818325072527
3344,0.017376980641365388
3350,0.0041925655280839105
3354,0.019304262088049542
3355,0.024288612245306068
3357,0.004655067319801265
3359,0.004878787983315558
3361,0.009901515942250425
3362,0.006611161037141171
3363,0.008442798907006643
3364,0.00405569242070834
3365,0.007548231809735614
3367,0.004048611503094435
3371,0.006368776027739203
3377,0.01418298593214352
3382,0.003565834376729967
3384,0.03173640812485181
3388,0.0032913451772122633
3389,0.002317762534907514
3391,0.004778751943453263
3392,0.0030972224194556475
3393,0.005291915378503261
3394,0.013048433201961819
3397,0.002876089799458221
3399,0.0026791156234676596
3403,0.008495520892576087
3406,0.007738761967837542
3413,0.004833897321887182
3416,0.004166666883975267
3420,0.014884040899859811
3423,0.003059697688528562
3427,0.002018881906508639
3429,0.009174077050813021
3433,0.003625834008881873
3434,0.006141236718794344
3438,0.00536886234256544
3441,0.003216715844834345
3451,0.006362546101353632
3453,0.028374146408801766
3456,0.004649351063578255
3458,0.004187500104308128
3462,0.004825412690621796
3464,0.003975448499159586
3467,0.003014078169022893
3470,0.007226436019547435
3472,0.004413330464508123
3474,0.005263201717709297
3480,0.0032438665973574528
3487,0.0046675384022988545
3488,0.008258333163269313
3489,0.004010487315003933
3497,0.010106666407646403
3498,0.004872727594667895
3501,0.0037024008183758478
3503,0.00581818213686347
3504,0.009363636374473572
3505,0.008004912433511889
3507,0.008715578670692418
3510,0.011338287704559257
3512,0.008409091271460056
3514,0.02061066574040473
3517,0.003958417478344252
3519,0.006176909665228014
3520,0.005435297042191974
3533,0.008217517101625318
3540,0.01078674542431415
3541,0.003924243152141571
3542,0.010938845461904705
3543,0.003535714272594126
3545,0.0027501447273338663
3546,0.00695104908678335
3548,0.010133376024583323
3554,0.004474359098821878
3557,0.006867607502128429
3558,0.013288542180559424
3565,0.003961886263040956
3567,0.05353920754007062
3568,0.012871473568609711
3572,0.0036168480516118157
3573,0.003643467338526564
3574,0.005699079448988819
3575,0.006518360526142835
3580,0.02827766764523365
3583,0.003922551757627858
3585,0.006180556025356054
3586,0.00515691681456908
3588,0.0035347221419215202
3589,0.0047482517547905445
3591,0.017258420997867754
3594,0.004144370886463431
3601,0.006345436846356252
3606,0.004099999682485934
3610,0.0032517483923584223
3615,0.007363636663454187
3620,0.0045530302450060844
3622,0.0034037201693754293
3623,0.011120584122436019
3626,0.004867396162201961
3630,0.003437500214204192
3632,0.005424242466688156
3633,0.0077433711695446385
3636,0.009138199128816056
3637,0.01653090700792221
3638,0.0036672036973147033
3640,0.005416666842062259
3644,0.008421499417197201
3649,0.003504719279047868
3651,0.012647764096919202
3656,0.005399014925673627
3658,0.00554068277830551
3659,0.004181818570941687
3661,0.0027636482349647456
3670,0.014627071272858488
3671,0.0017464197143888095
3672,0.004149114359198146
3673,0.014978473118051542
3679,0.010466389850603622
3684,0.016172989377079828
3687,0.015000001426993922
3692,0.004486492643667053
3695,0.006727272644639015
3698,0.005030302998136378
3706,0.00390740716829896
3709,0.005839873673536385
3715,0.007291666537483213
3716,0.006230561759962861
3717,0.004624529737337797
3718,0.00572916679084301
3720,0.0029909153076838474
3723,0.016800755578544803
3724,0.004844114907499506
3725,0.017215494447017234
3727,0.014709079109698674
3731,0.0252374563518484
3732,0.0053465908686587335
3734,0.0037692308455421985
3735,0.006896001593169979
3736,0.005774786498464661
3737,0.002240344437572124
3738,0.003458333434537053
3740,0.017544379244039402
3746,0.005372507756174908
3748,0.010346984551536216
3751,0.0035578230025969156
3753,0.004225148375384336
3757,0.004282454991546418
3758,0.0024866399155646954
3760,0.00725549386970738
3765,0.00433333357796073
3767,0.007135281455382856
3769,0.006580003745323845
3771,0.0044536246341392565
3776,0.005192094166742399
3778,0.009577325566211367
3782,0.003267660503071682
3783,0.0017020295160245238
3795,0.005653300572016234
3806,0.004481716735102656
3808,0.0056378721467038335
3811,0.013343380071981069
3812,0.004168484824767583
3817,0.0033031430380839493
3818,0.009780697616422234
3820,0.002945910813583834
3822,0.004318182356655598
3823,0.04189757988365494
3824,0.005057137526006296
3826,0.008291666395962238
3827,0.008316411245749366
3831,0.005077214499133904
3834,0.007971601044630135
3836,0.004041411829276267
3838,0.008026887105172815
3841,0.005889927863699291
3843,0.005942046627980801
3847,0.012045455165207386
3848,0.008181817829608917
3851,0.010441801252943273
3854,0.019197657965654646
3856,0.003564227643490553
3857,0.004533333703875542
3859,0.005383271391420371
3862,0.003099173540249467
3864,0.0055344757136301225
3869,0.004151515330163057
3873,0.010689894577931264
3876,0.03313760478287065
3882,0.0030000000438930303
3885,0.008753765751702036
3886,0.0036464646414609797
3887,0.007194880690382784
3892,0.009113401252795948
3894,0.01650374655214272
3895,0.005295204648095485
3897,0.0022727518169981154
3898,0.0062500000931322575
3900,0.004235185392128285
3901,0.005556164157073121
3902,0.005282407029499059
3906,0.013337666551911128
3907,0.0073452425435246915
3909,0.0064561527716002895
3910,0.0028383194993614074
3911,0.007135281455382856
3914,0.03149846208471155
3916,0.0037424243536781756
3919,0.007237844187072304
3926,0.006528779092692183
3929,0.006452381610870361
3930,0.004785933602851879
3931,0.01443390572403082
3935,0.00858214235566249
3936,0.004249999908416919
3938,0.02209675073657193
3943,0.0027636482349647456
3947,0.006494594003763455
3950,0.0033235730898291036
3951,0.0033333334447892865
3955,0.007543004078082099
3957,0.011588883858591418
3959,0.015226813442758221
3966,0.0064561527716002895
3970,0.0034393942914903164
3972,0.00821366128224109
3973,0.003230331936212097
3975,0.0030265729178034773
3977,0.002664418195200342
3979,0.0026072031629340974
3981,0.0030714289750903845
3989,0.011488945608007018
3991,0.0056284892324579006
3995,0.005902166259944323
3999,0.004965067705338404
4001,0.009745454213298553
4002,0.013090909458696842
4005,0.004725490231066942
4007,0.008413955565773939
4008,0.009767459062931612
4009,0.003933333437393761
4010,0.004208333463559198
4011,0.005129748572616144
4012,0.14417341351509094
4018,0.007293154696171681
4019,0.007768310277873455
4024,0.030608675813628014
4026,0.004350393670642523
4031,0.008937390100105639
4033,0.010832637542275099
4038,0.002944490384683339
4040,0.013552608778669957
4043,0.02638519242676973
4045,0.006364175460736143
4046,0.021648302079029597
4048,0.004707000382169131
4049,0.005909091327339411
4051,0.0068378067470828
4053,0.003901869859339152
4056,0.009602942875213596
4058,0.02901658866434328
4060,0.004615128648211883
4062,0.01067538860655257
4072,0.004027402920056452
4073,0.008548313519044335
4081,0.011709965100345625
4086,0.0038017463715126114
4089,0.022058063570505965
4090,0.0036792002463325296
4091,0.004701952339937409
4092,0.007333333604037762
4101,0.01426038846362378
4102,0.013343380071981069
4105,0.003446387941861736
4110,0.004050222508097871
4111,0.002161799326504572
4117,0.004816124525231387
4126,0.005077214499133904
4132,0.021560160199119226
4136,0.003944444470107555
4140,0.0060162999117376655
4144,0.01321335319580082
4147,0.004437680981511115
4154,0.004899746370875604
4156,0.0073487895004550035
4158,0.0031080503779654205
4159,0.003273081329317447
4161,0.004883393767203882
4168,0.0048040532419436136
4169,0.007605451765621817
4173,0.0025953217367631148
4175,0.02263574673281622
4176,0.004055555444210768
4179,0.011310206100886821
4182,0.016575216101196066
4184,0.00402572670768435
4188,0.0252374563518484
4191,0.0036363638937473297
4193,0.004652892596643324
4194,0.004796662380980343
4202,0.00680515105843313
4209,0.004594444762915373
4210,0.0032999997784864043
4216,0.0029772729612886906
4217,0.00620125159404652
4218,0.003933333437393761
4222,0.00561532961338792
4223,0.002240344437572124
4232,0.013304711016517753
4239,0.0038658784917609545
4240,0.005153846461325884
4243,0.012063129230375162
4255,0.004100834380343433
4258,0.004176084132444474
4261,0.002982982784073225
4263,0.003298291266262606
4271,0.0031488097738474607
4272,0.013403140759516147
4273,0.0029597458623863886
4274,0.004685950181026605
4281,0.008325282167797016
4282,0.00632283276843131
4286,0.012022727957891059
4290,0.004358041546186169
4294,0.003210260671656369
4301,0.0030228242925064326
4306,0.004608333110809326
4308,0.005882856027004488
4313,0.009484055699376754
4315,0.0040496949450664595
4319,0.0027483292793257477
4322,0.007938823286116973
4324,0.004493753478875619
4334,0.003422258044265827
4338,0.02356333217007663
4340,0.003750000149011612
4341,0.008916518846808538
4343,0.009096289972655203
4344,0.002986226407913517
4350,0.03385923386354184
4351,0.003123475913709217
4352,0.010250000283122063
4355,0.011200484106371663
4358,0.03263519064735906
4359,0.007067431849116615
4360,0.003790638612226494
4361,0.005121470510572564
4364,0.01513771709496266
4368,0.020446880660470457
4372,0.005032607267239737
4376,0.004364221962436635
4378,0.0062645984232280365
4385,0.00659442868639854
4386,0.007038935188694979
4390,0.029595156995545557
4391,0.01254545511290334
4392,0.006397602313646927
4395,0.0031250693399699466
4396,0.005784522120045066
4403,0.0022727518169981154
4405,0.005902166259944323
4408,0.005057583984325724
4410,0.006461875970356835
4414,0.005488202396070407
4416,0.00615384615957737
4418,0.00706050057622303
4419,0.008972589871383854
4421,0.0038636364571416667
4422,0.004697653869151599
4429,0.006957331903918805
4432,0.0033080283892484184
4441,0.007047766251172791
4452,0.005309290893419657
4454,0.004919988461277557
4455,0.00621755461730892
4461,0.005915448583791064
4470,0.006997755724586458
4474,0.0026161892382788095
4476,0.007436208388176367
4483,0.009923816672995573
4485,0.006292345610832193
4489,0.005822916980832815
4490,0.006947910388518021
4493,0.007249999932747285
4495,0.005280996495697141
4506,0.0037628344583755234
4508,0.00758995925406775
4509,0.012000000748944509
4510,0.00467254803288904
4513,0.01020223045524626
4518,0.004810606318223914
4522,0.011273623228601313
4525,0.01468664214618655
4533,0.003760732312878409
4536,0.0083008810100417
4539,0.023413708573242195
4542,0.00815729672640234
4545,0.006007576141335028
4547,0.013481208902629289
4554,0.007832669487647353
4555,0.004816124525231387
4557,0.008258333163269313
4565,0.0075937096416348465
4570,0.0093204101957949
4572,0.01044525724569502
4575,0.003361262060447067
4577,0.004875000100582838
4578,0.017281809835698225
4580,0.004028572752036827
4585,0.005899967997660709
4589,0.0027777778450399637
4591,0.012733444118060433
4593,0.003400220623727544
4595,0.004052227640943241
4596,0.0031558443096350616
4597,0.0048959470735609
4608,0.005601426426746988
4611,0.010023253914187718
4613,0.00450334932661384
4614,0.021117944452025687
4615,0.010698718775019971
4618,0.0046435791886616316
4622,0.0038958334438928977
4625,0.009681817666525228
4628,0.006524926873245823
4633,0.009480788331934368
4638,0.018437964936742098
4639,0.006397602313646927
4640,0.011976257264572186
4641,0.006997755724586458
4644,0.011038496477143276
4648,0.006364175460736143
4651,0.004570346070273269
4652,0.0046193453490968855
4659,0.010636365041136742
4664,0.006922374128509116
4665,0.003700000001117587
4666,0.0030449203015080364
4674,0.003767676750222693
4675,0.011273623228601313
4682,0.0062056415835192846
4683,0.0026545804357246986
4685,0.0034090913832187653
4686,0.0024026284560469888
4700,0.0034320844573377035
4702,0.006057920424855926
4703,0.0064792670420165815
4704,0.0019750473114318826
4707,0.008464218442875333
4711,0.003643467338526564
4712,0.006755846074371729
4713,0.006808797824253575
4714,0.003173425501517795
4718,0.029309864609848562
4721,0.010743372583522868
4722,0.019420494584664307
4723,0.00433333357796073
4726,0.008828043009388086
4729,0.004931818228214979
4732,0.00432380597824643
4733,0.006192851741780756
4735,0.008686285282905083
4738,0.003237891524110691
4744,0.008660735410367304
4749,0.006077330892581411
4752,0.003648869685885045
4753,0.025584619131780444
4756,0.0032628606787712035
4760,0.0047848837499752
4766,0.003648148151114583
4768,0.0037878789007663727
4770,0.006313402563073608
4774,0.0046950035546162215
4783,0.0038069216567682015
4784,0.00903019301183885
4787,0.018075623280534327
4788,0.01952381676845915
4790,0.0032244315496095088
4791,0.006471740648990707
4794,0.011221529584295092
4799,0.0061515155248343945
4809,0.004075928642834875
4810,0.006272727157920599
4815,0.006190226363354912
4817,0.004228751935953496
4818,0.01152081021009221
4821,0.00440416043001537
4822,0.002533394331741304
4824,0.0031558443096350616
4829,0.003112800693411681
4832,0.008427154068085412
4836,0.003947199136321509
4838,0.003272283428657644
4841,0.002606093836820187
4842,0.004991137721766998
4847,0.004663308575855595
4850,0.015076799512656593
4851,0.004819879046517626
4852,0.003147830524549138
4853,0.012184345201365826
4867,0.0037575753918162144
4870,0.01089392321509856
4873,0.004222222603857517
4874,0.009618828362391932
4878,0.003992570047137528
4879,0.007775843458911104
4880,0.047242152007871
4881,0.004379810560326981
4882,0.003310606349259615
4884,0.004294580058014208
4885,0.005192094166742399
4886,0.002968761788639928
4893,0.004660105226418434
4897,0.004120679911776583
4898,0.004008524358914394
4902,0.009273555120450909
4904,0.005897209806673771
4905,0.006583333946764469
4907,0.003958901531098187
4909,0.008914159629032832
4913,0.00860531778089007
4915,0.003800358594446223
4917,0.008268233527347658
4919,0.012852380055702235
4922,0.01065067221625063
4928,0.002317762534907514
4929,0.004432032554344956
4932,0.005843719657092251
4933,0.004697653869151599
4934,0.022892509363302893
4936,0.02030303329229355
4944,0.006019638075066391
4953,0.008189395070075989
4954,0.0034924245352835155
4955,0.0027176402187825857
4956,0.004848484881222248
4960,0.01131732076398095
4965,0.014134559066554895
4966,0.0027153345603806974
4967,0.002445474700179211
4972,0.009430625846236385
4973,0.014117002606188828
4980,0.003803371295177339
4987,0.003797834029825971
4989,0.003019520269753889
4991,0.006023870451060511
4992,0.008237910554768758
4993,0.008818728341826962
4995,0.004205555189400911
4997,0.003327931434479217
4998,0.0054236255171838015
4999,0.0031136367470026016
5001,0.0056284892324579006
5006,0.004398303434334716
5007,0.0034756307130007374
5008,0.005109273016366155
5009,0.004856244712149494
5019,0.004077922087162733
5023,0.0026243405506735846
5025,0.007853191258946108
5028,0.00659442868639854
5031,0.0035820889227776032
5040,0.004338710133226648
5042,0.016250001089836052
5044,0.003987730999665149
5052,0.006445027230841708
5054,0.003544971349300497
5056,0.009780697616422234
5057,0.00650757578371368
5058,0.005272726994007826
5061,0.006085561588406563
5063,0.010535865407749158
5064,0.009218614923162933
5068,0.008880399622369643
5070,0.007031048637230036
5075,0.007268974654633614
5078,0.01218958655812422
5080,0.004104166757315397
5083,0.017052829348968696
5088,0.004191700405741418
5090,0.0034848488867282867
5092,0.004484848584979773
5096,0.004639703798461562
5098,0.01646958868000419
5100,0.005463277336529535
5103,0.004346594673463346
5105,0.009818182326853275
5106,0.005245072730109152
5114,0.0053003217360537164
5122,0.007041666656732559
5126,0.003606060795234686
5127,0.004016813311248898
5130,0.004508333280682564
5131,0.006147451408716977
5133,0.00775694492079502
5136,0.0034094890039861312
5137,0.007075258574575916
5138,0.0055933551157531965
5141,0.003618518773861794
5145,0.007016285826810957
5147,0.003310606349259615
5148,0.006406098410147623
5157,0.005916666705161333
5159,0.004583333792382906
5160,0.011026012587213623
5164,0.004318182507101805
5165,0.005090908818114592
5166,0.00483756085122286
5168,0.010620239672022113
5169,0.004773412783385425
5171,0.0169826653190041
5173,0.007307336229780211
5179,0.004455879276604853
5185,0.005168022959062024
5186,0.023700604431850972
5190,0.009887045111705597
5204,0.0050696989660651785
5205,0.04870086322112608
5206,0.0035545701476824257
5208,0.0042593694887272816
5210,0.0053861389257093915
5212,0.005879630346203311
5216,0.0029167641010382278
5218,0.0038893834482710767
5220,0.04076341435426872
5223,0.003171005458905212
5224,0.004044871898980499
5227,0.0014909091405570507
5228,0.010330323463156318
5235,0.004113636910915375
5237,0.02543696863392792
5242,0.006844667823196658
5243,0.004360920665881155
5250,0.0038958334438928977
5255,0.005833333823829889
5259,0.003918294939830821
5263,0.006692275224907021
5266,0.007480073061432372
5267,0.006742126034562474
5271,0.002744530944307839
5276,0.05434270359055938
5281,0.006406098410147623
5284,0.031681733832385546
5285,0.00569159821794648
5286,0.0058055559644127645
5291,0.0030167870026498204
5299,0.023791479964063566
5302,0.011142537181311531
5303,0.004770833533257246
5304,0.003914862271714103
5306,0.007439225980679887
5308,0.005746371865577141
5309,0.00378010377381486
5316,0.009409283712030269
5319,0.003264544608090543
5323,0.004770833533257246
5327,0.009024810523146852
5332,0.0021409891847596523
5333,0.007003089724302804
5339,0.00886949400107066
5342,0.003541911650722915
5344,0.00995324327298129
5348,0.019277434535259343
5351,0.005867709021977605
5353,0.00594478501974614
5360,0.05203542954638473
5362,0.004870719364284164
5365,0.014679059774013306
5367,0.0077433711695446385
5371,0.012352049602025612
5377,0.006517382581080384
5379,0.008225637439160488
5386,0.004327307842361197
5387,0.00907024988919966
5394,0.01492800125544814
5396,0.0062142862491430745
5399,0.0027368422597646713
5402,0.0033895990249560412
5404,0.007971601044630135
5407,0.004189818612411414
5408,0.0064887562137871235
5417,0.006742126034562474
5418,0.003481481103516489
5420,0.016589645670820517
5422,0.009443700275141452
5424,0.009203457001761577
5425,0.005409387700100389
5426,0.006714867112497167
5427,0.02323241798180614
5429,0.009978429349355918
5433,0.006298133409292132
5437,0.00999210838756656
5440,0.00332251199907487
5444,0.02313815724574148
5451,0.027257823720891115
5459,0.005687305150298803
5460,0.03153426906829417
5461,0.0030702052159464507
5462,0.006357351262457753
5463,0.00987693420246851
5464,0.003848824643120766
5467,0.0038789810729125723
5471,0.005405813233580354
5472,0.004109006615997918
5477,0.01879392672357157
5479,0.006832884857256388
5484,0.004000000189989805
5488,0.0066437044015695
5490,0.0046490442307508045
5495,0.006206992841224394
5496,0.007489559417168969
5497,0.0034062499520744987
5498,0.0039934023260366
5500,0.029867470712047216
5506,0.003112800693411681
5507,0.003471256999927031
5509,0.004007749546449198
5512,0.035567942379817113
5515,0.0203707210326469
5516,0.006276826064374134
5517,0.032482654725418704
5518,0.010440543667040905
5521,0.030608675813628014
5522,0.004541667178273201
5532,0.0033959765768863557
5539,0.009363050470801703
5540,0.002671357730175777
5542,0.021664279183523302
5543,0.012248238216071137
5553,0.004835606828633772
5556,0.002689463028844486
5558,0.00604545489524401
5559,0.009913671060755688
5564,0.005254232030754076
5568,0.007388841589504283
5569,0.004594444762915373
5575,0.0037499999161809683
5579,0.0028089153314059144
5581,0.004078304987199554
5582,0.0453127583665352
5585,0.008988981179205527
5586,0.00702310008213211
5593,0.004383333493024111
5603,0.004735024401624148
5604,0.011338287704559257
5605,0.008763610151305024
5610,0.0067346615558567
5616,0.008637631031847368
5624,0.005619554014335717
5625,0.007327153521400596
5626,0.008655286357961884
5628,0.0043220796617561685
5629,0.0039791010104065746
5631,0.0038645802516719383
5632,0.010969151488208836
5634,0.005149023070098624
5638,0.003126327956463768
5642,0.002433732927854425
5643,0.012685319389910379
5644,0.0370270276526476
5651,0.0054513893433000915
5652,0.011472222860553214
5654,0.004291021078894864
5656,0.005114107586142532
5660,0.004412048076057985
5661,0.004343538213205445
5663,0.0046178015738690265
5664,0.009443700275141452
5670,0.005956219865563929
5678,0.00338712287152656
5679,0.004639703798461562
5681,0.008200680682164082
5684,0.005931818392127752
5685,0.00879631090418313
5686,0.0030810335296117446
5687,0.0038288439616500853
5688,0.004200000315904617
5689,0.004867396162201961
5693,0.008884751650840825
5695,0.016277301232124394
5696,0.00496969697996974
5698,0.006919198654122534
5699,0.005375000182539225
5702,0.008480985406725653
5707,0.027482861411697458
5709,0.006428798512402185
5710,0.008861450154951928
5714,0.0037045458334731694
5715,0.010767720968311849
5717,0.003481481103516489
5718,0.015226813442758221
5720,0.002688350561176219
5721,0.0037348487427344983
5726,0.004559187587792165
5727,0.0074259496522658865
5738,0.004046423760692003
5742,0.01599168470378562
5745,0.013087178796350924
5751,0.018510949218966607
5752,0.018172622206275017
5754,0.004066666713248538
5755,0.006679848846766347
5756,0.006341720652871558
5759,0.0044478984519598945
5763,0.02406575557805839
5764,0.003555906392265019
5766,0.01051047300138781
5768,0.02194712262052906
5769,0.003120451308514389
5770,0.013717696466232818
5774,0.011338287704559257
5776,0.0025984898623706465
5779,0.0074610929820541246
5781,0.015575399218258948
5785,0.006545454537273329
5787,0.016072767233104822
5800,0.0077433711695446385
5801,0.019420494584664307
5803,0.00776287623410744
5809,0.005195817145094868
5820,0.007229893383781712
5822,0.0038978253627404624
5823,0.007285791452567459
5824,0.002590909141437697
5839,0.007054660133584295
5842,0.004227273166179657
5849,0.005588559442551196
5853,0.0041041668858118295
5864,0.010583333492933006
5866,0.006985801384754239
5868,0.005736641600149538
5869,0.0034261285295934937
5876,0.003504132153466344
5882,0.004048611503094435
5884,0.0036004138985268217
5886,0.018739316817657156
5889,0.007605451765621817
5892,0.006309523974901853
5895,0.0032895478714796847
5897,0.016690343445123643
5903,0.004591666627675295
5904,0.0041060607305001984
5907,0.004430518809612352
5909,0.006711121453272721
5912,0.009054497057615324
5913,0.0030449203015080364
5917,0.004572592319831695
5924,0.003981898754598048
5925,0.007772727403789759
5927,0.004903307590152948
5934,0.0061250003054738045
5936,0.01357575785368681
5938,0.005007871952388556
5940,0.007695037939020525
5941,0.007090908940881491
5942,0.002695659078516962
5948,0.009539371941152005
5949,0.004200000315904617
5950,0.0030625001728817893
5951,0.004401515397515914
5953,0.007893248511956658
5960,0.003230331936212097
5963,0.006823130156313868
5964,0.013908236914238176
5965,0.014726318366579649
5966,0.006774535929100884
5968,0.004242781166822859
5971,0.003608024032391975
5977,0.002305585936771039
5980,0.0030481586121344087
5984,0.014428840709557219
5993,0.0029882842442078995
5994,0.003444600924518808
5995,0.002874328248308998
5996,0.006896642342868426
6004,0.005018557959021248
6009,0.0056606592603724625
6014,0.009377914307246354
6015,0.009713812263565574
6016,0.010620239672022113
6018,0.03878419329236451
6019,0.0030378790491473215
6021,0.003872946768545665
6022,0.003057089287177041
6027,0.009636905769183841
6028,0.007408711687801673
6034,0.004417191336649183
6035,0.00561532961338792
6043,0.01088179300033128
6044,0.036887331897167884
6045,0.005796328215517716
6050,0.006513444983236683
6051,0.005435297042191974
6055,0.012063129230375162
6057,0.008022164970647545
6063,0.007285791452567459
6064,0.006362546101353632
6069,0.020033316644363683
6075,0.011940248976045887
6076,0.010832637542275099
6081,0.02236196003639087
6082,0.0033194444276891774
6083,0.01646341015259887
6086,0.006005822067111954
6087,0.005399014925673627
6088,0.0055933551157531965
6097,0.0027863209648884574
6099,0.005718221400509734
6102,0.01761795151894891
6103,0.011564961319477686
6104,0.008760077809664823
6107,0.009280165667881084
6109,0.00519796366116093
6111,0.008670087634867828
6117,0.010929194948919892
6118,0.012193773203594861
6124,0.010063379635243943
6130,0.0029575493071781612
6131,0.01952381676845915
6139,0.006084416837159709
6140,0.013172240559618142
6141,0.0037653810484602653
6145,0.005810331748614507
6146,0.007893248511956658
6147,0.005870412892626357
6149,0.0029208423164222507
6152,0.02423708690188319
6153,0.004233766630362737
6161,0.003967408664202237
6163,0.022673832861858922
6165,0.012716624874385945
6166,0.003760732312878409
6169,0.005150674730744265
6170,0.027004089294954903
6173,0.007453397179670328
6177,0.0032987017184495926
6180,0.007909567771415675
6181,0.0028333335649222136
6182,0.004445796588258308
6184,0.023413708573242195
6187,0.0023809675329066037
6191,0.005833333823829889
6192,0.004057439576501875
6194,0.004195444054378066
6200,0.01633251952713067
6204,0.003660691198949949
6208,0.0033398994618014178
6211,0.006332134577150151
6212,0.013432555324387502
6213,0.009474174537800509
6214,0.00473258025009417
6217,0.011139779237070347
6219,0.0035845804787780072
6233,0.004545454401522875
6234,0.016800755578544803
6237,0.015297890773774773
6239,0.003944444470107555
6251,0.008677977163351143
6256,0.006384466760439012
6259,0.0037527974583413505
6263,0.0060655096708604785
6270,0.0036301902894379685
6271,0.0033782876588527144
6274,0.009843687948643433
6280,0.0033194444276891774
6282,0.0023737583546609314
6283,0.00870748574650565
6285,0.004951389238054818
6288,0.00322227924153913
6289,0.0033496506828311705
6291,0.009860519055443858
6294,0.023941539766168633
6300,0.004891060237642578
6301,0.0034318184480071068
6304,0.0033080283892484184
6311,0.0030909092376876376
6312,0.06562371691723799
6313,0.004985712886252074
6316,0.0034306794099899104
6318,0.009165973203439778
6320,0.0041261244473024495
6321,0.021560160199119226
6322,0.006702735233738938
6324,0.004718404828246369
6326,0.005801942467523698
6328,0.004000000189989805
6330,0.027482861411697458
6332,0.018227616886748732
6333,0.002550941901633138
6336,0.005873442361064704
6338,0.020446880660470457
6340,0.021824781973661153
6341,0.005718221400509734
6344,0.002083333443152078
6347,0.020565604517167893
6350,0.004483178396976853
6353,0.006158151090933208
6357,0.002505085021096707
6361,0.010951718405377245
6362,0.04614822934753124
6363,0.0028430180524043397
6365,0.0028541667852550745
6366,0.0034616307835098124
6367,0.004005587709032206
6376,0.023337991674838
6378,0.0035347221419215202
6383,0.009048257492832926
6384,0.004994105792549192
6386,0.0047401730896903665
6388,0.011049325219498758
6391,0.011338287704559257
6392,0.004068809413197645
6396,0.004546855193234198
6399,0.008957377962034946
6402,0.014516179480364726
6407,0.006015622649955718
6408,0.015804982797488862
6409,0.0024125798059898497
6417,0.00580255722729049
6418,0.004566732547649982
6419,0.003011060743733577
6421,0.009725931052455762
6425,0.0033560607116669416
6427,0.0386758580166688
6431,0.015086323587365023
6432,0.005403800184900655
6433,0.009732775342405945
6436,0.003343583086855331
6438,0.004831416343349734
6441,0.006027915465050927
6442,0.006583333481103182
6446,0.00401851400565547
6448,0.0046215948848918765
6453,0.006206992841224394
6463,0.006054091170289518
6469,0.002909091068431735
6470,0.0033847053932823906
6471,0.008704974772289832
6472,0.005000000353902578
6473,0.019784754158001627
6474,0.00322227924153913
6475,0.0033421051069531913
6478,0.008992250146827316
6481,0.036797772500515975
6487,0.003361262060447067
6489,0.0058188180712352815
6493,0.011088228332580705
6498,0.005877917627919261
6499,0.007480073061432372
6502,0.006100994560524735
6504,0.00584637580921994
6506,0.0046545458026230335
6512,0.0036909093614667654
6514,0.008258333163269313
6516,0.005018557959021248
6523,0.0032849508547509393
6528,0.004038461484014988
6530,0.004952941905212465
6539,0.009957953521441068
6541,0.05054536490615204
6545,0.005981140856769202
6549,0.004519908619270466
6552,0.004381944891065359
6554,0.005908276555278608
6559,0.032927149883931445
6560,0.006008733686098838
6561,0.019593904100667758
6569,0.009517497629920272
6572,0.003969829883980704
6573,0.004071428440511227
6575,0.007358186068567585
6577,0.0058055559644127645
6585,0.0024667740995113286
6586,0.003974516360309496
6589,0.028462661140991708
6593,0.005572558667815367
6595,0.00728177452538182
6596,0.003700477087001099
6597,0.007091667037457228
6598,0.014318576194141008
6599,0.01653090700792221
6604,0.008147266625875487
6608,0.005083333644885537
6611,0.008328780568213902
6614,0.007470293517070086
6617,0.004000000189989805
6621,0.006526436711442369
6622,0.0047401730896903665
6623,0.005190074682761115
6624,0.004981560202440743
6631,0.011617971042501358
6633,0.005962044947085961
6634,0.03365043562001571
6643,0.008999999612569809
6644,0.00712737115728826
6648,0.004034357729397489
6649,0.007919309317048385
6650,0.0029945009262618925
6657,0.008932292225478842
6660,0.0028333335649222136
6666,0.008876848890660153
6668,0.007169831027613342
6669,0.006867607502128429
6671,0.003768014023255135
6672,0.008909091353416443
6673,0.0033636363223195076
6676,0.006720610543066382
6678,0.05203542954638473
6679,0.006084416837159709
6681,0.0076471559297424775
6682,0.006453146028981473
6683,0.0153733858294649
6685,0.00429166667163372
6689,0.0033658666184957337
6690,0.013454141187970415
6693,0.004111111164093018
6694,0.004819879046517626
6697,0.00298932584059206
6698,0.023791479964063566
6699,0.003267660503071682
6700,0.0054513893433000915
6704,0.0030641644523777376
6706,0.03385923386354184
6712,0.006474894543429201
6715,0.006623556198159601
6716,0.007328671393098571
6718,0.026821602240230898
6721,0.006867607502128429
6728,0.005222222047212139
6729,0.0071300610234561745
6741,0.0026743349017308493
6744,0.007197862433138736
6748,0.005767169483432187
6751,0.01563453117758594
6752,0.006575757637619972
6753,0.0029021338792576
6755,0.005854166578501463
6757,0.006453146028981473
6760,0.003645852545127701
6761,0.038983148697574584
6762,0.009492254470388616
6765,0.0101944450289011
6768,0.0053465908686587335
6770,0.006545454537273329
6778,0.0034846532808662867
6779,0.004765340573789944
6780,0.009152055393823404
6789,0.011800360476733685
6790,0.016589645670820517
6791,0.005563472202930355
6794,0.005877917627919261
6795,0.0034114618134871407
6798,0.012702809485100773
6799,0.004645833457864599
6801,0.006662013705877601
6805,0.00350757598991418
6806,0.007215906544973939
6807,0.0027576447796392334
6808,0.005381166198223113
6810,0.01935499183699456
6815,0.00740458538220596
6819,0.0033398994618014178
6821,0.007222222164273262
6823,0.0044094922907639295
6826,0.0029741124176984094
6831,0.003818181809037924
6833,0.008738259106239144
6835,0.02037475505905707
6836,0.004106061067432165
6837,0.007277059749911824
6845,0.008400596646351212
6846,0.010081772671075774
6847,0.00281681272530312
6848,0.005740764355936715
6850,0.004787879064679146
6851,0.002480800102424565
6854,0.004263889044523239
6856,0.0022083334643980637
6866,0.02261035248546838
6867,0.006893939804285765
6871,0.0063214749185157414
6874,0.00706050057622303
6889,0.010330323463156318
6890,0.027893011257467903
6891,0.007107926721499022
6895,0.005241506089528342
6898,0.006664691379032497
6904,0.006289238752957939
6911,0.004818363058599465
6912,0.01710408495025998
6918,0.011434005258526184
6926,0.005447866009568335
6930,0.004099999682485934
6933,0.006075405445397943
6934,0.020666140967490497
6937,0.002619066587669081
6938,0.018036138945894706
6939,0.008772727790460733
6941,0.00439244092233194
6943,0.004422552813758371
6946,0.008173801952744312
6948,0.004189036905678898
6955,0.006082161691421275
6957,0.007227847297429278
6962,0.013674906417252379
6963,0.00421212115276127
6967,0.026225707125059384
6973,0.007431818637996912
6975,0.004186448177439656
6977,0.004091834447878313
6986,0.004119791556149721
6988,0.0036268298109310045
6989,0.007524781159532125
6990,0.006435897201299667
6991,0.0027847421695796153
6997,0.002325052324839441
6999,0.007576856956516552
7005,0.007235292646760051
7006,0.009237015234559371
7011,0.005108116806637766
7019,0.004389134694529391
7022,0.004780587957877126
7025,0.009172138880153922
7028,0.003351618644866881
7030,0.003622725195148701
7039,0.0031328671839494357
7048,0.0058559087864545984
7049,0.005756675724753382
7052,0.035567942379817113
7054,0.006757575835986983
7062,0.004975969760526632
7066,0.006605292479692772
7067,0.0038571428627737106
7071,0.004151592993418047
7072,0.0041041668858118295
7073,0.01718070266093424
7075,0.011820391374778735
7078,0.006878064288069556
7081,0.004241592595789225
7085,0.04076341435426872
7086,0.007943628612970018
7087,0.01361158252028815
7089,0.00728177452538182
7092,0.01115028648542915
7096,0.004363095387816429
7099,0.0072368073363810095
7102,0.004230985406958075
7107,0.005100000855098608
7109,0.0032770275268736303
7113,0.0056601552190000595
7115,0.0035833336878567934
7117,0.0061313132755458355
7119,0.0043429495336147405
7120,0.00677554767518755
7122,0.007029031835488041
7123,0.0032481481949955962
7124,0.010583333492933006
7127,0.00850226722597595
7128,0.004377839945803533
7129,0.006226030689093373
7130,0.004886363827322767
7133,0.006127628386691382
7135,0.01152081021009221
7137,0.012221981201644135
7138,0.008603010097228383
7139,0.005864527607935165
7141,0.028019218437539458
7142,0.003517649428060529
7145,0.026670127969666488
7160,0.007208333954831739
7163,0.005976758518277906
7171,0.005007871952388556
7174,0.007392921532166805
7178,0.0030454548735918663
7180,0.007569165400802999
7183,0.0030985287117354233
7185,0.009659091736371441
7189,0.006186555995587022
7190,0.009662338121924349
7192,0.022058063570505965
7193,0.0035625000426764185
7194,0.005474621960094463
7195,0.006287879106071882
7196,0.006082161691421275
7200,0.009745454213298553
7202,0.006962790805427253
7203,0.0034135721752452204
7207,0.009547132128515663
7208,0.0029772727455171562
7215,0.017544379244039402
7216,0.0042597404681146145
7217,0.006320047188665747
7219,0.011809855888877832
7225,0.003946969751268625
7226,0.01976390101367692
7227,0.004402659217556638
7228,0.0035318321780184953
7232,0.004305124921418184
7235,0.015320602549409076
7237,0.0101944450289011
7238,0.0022129743148286986
7242,0.005037879571318626
7247,0.07075675695791786
7248,0.007296007762763908
7257,0.006482835220129685
7258,0.0024293435211860484
7259,0.003463458633374038
7260,0.009470497467607504
7268,0.01561267630791673
7270,0.010242260949908344
7271,0.009688913639822086
7272,0.010977163718033802
7274,0.0038992260583851296
7275,0.004495443999473864
7286,0.003488336893373313
7288,0.002317762534907514
7289,0.00934336543030558
7290,0.007310938458981947
7293,0.006138889119029045
7295,0.00922663596829725
7300,0.004295056943613295
7303,0.032499710762573804
7306,0.003954545594751835
7307,0.006412112688371843
7315,0.010535865407749158
7319,0.038983148697574584
7320,0.002846626215177712
7322,0.0041060607305001984
7324,0.00809889167354394
7325,0.004132543513739994
7329,0.0062645984232280365
7331,0.005032607267239737
7343,0.03163636475801468
7346,0.03097388914745059
7350,0.015968934514297338
7353,0.003674242691148308
7355,0.007090908940881491
7356,0.007215906544973939
7358,0.004624529737337797
7365,0.0060764776629417434
7373,0.002909090850098423
7374,0.00829058879402786
7375,0.0038424622497520646
7380,0.005984741215407569
7382,0.0035714286325194797
7385,0.003994868312307703
7386,0.009172138880153922
7396,0.005554603432892271
7397,0.004107438027858734
7403,0.003318181959912181
7406,0.006727272644639015
7412,0.014805171594944082
7415,0.003376703760541266
7416,0.002533394331741304
7420,0.0037708331365138292
7421,0.005168022959062024
7422,0.004825412690621796
7423,0.0045941137207080925
7424,0.007335456291846624
7429,0.011097709893543117
7430,0.010184417370213998
7431,0.01710408495025998
7436,0.012000000748944509
7439,0.00730502233078047
7446,0.014683163373410388
7449,0.006598913191837962
7450,0.003977335947671699
7453,0.0045378790237009525
7459,0.016905305244794305
7460,0.04870086322112608
7461,0.004244766286538207
7462,0.0033172150706081917
7464,0.006749999526318486
7469,0.0029909153076838474
7471,0.007669252883894434
7473,0.004887568979344985
7475,0.0044909093330913995
7479,0.004474586441905185
7480,0.0059090908616781235
7487,0.0060655096708604785
7489,0.007201137670303459
7492,0.003295602914629209
7493,0.008326844815290566
7496,0.003173425501517795
7497,0.006379268247430162
7498,0.004148022072922105
7502,0.008047469650567785
7511,0.006100994560524735
7513,0.015066609359373102
7514,0.006668936221101832
7517,0.02076751872930684
7521,0.016006327770085864
7522,0.0023452846287272517
7523,0.0031837768636473413
7524,0.014791154025635344
7530,0.0033047020721903003
7531,0.004871631149462489
7532,0.004609219952775005
7536,0.02989780408625798
7537,0.0033421051069531913
7539,0.0071879167749706475
7541,0.006477272874044796
7542,0.007096095490039967
7547,0.013979574783036087
7548,0.012900635460356701
7551,0.004090909380465746
7554,0.007712411775390417
7560,0.0027261961716809223
7561,0.008322565629100182
7562,0.010304975932616313
7565,0.004251463819298894
7566,0.005145552044836364
7567,0.003606060795234686
7568,0.004222222603857517
7569,0.006659788345053111
7571,0.003560606198017161
7572,0.007909090907242363
7578,0.0033721580300745623
7581,0.010110237615410762
7582,0.008126861639842522
7587,0.011404840132418603
7588,0.004215980009889641
7590,0.009326338135712101
7592,0.005886363796889782
7593,0.008244687591421586
7601,0.004371407904894382
7605,0.019593904100667758
7607,0.01669674057855356
7616,0.008138062820401179
7617,0.0030167870026498204
7623,0.0025227544811782716
7633,0.008351415646558004
7634,0.004076654565988458
7636,0.006767433959439725
7638,0.002611587676258069
7642,0.002686882096851139
7647,0.004621212370693684
7649,0.0038507709030581767
7652,0.009006508767640226
7663,0.004276088152591267
7664,0.0026545804357246986
7667,0.004994105792549192
7678,0.013258508584972364
7679,0.0024026284560469888
7681,0.003422258044265827
7682,0.004985712886252074
7683,0.003863636637106538
7684,0.008064217594500876
7685,0.012553620045978105
7688,0.007600301978087263
7692,0.005480519495904446
7700,0.004439801603013514
7704,0.015484229593986525
7705,0.006736264436066274
7706,0.00976578312455326
7708,0.00619599463652878
7711,0.01578915843408939
7712,0.0040616955985758795
7715,0.005289930601192767
7717,0.009270785162637577
7719,0.0023311983190675315
7721,0.034808409489946526
7729,0.0028241229787721363
7733,0.004381659493562012
7735,0.011811597720366116
7738,0.003972346390355085
7741,0.011492950459846737
7747,0.006091171615226295
7749,0.0037708331365138292
7750,0.007343643115252111
7754,0.008113683067694414
7756,0.002350000198930502
7757,0.005054986280433146
7761,0.002915397634875066
7763,0.010806187302634308
7764,0.005604898411627821
7766,0.006765151396393776
7769,0.007371212355792522
7770,0.004546855193234198
7772,0.006247934213031114
7773,0.005054986280433146
7774,0.010381945225131394
7783,0.024883671488336218
7785,0.0029786045128113036
7787,0.0031228251040850983
7788,0.004262841370671235
7791,0.004421945551965059
7792,0.0064334673560162755
7793,0.0038863638092566464
7795,0.005796328215517716
7797,0.004386363709268606
7799,0.008785861537091492
7803,0.013681661279857621
7805,0.004949883573867192
7806,0.010929194948919892
7810,0.0034062499520744987
7812,0.0035259855127930417
7817,0.004677660930012131
7818,0.0031923368843572754
7820,0.009866887942481918
7823,0.00372325150356876
7829,0.011788024146470337
7831,0.005829894379578733
7832,0.004515582096729653
7838,0.003450216397794001
7841,0.004690143963958762
7842,0.018634637476791144
7844,0.0031288934710977504
7845,0.014499599169487952
7846,0.0062142862491430745
7849,0.009075668994425818
7854,0.0038516690106734086
7858,0.0028430180524043397
7860,0.006799318976621123
7861,0.0045264177060462246
7862,0.012443796881744938
7864,0.007614537030081172
7866,0.004696969874203205
7867,0.004602721866446604
7871,0.0030848829486859377
7875,0.006240231507704887
7878,0.003295602914629209
7880,0.009160284338615394
7884,0.004293836850023666
7886,0.0020082890132985215
7888,0.009113401252795948
7889,0.006844667823196658
7890,0.020201295155917263
7892,0.00421212115276127
7894,0.0032714889535019475
7904,0.03617178709075046
7911,0.028558097373126885
7912,0.0041594257947149705
7913,0.004333333112299442
7917,0.0034791668877005577
7919,0.009120915474933246
7922,0.008785861537091492
7926,0.005014692665717958
7927,0.007314190935859587
7930,0.007627272512763739
7938,0.004385209173370721
7939,0.006106695997505213
7944,0.0066727278754115105
7948,0.020181819673131096
7949,0.00527405979299965
7950,0.004137743789601114
7956,0.008781004244348472
7957,0.031049328709217297
7958,0.006486979225279204
7959,0.003787878718006835
7963,0.031272800348160774
7965,0.005528328290861728
7967,0.004529427262602984
7975,0.004405457356320072
7978,0.009143835449953189
7983,0.0027880290065894135
7987,0.005428061334527593
7990,0.004436760853554949
7992,0.003541666781529784
7994,0.0027272729300918297
7996,0.007758735268506953
8003,0.008268233527347658
8006,0.006872149488324392
8009,0.004651515278965235
8010,0.004353138353376574
8011,0.008406250478052837
8015,0.006515152093440398
8018,0.002575893348763401
8023,0.0037471589985275406
8036,0.0042793778517470045
8038,0.00623448517010041
8039,0.004795454442501068
8042,0.005381166198223113
8043,0.010023253914187718
8045,0.00518879788212998
8047,0.011061642752137297
8048,0.007841741529492012
8050,0.003651515580713749
8051,0.004750474722914828
8055,0.003719060888914957
8056,0.0039090909995138645
8057,0.004303030353134988
8060,0.006221601313688504
8061,0.01563453117758594
8063,0.006552093506169582
8066,0.004144370886463431
8071,0.00490909069776535
8082,0.011113064772318784
8089,0.003772727546074143
8094,0.0043787881731987
8095,0.0125733271698116
8097,0.004152719323737833
8099,0.0038682000288750512
8100,0.007333333445556887
8101,0.0036672036973147033
8106,0.0038712124805897474
8110,0.014090229142303538
8117,0.00307696427421928
8119,0.0033181819898384004
8120,0.005866667027528151
8121,0.013189142602504
8126,0.006247934213031114
8136,0.0058055559644127645
8138,0.0078125
8142,0.0052337160897116325
8147,0.002550849255240073
8150,0.003518636646175398
8153,0.007777777966111898
8154,0.0025651411594816947
8157,0.005011597022723484
8161,0.009096289972655203
8162,0.005642248001103328
8163,0.010055184760462809
8169,0.011940248976045887
8170,0.0030999998777169035
8171,0.0034965796680086034
8172,0.004693142098713984
8175,0.004216900126376031
8177,0.0027777780778706074
8178,0.008249999955296516
8179,0.0028258927748567664
8181,0.007624343609114565
8182,0.019784754158001627
8186,0.009895754804791407
8188,0.009745454213298553
8189,0.006136363372206688
8197,0.006719008553773165
8198,0.0032083336263895035
8200,0.004042454962377609
8201,0.02638519242676973
8204,0.004971952000705078
8205,0.02901658866434328
8206,0.01321335319580082
8208,0.01917135175182451
8210,0.0050696989660651785
8211,0.006770833861082792
8215,0.0032013889867812395
8221,0.007177307898335664
8223,0.0034318184480071068
8227,0.004852024326671523
8228,0.0039280878195260115
8230,0.015101453867186887
8232,0.006792509209301304
8233,0.006434344023533182
8234,0.010750001122898818
8236,0.0032722221221774817
8238,0.004615128648211883
8240,0.047558417122239995
8241,0.005124424964983215
8244,0.018306521620814743
8245,0.0023684823742857386
8251,0.00427272729575634
8260,0.012769632258040961
8262,0.003397556595938854
8265,0.027613734220934546
8267,0.0028089153314059144
8268,0.0027722462994391414
8270,0.02709462330589284
8271,0.010515151545405388
8272,0.0032046092430185074
8276,0.0037333332479294
8277,0.0038373604859685407
8279,0.003011060743733577
8280,0.022783582649564232
8284,0.008474234727735994
8286,0.011683137516581244
8287,0.04699984240543846
8288,0.006343363234170096
8289,0.010733792875274166
8293,0.006580003745323845
8294,0.004110344208075489
8298,0.0030972224194556475
8300,0.003281027828996466
8304,0.009377914307246354
8305,0.006183664915302105
8308,0.003008355593971841
8309,0.004389134694529391
8312,0.010636365041136742
8315,0.002848511207760289
8317,0.0038470745031475265
8318,0.011104768526603666
8322,0.014090229142303538
8325,0.009169540918336924
8326,0.003859867619885731
8329,0.009547132128515663
8330,0.005496166911275201
8332,0.007619740704838843
8333,0.004485585640162923
8334,0.007096095490039967
8342,0.003401739437926759
8348,0.002728702851367831
8349,0.005904018359594597
8351,0.004358041546186169
8353,0.004327307842361197
8361,0.009466493710694789
8372,0.007037323106580538
8377,0.004656371704895896
8379,0.005037074947564822
8380,0.003368266565768525
8384,0.006630056654248654
8394,0.012103409593015221
8401,0.005478569637368279
8403,0.003109470440182396
8407,0.06070389204560068
8408,0.005953510319704629
8409,0.007584704298462702
8410,0.00472755961701885
8411,0.0067727272398769855
8412,0.0025984898623706465
8413,0.006259527928646534
8414,0.013020602147350851
8419,0.003561983350664377
8422,0.004116883501410484
8424,0.002222254772587426
8438,0.0069278692776557575
8440,0.024353606858814495
8444,0.005760592215879167
8448,0.007775228542759437
8451,0.009189272902358187
8452,0.015029495191429891
8453,0.0034685316864726213
8457,0.007634205987505107
8462,0.004297619219869375
8463,0.0048959470735609
8467,0.003460605861619115
8471,0.010299741129816383
8472,0.003181818198797156
8474,0.00677742073640775
8476,0.009006508767640226
8479,0.007919309317048385
8483,0.0054197748770150635
8485,0.012826881130398525
8487,0.00587172815485369
8490,0.0034416665214901756
8499,0.006026930736052257
8500,0.003956782479907187
8501,0.0077606454546577065
8503,0.004862810504627648
8504,0.0064850571962638435
8509,0.0030707710725447444
8512,0.004541186633407809
8514,0.004536665815819976
8517,0.0076471559297424775
8518,0.0051522263202086836
8520,0.0037361285922884436
8521,0.026821602240230898
8525,0.00816626528163412
8529,0.008589195231943167
8533,0.004175277319942885
8534,0.003282003495765365
8536,0.0030228242925064326
8537,0.0033707111192646847
8538,0.004691544827982079
8539,0.0036838413493893623
8545,0.006336009836292011
8547,0.005847037650731414
8548,0.004165881053828938
8549,0.0026424749316305302
8558,0.003346154000610113
8559,0.0040399368142531675
8560,0.007277059749911824
8562,0.003216715844834345
8566,0.005889927863699291
8568,0.004833333194255829
8570,0.006176909665228014
8576,0.0074610929820541246
8579,0.0035520836245268583
8582,0.011250000286225074
8583,0.011636080231520348
8584,0.009633321143993253
8592,0.008147266625875487
8593,0.010174243710935116
8600,0.004307946445367751
8602,0.0036333331372588873
8603,0.01141566694109782
8605,0.003937500063329935
8608,0.004954545758664608
8611,0.0042708334513008595
8612,0.04353346584435101
8622,0.003671328628225665
8624,0.004295454826205969
8633,0.006327421630090641
8640,0.0066437044015695
8642,0.008810214301472039
8643,0.007116459764188068
8644,0.0045924914839404335
8647,0.002257583953571073
8650,0.008575833997838005
8654,0.003733524873808015
8660,0.02279320844570438
8664,0.028019218437539458
8665,0.0076363642522322295
8667,0.004200000315904617
8670,0.01702685711454022
8676,0.007064922463202862
8679,0.010272026624671216
8684,0.0028030304475746832
8685,0.003458333238153517
8686,0.0040616955985758795
8687,0.003687500022351742
8689,0.006707135638700452
8691,0.013641587322078055
8693,0.002780626398362415
8694,0.00456060626071061
8695,0.0063472225177762034
8696,0.009063919375260032
8708,0.004122647921438067
8710,0.005663858530528248
8714,0.0065869960587385075
8717,0.0037779132782002557
8718,0.006852563936263323
8724,0.010659502550892517
8727,0.02032105187450194
8728,0.0031923368843572754
8729,0.013098957610697815
8730,0.013061806026945845
8732,0.0037045455537736416
8735,0.0033254105711908216
8739,0.009370372153699368
8740,0.007355271042358372
8744,0.012083960356105563
8755,0.005818181671202183
8758,0.003462254520385496
8759,0.00243231296100544
8763,0.04189757988365494
8764,0.004559187587792165
8775,0.005226298030647495
8776,0.0021667712139607103
8781,0.007091667037457228
8783,0.005241506089528342
8785,0.008333333505251894
8789,0.004012862887633133
8791,0.0034515440292147794
8792,0.005767169483432187
8795,0.013307749379680557
8796,0.004397727242361444
8797,0.0053778937793047795
8803,0.00836965040762325
8804,0.023199728299998945
8805,0.017530303448438644
8814,0.0060947985435149225
8815,0.005825757514685392
8816,0.00530653994667378
8819,0.0031604392928073414
8822,0.0046215948848918765
8823,0.006118591173958833
8829,0.0038319665445007843
8831,0.00442424276843667
8834,0.012019891916697592
8835,0.002909751278411147
8841,0.0032122143479397136
8843,0.0033939394969576993
8846,0.008282055151999316
8849,0.003714750607053871
8853,0.004375000175244214
8859,0.009183341131884924
8867,0.005823550399306208
8869,0.002858157865269933
8870,0.004113636575206074
8872,0.007988695568067635
8875,0.008836549860696609
8877,0.009416666813194752
8881,0.0036470590137871214
8882,0.008670087634867828
8884,0.0032880028868599457
8887,0.0031104579021319074
8895,0.007182798700844513
8899,0.0040362760780701026
8900,0.004770833533257246
8908,0.019626426096669314
8910,0.01879392672357157
8913,0.006384466760439012
8917,0.004787493589939467
8924,0.006090617130125544
8927,0.004512396809570706
8937,0.004416666924953461
8941,0.002672766236156117
8943,0.006555242477570342
8944,0.008032242345634617
8945,0.00434722239151597
8948,0.009287370111263224
8951,0.02543696863392792
8952,0.006828647606257862
8955,0.004119791556149721
8956,0.00770494508447331
8957,0.004481716735102656
8960,0.013090909458696842
8962,0.0038181823767627567
8963,0.006052631884813309
8967,0.005134679039273709
8969,0.006954349680189122
8970,0.004204545774066015
8973,0.0027980818989597938
8975,0.0035791028336749683
8978,0.015590556590508361
8979,0.004519908619270466
8981,0.004915543119594265
8984,0.008637631031847368
8986,0.014200174379660648
8997,0.03185614952773309
9008,0.006468684243578133
9015,0.004109170519106163
9016,0.008450691178455021
9017,0.006397602313646927
9019,0.018114658157828162
9020,0.008225637439160488
9025,0.014072628279346307
9031,0.0037692308455421985
9034,0.005676446473340067
9035,0.012077311607914719
9036,0.005299711217309615
9047,0.005644276175041532
9050,0.011758187201193614
9051,0.00380863188191872
9052,0.009128789189913238
9054,0.004816124525231387
9056,0.045432481085674284
9059,0.0027121367552705436
9061,0.0038978253627404624
9077,0.005669812156224243
9080,0.006477947720419872
9081,0.0246246854026382
9084,0.02444685174366047
9085,0.020862946725094342
9087,0.004083333197663459
9090,0.007433858234435319
9092,0.004400271722880616
9095,0.0037090906878119597
9101,0.03753692867752758
9105,0.02629364654701273
9106,0.005779792586116529
9108,0.004097365416031192
9112,0.004535084718812251
9113,0.022892509363302893
9114,0.0065053449239755095
9116,0.01185460642462717
9119,0.001966887974793012
9121,0.005298021637116612
9129,0.005886363796889782
9130,0.007163737582428943
9134,0.007794948705807644
9139,0.007296007762763908
9140,0.0032046092430185074
9141,0.006568444511408573
9142,0.0023766499582471277
9145,0.00581818213686347
9148,0.0036796982900015257
9150,0.004460668933181226
9151,0.004629079684024529
9152,0.0074122170226009875
9155,0.004264901718439148
9158,0.008282055151999316
9163,0.02135514990231206
9174,0.02209675073657193
9178,0.004494189793371161
9185,0.0044651736031866545
9191,0.0040629372310669355
9193,0.010014702088312974
9194,0.0042500003743110954
9195,0.013386861067875441
9196,0.013199722895058252
9199,0.005989639766276289
9200,0.003848824643120766
9202,0.02261035248546838
9203,0.0032083336263895035
9205,0.006174521709723147
9209,0.0041594257947149705
9211,0.014825792983407212
9216,0.012128979992144746
9218,0.006348099553956184
9219,0.0036666666144851215
9220,0.0040641027816184
9222,0.0029741124176984094
9225,0.012284830634121925
9226,0.0030502223544322084
9228,0.0031768734622527792
9232,0.004833333194255829
9237,0.0032578375369879094
9240,0.007053030485012034
9246,0.0032143960344456334
9250,0.006876751751398841
9255,0.00809889167354394
9257,0.004967715074528296
9265,0.007429357959042791
9266,0.00460449591310237
9267,0.003045636380769482
9268,0.0037520660553127527
9270,0.03237418600533432
9278,0.009207427247363825
9279,0.0045384617364460245
9282,0.005923938598224363
9283,0.004016427977756318
9293,0.019084205075438936
9294,0.0031571576078814785
9295,0.0038365758007038757
9296,0.0036707358086278145
9299,0.004759740550071001
9301,0.040440639398505764
9302,0.003113636514171958
9308,0.0061313132755458355
9310,0.003590391390933882
9314,0.004330429169038466
9315,0.004426151116279161
9316,0.0027202425581533724
9320,0.005934930630433473
9323,0.004858790303315669
9324,0.005893939174711704
9329,0.0028612253110703043
9331,0.006260740974786192
9341,0.0060384540829577435
9342,0.0046565660207282455
9344,0.0027745331201011144
9345,0.0024250287545840724
9347,0.006834181718817984
9349,0.00837154409080319
9352,0.0036283258854538
9354,0.006833333522081375
9356,0.00572916679084301
9358,0.009854203134320562
9362,0.003675519240667024
9365,0.0065053449239755095
9373,0.00730502233078047
9374,0.0022060688847392257
9380,0.008907643739515076
9381,0.0031313132494688034
9382,0.0027552979376360824
9383,0.004318182356655598
9386,0.009487421576247629
9388,0.0034901862983829635
9391,0.004216900126376031
9393,0.011165651907316667
9396,0.0030167870026498204
9397,0.012998447273737956
9398,0.0041594257947149705
9400,0.0053419399497437615
9406,0.006298133409292132
9419,0.008343661635057736
9420,0.0038409094430066535
9423,0.004546855193234198
9427,0.036330621880526846
9439,0.04714443766942587
9444,0.0032438665973574528
9446,0.0025378952261524393
9447,0.002614608386794171
9451,0.004985712886252074
9454,0.0033030303315173116
9460,0.005095997675051612
9463,0.011545456014573574
9464,0.003929429523023621
9469,0.00427272729575634
9474,0.004351675816422464
9477,0.005074694205753675
9478,0.004833333659917116
9479,0.0031140198240349605
9480,0.006939393933862448
9485,0.020165083528395945
9486,0.0025256168188433604
9488,0.0051401429832918805
9491,0.006406098410147623
9495,0.007901514880359173
9504,0.0023684823742857386
9505,0.006022727829233002
9506,0.00310609098140753
9512,0.02236196003639087
9516,0.03408819525152125
9517,0.018227616886748732
9523,0.007502349607658577
9528,0.0024723668012625504
9532,0.006552093506169582
9535,0.004053048505842552
9536,0.0059791672974824905
9537,0.007791432946436918
9545,0.0036484853344848117
9548,0.006723378220431937
9551,0.006144809570986983
9555,0.005117883374199558
9556,0.004637325333236203
9562,0.006677083671092987
9566,0.0032999997784864043
9569,0.007619740704838843
9570,0.03222984887676317
9574,0.012722222934444194
9576,0.011893946741025032
9578,0.019148070447633163
9580,0.00554068277830551
9584,0.0031030550636942647
9587,0.007139304216958584
9589,0.003695543378938076
9600,0.004297080699183936
9601,0.003537978091055705
9602,0.007114244048106623
9603,0.007796037229531167
9604,0.0042500002309679985
9607,0.008446031286390269
9610,0.01602351973375907
9611,0.006814319527679814
9614,0.0061363643035292625
9616,0.007467269422018318
9617,0.0056284892324579006
9619,0.0028195913223618193
9620,0.005929232427930014
9627,0.018354038924265712
9628,0.009529993656969616
9635,0.0076640190925890694
9636,0.016045116111924947
9639,0.028374146408801766
9641,0.0037430557422339916
9650,0.0055849976462916855
9651,0.008436037147164746
9652,0.0029637533249685165
9659,0.0030655300342618754
9661,0.009153846425879266
9662,0.005181170659403848
9666,0.007110883521973886
9667,0.004937247434529916
9668,0.01391642634687229
9669,0.0022273051904602463
9671,0.005409387700100389
9680,0.016045116111924947
9681,0.005531756620258876
9683,0.003032117037481723
9685,0.004949883573867192
9686,0.0027083638572478986
9687,0.009397337196274167
9689,0.007954953369251578
9691,0.004352564457803965
9692,0.0028712120838463306
9694,0.00557669615883042
9695,0.008741258398335587
9697,0.0225101670748213
9698,0.0025486114900559187
9707,0.004405112286284846
9708,0.009908602109761588
9709,0.00380863188191872
9714,0.0023809675329066037
9724,0.004150000068159491
9726,0.004066263451796397
9728,0.007562499959021807
9729,0.006034015176459591
9734,0.004878787983315558
9740,0.006419690672569506
9741,0.0033959765768863557
9742,0.008836549860696609
9744,0.0033333336776781527
9751,0.008629029744569512
9755,0.007697618087866837
9757,0.00405791500782644
9760,0.005060606170445681
9762,0.010514279147207171
9765,0.004583333792382906
9768,0.036512372544383255
9769,0.00504257942466743
9779,0.013802017588294144
9782,0.037374685633723564
9784,0.0043806820176541805
9789,0.015121571893614441
9795,0.009705883585648792
9797,0.004848484881222248
9798,0.004931818228214979
9800,0.0029945009262618925
9803,0.020919861664628076
9804,0.005702479742467403
9805,0.010715485366131667
9811,0.006083333648920104
9812,0.005859567944699152
9818,0.004058956116657759
9822,0.011702239076031927
9824,0.007545454427599907
9831,0.004127535978800269
9833,0.0023583386502796693
9834,0.01694082239305983
9835,0.015164780390904627
9838,0.0034166667955664617
9841,0.006590247726094451
9842,0.0031439396784465946
9843,0.00329874148422344
9848,0.006243311090217394
9849,0.013288542180559424
9852,0.0060969308244819475
9854,0.005912732944278144
9859,0.004755413032337841
9861,0.006947910388518021
9864,0.005965035408735275
9865,0.0031439396552741528
9867,0.003147830524549138
9872,0.041324313150108136
9874,0.004462121383252778
9875,0.016250001089836052
9877,0.003635520105480507
9878,0.0038462518532132806
9879,0.004363636486232281
9880,0.012041337896631227
9885,0.005471619568480107
9886,0.0062500000931322575
9904,0.005083333235234022
9906,0.03589797798179925
9917,0.017569832547112946
9918,0.004039027381485277
9919,0.007703674442471786
9921,0.010057330907516464
9923,0.004338710133226648
9924,0.00412121182307601
9928,0.019948987079265866
9929,0.006188219933551449
9930,0.013927220134937888
9933,0.007552722638457078
9939,0.002962573460747133
9946,0.007169831027613342
9948,0.0021948289909479463
9961,0.0020489584791741166
9962,0.007363636663454187
9965,0.0560417141505454
9967,0.003673611441627145
9976,0.009148282144255015
9977,0.00604166788328276
9980,0.002738129691248534
9981,0.004924561427107347
9988,0.004266981540082913
9989,0.002533394331741304
9993,0.003458333434537053
9995,0.007610237426523918
9997,0.007264010869439343
9998,0.002906862675219543
9999,0.004500000271946192
10004,0.005881751865142955
10006,0.011376297726219268
10008,0.003702479414641857
10009,0.007032963654194535
10014,0.004393939860165119
10015,0.004644346232711151
10020,0.002909751278411147
10021,0.005812095937725026
10027,0.006178643123138901
10029,0.004441310219358625
10030,0.006729818339091398
10033,0.003594405483454466
10034,0.010816786206735166
10035,0.003165430147198494
10037,0.008789756583111843
10039,0.0034425107474133996
10047,0.004416666924953461
10050,0.0200222141888886
10051,0.004659090836402695
10056,0.004093873878965626
10057,0.00857144445120342
10062,0.006775776441221827
10064,0.005515151414435676
10065,0.012175684379076965
10068,0.002089294514654446
10072,0.006351835093926521
10074,0.004266981540082913
10081,0.003741343196462369
10083,0.004869754437709315
10085,0.005642248001103328
10089,0.030608675813628014
10093,0.0037455978101409576
10099,0.018685636592916652
10100,0.004164177831588395
10102,0.030015685274884022
10104,0.0054513893433000915
10106,0.004718404828246369
10108,0.01043902290111655
10111,0.005202984391234464
10112,0.004774776805088829
10115,0.0020677187174016477
10117,0.013432555324387502
10119,0.00613513866648596
10120,0.013717696466232818
10123,0.005563472202930355
10127,0.006251406973257203
10131,0.010969151488208836
10132,0.004261755983611402
10134,0.0034455825184840105
10136,0.007259079965532933
10142,0.0043750000186264515
10145,0.005840257756881533
10152,0.005504766265342581
10155,0.03753692867752758
10156,0.003675519240667024
10158,0.012744014788578303
10160,0.0035734267439693213
10162,0.0040209791623055935
10164,0.005443779040532288
10165,0.003250000299885869
10168,0.003591639137223445
10171,0.004363636020570993
10173,0.005082947115042853
10179,0.004027778282761574
10180,0.010242260949908344
10185,0.024970335986956155
10193,0.005898989737033844
10195,0.004303030353134988
10197,0.004232630132930178
10207,0.006979113217619292
10208,0.008921718897000348
10215,0.017822211854687103
10216,0.006561379733167739
10218,0.002878955863374275
10219,0.03454414105346052
10224,0.006969344933433671
10229,0.007029031835488041
10230,0.025021056275023882
10233,0.010364850321386367
10234,0.014825792983407212
10236,0.005699079448988819
10239,0.0066437044015695
10241,0.018708237512286348
10249,0.01253506215394035
10251,0.007727272662414025
10253,0.003263888908178686
10255,0.009666153828064539
10258,0.0043787881731987
10259,0.0077647591741239995
10261,0.014312243135657628
10266,0.05770609907761201
10268,0.01641666702926159
10270,0.008190476335585117
10272,0.011442349077497915
10273,0.03208318947683755
10276,0.02455112913767378
10277,0.0045530302450060844
10278,0.004612868440168168
10281,0.004565380046725884
10282,0.002900109803639436
10284,0.008474234727735994
10293,0.004258742090314627
10294,0.023941539766168633
10296,0.018860903605595173
10298,0.004666666965931654
10300,0.004396558508219183
10304,0.0038584781716670636
10310,0.003983548623338532
10313,0.004567883858793965
10317,0.03097388914745059
10320,0.01613594168505093
10324,0.004509392652891634
10325,0.00361052237978104
10330,0.013470447983450222
10331,0.004796662380980343
10334,0.0045236442430225746
10337,0.003336434657088099
10346,0.007102017179452895
10348,0.0044909093330913995
10353,0.005278525570797365
10354,0.0032653326714664295
10358,0.0023917630621658045
10360,0.0030000002589076757
10370,0.004799173178724622
10384,0.010790209285914898
10388,0.009246206218453608
10389,0.0036567993072928436
10391,0.007732473177219118
10392,0.0037578276600050585
10395,0.0068378067470828
10400,0.0029375326032437072
10402,0.006459752581552488
10408,0.007201137670303459
10414,0.012805445495388321
10415,0.01341996643954022
10416,0.004462121383252778
10421,0.0031894681442279304
10424,0.026561617800487564
10428,0.0029510490291908657
10434,0.010192627628003397
10435,0.02406575557805839
10436,0.0037333332479294
10440,0.004272727761417627
10442,0.021560160199119226
10448,0.018536467949838143
10450,0.00862663051543865
10451,0.01218181834575958
10452,0.003529561076568969
10453,0.00433673601005777
10455,0.004301379662296807
10462,0.009197384961159953
10464,0.005840909201651812
10467,0.003915840108483232
10471,0.006974359508603811
10472,0.004053030285549241
10476,0.008927009936173382
10477,0.00450334932661384
10484,0.006510488768943096
10489,0.006223340589570817
10494,0.011628403602702207
10495,0.005121470510572564
10503,0.007122933884330837
10504,0.008657289278363027
10506,0.004872432238137977
10508,0.021450488156005348
10509,0.002291878571414309
10513,0.005431151276519072
10514,0.0035963818533604566
10517,0.013654714979829416
10519,0.0033223138327744565
10521,0.0033864413446761435
10522,0.006111111528365671
10524,0.008559132559948314
10527,0.010392943954933181
10530,0.005491258087445719
10532,0.016393230558205588
10534,0.0031890209199370227
10535,0.003008355593971841
10536,0.0034090911845063403
10538,0.004758333321660757
10539,0.006373667253321539
10543,0.018739316817657156
10545,0.010041430593235584
10546,0.0029500724872838307
10547,0.005416666842062259
10550,0.011157549963111236
10557,0.005187500011460927
10559,0.004507576115429401
10563,0.007368423920576574
10574,0.010555361303710199
10583,0.011545455083251
10584,0.0028712120838463306
10588,0.0021131821123163037
10590,0.003544971349300497
10593,0.011200484106371663
10596,0.005272222217172384
10598,0.011073786001694397
10606,0.014472511035715542
10610,0.004864144491003353
10612,0.006755846074371729
10613,0.0027980818989597938
10617,0.006339221990616747
10619,0.008032242345634617
10624,0.01449408525823205
10627,0.0048040532419436136
10634,0.003272727597504854
10637,0.006611161037141171
10642,0.0027436098415371023
10654,0.04076341435426872
10656,0.012139860540628433
10657,0.01646958868000419
10659,0.003950100255979653
10661,0.003987730999665149
10664,0.005202984391234464
10672,0.003560606198017161
10676,0.003892881292724019
10683,0.011820391374778735
10684,0.007358186068567585
10686,0.010900000702504978
10693,0.01965665178679472
10696,0.003390926115201317
10699,0.038199349167489134
10704,0.010636365041136742
10706,0.0043571429945683145
10707,0.02431735375005996
10709,0.0028541667852550745
10712,0.04402914259859426
10715,0.005212337273762475
10716,0.00479166647575369
10717,0.010209791173994965
10725,0.0032046092430185074
10727,0.00519796366116093
10731,0.003313248711222446
10734,0.013313992290843067
10742,0.005884259473532438
10744,0.015420676197155179
10747,0.010231304574905932
10754,0.0046675384022988545
10757,0.013864214832503947
10761,0.007548231809735614
10762,0.0030972224194556475
10763,0.00484551557915662
10765,0.002492681605914651
10772,0.007552722638457078
10773,0.00490909069776535
10781,0.006468684243578133
10784,0.03971133219876067
10785,0.007629632823778002
10792,0.007573262465222049
10793,0.0038914759756909197
10805,0.01185460642462717
10807,0.00816626528163412
10808,0.0041250004433095455
10809,0.004230985406958075
10811,0.005654852457598846
10815,0.0055000001925483225
10816,0.00463611635514103
10819,0.0025227272474454077
10823,0.01714924087868569
10825,0.0030277937346877017
10829,0.006341720652871558
10834,0.003562073787233216
10836,0.006820176205816502
10839,0.00569557251930833
10841,0.0029286189806731673
10842,0.004074156750110008
10849,0.0042025048103370745
10855,0.008597678435017584
10858,0.00794696994125843
10859,0.0041969697922468185
10862,0.03935004357704074
10864,0.0030378790491473215
10865,0.008381554461683996
10866,0.0867286110615887
10869,0.007025641389191151
10871,0.009234952395229926
10875,0.006333333905786276
10876,0.003055321258427792
10878,0.005923938598224363
10884,0.004034357729397489
10885,0.014325522660238427
10891,0.009843687948643433
10894,0.0034114618134871407
10904,0.002927604197948579
10907,0.004756597613752313
10918,0.005265962186349343
10926,0.002895850233037782
10929,0.00615384615957737
10931,0.005303279151762741
10935,0.0033847053932823906
10936,0.009133334271609783
10940,0.026159099396574317
10941,0.007822906496909206
10946,0.0023541667067337986
10949,0.003326458890523429
10950,0.004597807050153714
10952,0.003006029017695798
10953,0.006366114792346239
10965,0.004314066683950388
10966,0.009926884389936804
10971,0.007029031835488041
10972,0.029309864609848562
10974,0.0034364613147313205
10975,0.002769230864942074
10978,0.003640548984859456
10981,0.02592418714938579
10984,0.00928118923191325
10987,0.026021783299526154
10989,0.003106543258746383
10990,0.0021131821123163037
10991,0.02878718356229039
10994,0.008657624491842784
10995,0.0030648252476942026
10996,0.0068581076136856114
10998,0.008750000037252903
11003,0.0041405426426347
11006,0.003178667848665201
11009,0.006997755724586458
11010,0.0027980818989597938
11011,0.005515151414435676
11012,0.009289986108809106
11014,0.015109625004770366
11019,0.009570453592645255
11020,0.0027261961716809223
11021,0.0023382562433308207
11024,0.009843687948643433
11027,0.007122933884330837
11035,0.005374999933464582
11036,0.005510031462584839
11039,0.007508485583298767
11040,0.005159372953704094
11043,0.004994105792549192
11045,0.0029909153076838474
11047,0.004248949047364341
11051,0.003635520105480507
11059,0.006166667211800814
11065,0.004723066738875367
11067,0.009606061295554262
11071,0.008387189819359889
11076,0.003694444521935575
11077,0.003834571861937944
11079,0.004507576115429401
11080,0.005195817145094868
11084,0.002696036911998284
11086,0.004978081727296553
11089,0.006759303778216194
11093,0.0037640619854284177
11094,0.003608498776286829
11097,0.0038676748396798493
11102,0.004255240471140724
11103,0.006891979333353315
11105,0.011693326720726148
11107,0.006828647606257862
11109,0.004235185392128285
11113,0.002970606310697839
11116,0.002944490384683339
11118,0.0034296481964027235
11121,0.012221981201644135
11123,0.0022727518169981154
11126,0.00378010377381486
11129,0.005718221400509734
11136,0.0030694445595145226
11138,0.007887425452375762
11140,0.0059090908616781235
11146,0.009409283712030269
11150,0.019231098267373428
11157,0.010905890085108654
11161,0.007754384999161819
11169,0.0031439396552741528
11171,0.004299278573882254
11174,0.006893940269947052
11177,0.005063202613943716
11180,0.004590909170612383
11182,0.007998725388662073
11184,0.018306521620814743
11187,0.004433414487298145
11189,0.009132400351159869
11193,0.003980581495989134
11194,0.004372864271923769
11195,0.0028825947376972783
11197,0.005303279151762741
11198,0.0025441374330007977
11199,0.003358974386334734
11200,0.002358984948497123
11203,0.006818182300776243
11206,0.013381740041766487
11207,0.004041666630655527
11211,0.017858025983300142
11212,0.002448210722475007
11213,0.0036909093614667654
11216,0.006336009836292011
11217,0.006270959597801969
11219,0.002386379294157043
11223,0.006393127067810589
11225,0.010000000513808732
11226,0.0027121367552705436
11228,0.007936103798348432
11231,0.0068378067470828
11232,0.00353787889920462
11233,0.01025605545488446
11241,0.0034377902776941893
11249,0.0055000001925483225
11250,0.020486050918158007
11252,0.005958333409573696
11256,0.0022879217427142877
11263,0.006160468114253527
11267,0.008055830234626766
11268,0.002929376440006745
11271,0.009926884389936804
11275,0.006412112688371843
11276,0.004173794002548162
11278,0.0031347873024027643
11287,0.004183333832770586
11288,0.004106611741190182
11291,0.002924291998584398
11294,0.006219046142173055
11300,0.002939210266280555
11306,0.0022727518169981154
11310,0.01694696955382824
11311,0.0035242195761135855
11312,0.008252525702118874
11313,0.012923322346925024
11316,0.003263888908178686
11318,0.00840398664911126
11323,0.02327996718194906
11328,0.014791154025635344
11334,0.0497246538984065
11350,0.0032188563444494464
11351,0.0040230047564173855
11352,0.010858176229277098
11360,0.005307987868104891
11364,0.03878419329236451
11367,0.004242424853146076
11369,0.00893610219742938
11371,0.0035833334967132566
11374,0.011299702384986338
11376,0.011289301484862348
11379,0.0037760980044512314
11380,0.0034296481964027235
11383,0.003054280249564018
11388,0.009416666813194752
11392,0.01043902290111655
11393,0.007827002388849263
11394,0.0074188763050539
11397,0.00862663051543865
11402,0.0037945366930798776
11406,0.003621654027293241
11408,0.002590909141437697
11414,0.006256829351387037
11416,0.00405785127743896
11417,0.0039092402057044505
11419,0.014067367963571133
11421,0.008894064717989663
11423,0.004570346070273269
11424,0.005563472202930355
11425,0.0036034629258454576
11426,0.0038484849501401186
11428,0.0020489584791741166
11431,0.004191700405741418
11432,0.0027277795403448674
11433,0.021864472018570173
11434,0.0034868696419916682
11437,0.0021409891847596523
11440,0.005972727667540312
11442,0.004072222393006086
11443,0.006512611181477318
11445,0.0078125
11447,0.00295833358541131
11450,0.005010644880466481
11454,0.004221667423699947
11463,0.0037114611361874442
11465,0.04353346584435101
11469,0.010809395324637231
11472,0.004214705350671628
11476,0.003054280249564018
11479,0.0042708334513008595
11483,0.003856150882081535
11486,0.00676470622420311
11487,0.005708333564571483
11489,0.006129925038407492
11494,0.004527777899056673
11495,0.007474673609231829
11496,0.0038809524849057198
11497,0.00429166667163372
11498,0.00549390893820771
11500,0.00725549386970738
11501,0.002876089799458221
11502,0.016817466691918866
11504,0.007516327751676986
11507,0.005505782787048332
11511,0.002669929160295643
11514,0.010715485366131667
11523,0.015251913232876491
11524,0.013365271850809308
11526,0.003763689586467003
11527,0.007508485583298767
11530,0.04313278346452662
11532,0.01166816224502672
11533,0.005989639766276289
11535,0.03351228653445606
11536,0.005492725325261587
11537,0.00370833370834589
11538,0.008526798335601982
11539,0.012662375984407424
11545,0.006259527928646534
11547,0.009818182326853275
11549,0.014753616781997056
11551,0.010338657475760144
11554,0.005674242507666349
11555,0.0042060072640682285
11557,0.01006872855568415
11558,0.003618518773861794
11559,0.004720182148620922
11560,0.06386091178560235
11569,0.0031752768720803627
11571,0.007148792620079425
11575,0.0035242195761135855
11576,0.0560417141505454
11578,0.006237263634761786
11579,0.003796421394667817
11580,0.004385209173370721
11583,0.012998447273737956
11584,0.003202059499327411
11588,0.004244766286538207
11592,0.006884026453683814
11597,0.012766455830906027
11600,0.005405813233580354
11601,0.013027400905781089
11602,0.006524926873245823
11604,0.011664215468799933
11606,0.018977647455826984
11607,0.00405806711045585
11608,0.018437964936742098
11611,0.0041299663184485
11612,0.010535865407749158
11616,0.006662013705877601
11621,0.004488095341757532
11625,0.0628315551887901
11626,0.008957377962034946
11627,0.0036363638937473297
11628,0.02592418714938579
11629,0.008523514600031434
11633,0.007038248249914876
11636,0.005910135948484161
11638,0.0019405168689839555
11641,0.0035759652770890812
11642,0.004763736874335563
11645,0.005319581370219443
11647,0.0024272983923561875
11650,0.004742674265107152
11651,0.006000000052154064
11654,0.004175000027670737
11656,0.0067346615558567
11660,0.011605708880588006
11662,0.003699119576521052
11663,0.003901869859339152
11665,0.003643467338526564
11667,0.0062291671308402595
11678,0.0033223138327744565
11679,0.00431936568926175
11681,0.005731230883463886
11682,0.011607646300180513
11683,0.004601094070912828
11685,0.004058362215465793
11686,0.0038863641675561666
11691,0.05434270359055938
11700,0.0055210363964295645
11701,0.004256944637745619
11705,0.003647491613355919
11709,0.003943182062357664
11711,0.0034965796680086034
11713,0.004860479601305588
11719,0.02767751058533313
11722,0.004477272275835276
11727,0.0037443023981961064
11729,0.005393044962649026
11730,0.004257472153733479
11731,0.013098957610697815
11732,0.0026667359146254825
11734,0.03353803729203886
11741,0.008295289400539254
11743,0.013567226808252678
11747,0.007112280872752217
11749,0.0035723452330535506
11754,0.0035005737021313924
11755,0.005927535186683101
11757,0.005389587920965829
11763,0.00521970697065895
11764,0.0026534126502552324
11765,0.006749999526318486
11767,0.007569165400802999
11774,0.003338889017068623
11781,0.004709279854139386
11782,0.008742225230174247
11785,0.009719490808851422
11787,0.0038052733118777897
11789,0.003416667226701975
11792,0.0040325503542490175
11798,0.006611161037141171
11802,0.0027662752477755383
11809,0.0032109319348033556
11811,0.0037397810038589975
11813,0.0026365043944766536
11815,0.005272727459669113
11817,0.013375000096857548
11818,0.003918294939830821
11820,0.004383768030111828
11825,0.024845741412998973
11827,0.0043155988372669506
11832,0.003336434657088099
11839,0.014549811452414785
11842,0.005812095937725026
11845,0.005992098462589274
11848,0.004655067319801265
11850,0.010114363196954992
11853,0.020071581999554014
11860,0.008757271065424907
11879,0.009636905769183841
11883,0.0053397437847990505
11886,0.010375159770943398
11890,0.004181818570941687
11894,0.016235136102105273
11901,0.005435297042191974
11902,0.007211766850131546
11903,0.00426037682867305
11904,0.0035991474970822135
11905,0.005754222109667895
11906,0.00322227924153913
11909,0.004014818938043799
11915,0.007381277037288404
11916,0.0040606060065329075
11917,0.0042880633578103134
11920,0.007672727278476359
11921,0.010504849522208518
11923,0.011743581695908322
11924,0.0034346139307894702
11925,0.01364792614293064
11926,0.004015151411294937
11927,0.005803301104836522
11932,0.007768310277873455
11934,0.002970606310697839
11936,0.004916956683163882
11940,0.0043668945121529265
11941,0.005018557959021248
11943,0.04076341435426872
11948,0.007983942339851217
11949,0.014567320725071735
11952,0.018977647455826984
11957,0.00594478501974614
11958,0.004500000271946192
11959,0.014340029163069505
11960,0.005608701459093708
11961,0.004443929266817095
11962,0.004127535978800269
11965,0.006307117482607708
11966,0.002661489236181838
11968,0.014741115849143737
11972,0.012412519914161663
11978,0.0035991474970822135
11980,0.005182605586102022
11983,0.015709797688952004
11985,0.004382852242039677
11986,0.004777475566214086
11991,0.008770316439580848
11996,0.007520076541044238
11998,0.009358074817649048
